canonical_smiles,true_pIC50,predicted_pIC50,absolute_error,max_train_tanimoto,scaffold,activity_class
C=C(Cl)C(=O)Nc1cccc(Oc2nc(Nc3ccc(N4CCN(C(C)=O)CC4)cc3)ncc2Cl)c1,7.3860564,7.036065721988678,0.34999070119857745,0.7681159420289855,c1ccc(Oc2ccnc(Nc3ccc(N4CCNCC4)cc3)n2)cc1,active
C=CC(=O)Nc1ccc(Oc2nc(Nc3ccc(N4CCN(C)CC4)cc3OC)ncc2Cl)cc1,5.549751,7.0124496781031285,1.4626988732020054,0.7307692307692307,c1ccc(Oc2ccnc(Nc3ccc(N4CCNCC4)cc3)n2)cc1,inactive
C=CC(=O)Nc1cccc(Oc2nc(Nc3ccc(N4CCN(C(=O)C(C)(C)C)CC4)cc3OC)ncc2SC)c1,7.2026315,7.367213238398234,0.1645817648569743,0.6896551724137931,c1ccc(Oc2ccnc(Nc3ccc(N4CCNCC4)cc3)n2)cc1,active
C=CC(=O)Nc1cccc(Oc2nc(Nc3ccc(N4CCN(C(=O)C(C)C)CC4)cc3OC)ncc2SC)c1,7.6020737,7.420782817522684,0.18129085191090955,0.6744186046511628,c1ccc(Oc2ccnc(Nc3ccc(N4CCNCC4)cc3)n2)cc1,active
C=CC(=O)Nc1cccc(Oc2nc(Nc3ccc(N4CCN(C(=O)C(F)(F)F)CC4)cc3OC)ncc2Cl)c1,7.723362,7.442927502314249,0.2804344666798917,0.8,c1ccc(Oc2ccnc(Nc3ccc(N4CCNCC4)cc3)n2)cc1,active
C=CC(=O)Nc1cccc(Oc2nc(Nc3ccc(N4CCN(C(=O)C(F)(F)F)CC4)cc3OC)ncc2SC)c1,7.481223,7.407626831054687,0.07359627532959045,0.6931818181818182,c1ccc(Oc2ccnc(Nc3ccc(N4CCNCC4)cc3)n2)cc1,active
C=CC(=O)Nc1cccc(Oc2nc(Nc3ccc(N4CCN(C(=O)CC(C)(C)C)CC4)cc3OC)ncc2C(F)(F)F)c1,6.1870866,7.408255110104879,1.2211685279210407,0.8117647058823529,c1ccc(Oc2ccnc(Nc3ccc(N4CCNCC4)cc3)n2)cc1,middle
C=CC(=O)Nc1cccc(Oc2nc(Nc3ccc(N4CCN(C(=O)CC(C)(C)C)CC4)cc3OC)ncc2Cl)c1,7.479304,7.435201498985291,0.044102337837219174,0.7804878048780488,c1ccc(Oc2ccnc(Nc3ccc(N4CCNCC4)cc3)n2)cc1,active
C=CC(=O)Nc1cccc(Oc2nc(Nc3ccc(N4CCN(C(=O)CC)CC4)cc3OC(F)F)ncc2SC)c1,7.8826404,7.391128346125285,0.49151201566060365,0.6777777777777778,c1ccc(Oc2ccnc(Nc3ccc(N4CCNCC4)cc3)n2)cc1,active
C=CC(=O)Nc1cccc(Oc2nc(Nc3ccc(N4CCN(C(=O)CC)CC4)cc3OC)ncc2SC)c1,7.524949,7.474118330001831,0.050830743789672894,0.6818181818181818,c1ccc(Oc2ccnc(Nc3ccc(N4CCNCC4)cc3)n2)cc1,active
C=CC(=O)Nc1cccc(Oc2nc(Nc3ccc(N4CCN(C(=O)CO)CC4)cc3OC)ncc2C(F)(F)F)c1,7.69897,7.466433406194051,0.2325364348093668,0.8072289156626506,c1ccc(Oc2ccnc(Nc3ccc(N4CCNCC4)cc3)n2)cc1,active
C=CC(=O)Nc1cccc(Oc2nc(Nc3ccc(N4CCN(C(=O)CO)CC4)cc3OC)ncc2Cl)c1,8.259637,7.459613345781961,0.8000235331853238,0.810126582278481,c1ccc(Oc2ccnc(Nc3ccc(N4CCNCC4)cc3)n2)cc1,active
C=CC(=O)Nc1cccc(Oc2nc(Nc3ccc(N4CCN(C(=O)NC)CC4)cc3OC)ncc2C(F)(F)F)c1,7.69897,7.478119821071624,0.22085001993179354,0.8170731707317073,c1ccc(Oc2ccnc(Nc3ccc(N4CCNCC4)cc3)n2)cc1,active
C=CC(=O)Nc1cccc(Oc2nc(Nc3ccc(N4CCN(C(=O)OC(C)(C)C)CC4)cc3OC(F)(F)F)ncc2Cl)c1,7.69897,7.447505879720052,0.251463961283366,0.6818181818181818,c1ccc(Oc2ccnc(Nc3ccc(N4CCNCC4)cc3)n2)cc1,active
C=CC(=O)Nc1cccc(Oc2nc(Nc3ccc(N4CCN(C(=O)OC(C)(C)C)CC4)cc3OC)ncc2Cl)c1,6.69897,7.425970638910929,0.727000797907511,0.7901234567901234,c1ccc(Oc2ccnc(Nc3ccc(N4CCNCC4)cc3)n2)cc1,middle
C=CC(=O)Nc1cccc(Oc2nc(Nc3ccc(N4CCN(C(=O)OC(C)(C)C)CC4)cc3OCC)ncc2Cl)c1,7.69897,7.387972112019856,0.3109977289835619,0.6896551724137931,c1ccc(Oc2ccnc(Nc3ccc(N4CCNCC4)cc3)n2)cc1,active
C=CC(=O)Nc1cccc(Oc2nc(Nc3ccc(N4CCN(C(=O)OC)CC4)cc3OC)ncc2C(F)(F)F)c1,7.979304,7.4174069455464675,0.5618968912760423,0.8481012658227848,c1ccc(Oc2ccnc(Nc3ccc(N4CCNCC4)cc3)n2)cc1,active
C=CC(=O)Nc1cccc(Oc2nc(Nc3ccc(N4CCN(C(C)=O)CC4)cc3OC(F)F)ncc2SC)c1,7.982005,7.37769313176473,0.6043119875590008,0.7011494252873564,c1ccc(Oc2ccnc(Nc3ccc(N4CCNCC4)cc3)n2)cc1,active
C=CC(=O)Nc1cccc(Oc2nc(Nc3ccc(N4CCN(C(C)=O)CC4)cc3OC)ncc2C(F)(F)F)c1,8.20727,7.415622636795043,0.7916470317840583,0.8375,c1ccc(Oc2ccnc(Nc3ccc(N4CCNCC4)cc3)n2)cc1,active
C=CC(=O)Nc1cccc(Oc2nc(Nc3ccc(N4CCN(C(C)=O)CC4)cc3OC)ncc2Cl)c1,8.259637,7.461690257708232,0.7979466212590536,0.8421052631578947,c1ccc(Oc2ccnc(Nc3ccc(N4CCNCC4)cc3)n2)cc1,active
C=CC(=O)Nc1cccc(Oc2nc(Nc3ccc(N4CCN(C(C)=O)CC4)cc3OC)ncc2SC)c1,8.106447,7.441558607737223,0.6648886121114099,0.7037037037037037,c1ccc(Oc2ccnc(Nc3ccc(N4CCNCC4)cc3)n2)cc1,active
C=CC(=O)Nc1cccc(Oc2nc(Nc3ccc(N4CCN(C)CC4)cc3)ncc2Cl)c1,5.7399287,7.244239551120335,1.5043108287387428,0.7012987012987013,c1ccc(Oc2ccnc(Nc3ccc(N4CCNCC4)cc3)n2)cc1,inactive
C=CC(=O)Nc1cccc(Oc2nc(Nc3ccc(N4CCN(C)CC4)cc3OC)ncc2Cl)c1,8.30103,7.09505944442749,1.2059707145690917,0.8648648648648649,c1ccc(Oc2ccnc(Nc3ccc(N4CCNCC4)cc3)n2)cc1,active
C=CC(=O)Nc1cccc(Oc2nc(Nc3ccc(N4CCN(C)CC4)cc3OC)ncc2SC)c1,7.982005,7.3047125366528824,0.677292582670848,0.7160493827160493,c1ccc(Oc2ccnc(Nc3ccc(N4CCNCC4)cc3)n2)cc1,active
C=CC(=O)Nc1cccc(Oc2nc(Nc3ccc(N4CCN(S(C)(=O)=O)CC4)cc3OC)ncc2C(F)(F)F)c1,7.1870866,7.407891936302185,0.22080535411834745,0.8170731707317073,c1ccc(Oc2ccnc(Nc3ccc(N4CCNCC4)cc3)n2)cc1,active
C=CC(=O)Nc1cccc(Oc2nc(Nc3ccc(N4CCN(S(C)(=O)=O)CC4)cc3OC)ncc2Cl)c1,7.69897,7.438639311790467,0.2603305292129514,0.8205128205128205,c1ccc(Oc2ccnc(Nc3ccc(N4CCNCC4)cc3)n2)cc1,active
C=CC(=O)Nc1cccc(Oc2nc(Nc3ccc(N4CCN(S(C)(=O)=O)CC4)cc3OC)ncc2SC)c1,7.1365285,7.4404156255722045,0.30388713359832753,0.7108433734939759,c1ccc(Oc2ccnc(Nc3ccc(N4CCNCC4)cc3)n2)cc1,active
C=CC(=O)Nc1cccc(Oc2nc(Nc3ccc(N4CCN(S(N)(=O)=O)CC4)cc3OC)ncc2C(F)(F)F)c1,8.259637,7.461700284004211,0.7979365949630743,0.8170731707317073,c1ccc(Oc2ccnc(Nc3ccc(N4CCNCC4)cc3)n2)cc1,active
C=CC(=O)Nc1ccccc1Oc1nc(Nc2ccc(N3CCN(C)CC3)cc2OC)ncc1Cl,5.074688,7.029599077966479,1.9549111202028069,0.7037037037037037,c1ccc(Oc2ccnc(Nc3ccc(N4CCNCC4)cc3)n2)cc1,inactive
CCN(CC)CCC(=O)Nc1cccc(Oc2nc(Nc3ccc(N4CCN(C)CC4)cc3OC)ncc2Cl)c1,6.087247,5.733989734649658,0.353257160186768,0.825,c1ccc(Oc2ccnc(Nc3ccc(N4CCNCC4)cc3)n2)cc1,middle
COc1cc(N2CCN(C)CC2)ccc1Nc1ncc(Cl)c(Oc2ccc(N)cc2)n1,5.131356,5.933985699017843,0.8026299365361531,0.6282051282051282,c1ccc(Oc2ccnc(Nc3ccc(N4CCNCC4)cc3)n2)cc1,inactive
COc1cc(N2CCN(C)CC2)ccc1Nc1ncc(Cl)c(Oc2ccc(N=C=S)cc2)n1,4.816161,5.969752357800801,1.1535912021001176,0.5903614457831325,c1ccc(Oc2ccnc(Nc3ccc(N4CCNCC4)cc3)n2)cc1,inactive
COc1cc(N2CCN(C)CC2)ccc1Nc1ncc(Cl)c(Oc2ccc(N=[N+]=[N-])cc2)n1,4.820161,5.918857946395874,1.0986970806121823,0.5833333333333334,c1ccc(Oc2ccnc(Nc3ccc(N4CCNCC4)cc3)n2)cc1,inactive
COc1cc(N2CCN(C)CC2)ccc1Nc1ncc(Cl)c(Oc2ccc(NC(=O)/C=C/CN(C)C)cc2)n1,5.236572,6.123369873364767,0.8867980845769248,0.6781609195402298,c1ccc(Oc2ccnc(Nc3ccc(N4CCNCC4)cc3)n2)cc1,inactive
COc1cc(N2CCN(C)CC2)ccc1Nc1ncc(Cl)c(Oc2ccc(NC(=O)CCO)cc2)n1,5.2132487,5.838894153912863,0.6256454242070522,0.7530864197530864,c1ccc(Oc2ccnc(Nc3ccc(N4CCNCC4)cc3)n2)cc1,inactive
COc1cc(N2CCN(C)CC2)ccc1Nc1ncc(Cl)c(Oc2ccc(NC(=O)CO)cc2)n1,5.9746943,5.837822637557983,0.1368716144561768,0.7215189873417721,c1ccc(Oc2ccnc(Nc3ccc(N4CCNCC4)cc3)n2)cc1,inactive
COc1cc(N2CCN(C)CC2)ccc1Nc1ncc(Cl)c(Oc2ccc(NC(C)=O)cc2)n1,5.442493,5.878711722691854,0.436218760808309,0.6835443037974683,c1ccc(Oc2ccnc(Nc3ccc(N4CCNCC4)cc3)n2)cc1,inactive
COc1cc(N2CCN(C)CC2)ccc1Nc1ncc(Cl)c(Oc2ccc([N+](=O)[O-])cc2)n1,5.0013046,5.840551501909892,0.8392468754450482,0.6704545454545454,c1ccc(Oc2ccnc(Nc3ccc(N4CCNCC4)cc3)n2)cc1,inactive
COc1cc(N2CCN(C)CC2)ccc1Nc1ncc(Cl)c(Oc2cccc(N)c2)n1,5.187755,5.927483582496643,0.7397284746170047,0.6973684210526315,c1ccc(Oc2ccnc(Nc3ccc(N4CCNCC4)cc3)n2)cc1,inactive
COc1cc(N2CCN(C)CC2)ccc1Nc1ncc(Cl)c(Oc2cccc(N=C=S)c2)n1,5.251037,5.925851658185323,0.6748145373662311,0.6585365853658537,c1ccc(Oc2ccnc(Nc3ccc(N4CCNCC4)cc3)n2)cc1,inactive
COc1cc(N2CCN(C)CC2)ccc1Nc1ncc(Cl)c(Oc2cccc(N=[N+]=[N-])c2)n1,5.2062097,5.859629543622335,0.6534198840459187,0.6585365853658537,c1ccc(Oc2ccnc(Nc3ccc(N4CCNCC4)cc3)n2)cc1,inactive
COc1cc(N2CCN(C)CC2)ccc1Nc1ncc(Cl)c(Oc2cccc(NC(=O)/C(C#N)=C/C(C)(C)C)c2)n1,6.1419983,6.055574429829916,0.08642386118570933,0.8352941176470589,c1ccc(Oc2ccnc(Nc3ccc(N4CCNCC4)cc3)n2)cc1,middle
COc1cc(N2CCN(C)CC2)ccc1Nc1ncc(Cl)c(Oc2cccc(NC(=O)/C(C#N)=C/C(C)C)c2)n1,6.0088644,6.104244163831075,0.09537976106007928,0.8352941176470589,c1ccc(Oc2ccnc(Nc3ccc(N4CCNCC4)cc3)n2)cc1,middle
COc1cc(N2CCN(C)CC2)ccc1Nc1ncc(Cl)c(Oc2cccc(NC(=O)/C=C/CN(C)C)c2)n1,5.3001623,6.039921547571818,0.7397592322031654,0.7951807228915663,c1ccc(Oc2ccnc(Nc3ccc(N4CCNCC4)cc3)n2)cc1,inactive
COc1cc(N2CCN(C)CC2)ccc1Nc1ncc(Cl)c(Oc2cccc(NC(=O)CCN(C)C)c2)n1,6.1951795,5.767738151550293,0.42744131088256854,0.8461538461538461,c1ccc(Oc2ccnc(Nc3ccc(N4CCNCC4)cc3)n2)cc1,middle
COc1cc(N2CCN(C)CC2)ccc1Nc1ncc(Cl)c(Oc2cccc(NC(=O)CCO)c2)n1,5.798603,5.709851913452148,0.08875114440917997,0.8831168831168831,c1ccc(Oc2ccnc(Nc3ccc(N4CCNCC4)cc3)n2)cc1,inactive
COc1cc(N2CCN(C)CC2)ccc1Nc1ncc(Cl)c(Oc2cccc(NC(=O)CO)c2)n1,5.823909,5.717400096257528,0.1065087095896402,0.8533333333333334,c1ccc(Oc2ccnc(Nc3ccc(N4CCNCC4)cc3)n2)cc1,inactive
COc1cc(N2CCN(C)CC2)ccc1Nc1ncc(Cl)c(Oc2cccc(NC(C)=O)c2)n1,5.485452,5.760065821011861,0.2746136458714803,0.8133333333333334,c1ccc(Oc2ccnc(Nc3ccc(N4CCNCC4)cc3)n2)cc1,inactive
COc1cc(N2CCN(C)CC2)ccc1Nc1ncc(Cl)c(Oc2cccc([N+](=O)[O-])c2)n1,5.0520763,5.84071458975474,0.7886382500330607,0.7159090909090909,c1ccc(Oc2ccnc(Nc3ccc(N4CCNCC4)cc3)n2)cc1,inactive
COc1cc(N2CCN(C)CC2)ccc1Nc1ncc(Cl)c(Oc2ccccc2N)n1,5.7447276,6.174086287683911,0.4293586761421633,0.6329113924050633,c1ccc(Oc2ccnc(Nc3ccc(N4CCNCC4)cc3)n2)cc1,inactive
COc1cc(N2CCN(C)CC2)ccc1Nc1ncc(Cl)c(Oc2ccccc2N=C=S)n1,5.5128617,6.17697223133511,0.6641105026668974,0.5882352941176471,c1ccc(Oc2ccnc(Nc3ccc(N4CCNCC4)cc3)n2)cc1,inactive
COc1cc(N2CCN(C)CC2)ccc1Nc1ncc(Cl)c(Oc2ccccc2N=[N+]=[N-])n1,6.2839966,6.133293475574917,0.15070310645633267,0.6071428571428571,c1ccc(Oc2ccnc(Nc3ccc(N4CCNCC4)cc3)n2)cc1,middle
COc1cc(N2CCN(C)CC2)ccc1Nc1ncc(Cl)c(Oc2ccccc2NC(=O)/C=C/CN(C)C)n1,5.1079054,6.374336232874128,1.2664308449957105,0.6666666666666666,c1ccc(Oc2ccnc(Nc3ccc(N4CCNCC4)cc3)n2)cc1,inactive
COc1cc(N2CCN(C)CC2)ccc1Nc1ncc(Cl)c(Oc2ccccc2NC(=O)CCO)n1,5.9956784,6.051384472529094,0.05570604769388865,0.8051948051948052,c1ccc(Oc2ccnc(Nc3ccc(N4CCNCC4)cc3)n2)cc1,inactive
COc1cc(N2CCN(C)CC2)ccc1Nc1ncc(Cl)c(Oc2ccccc2NC(=O)CO)n1,6.69897,6.066679539680481,0.6322903013229366,0.7792207792207793,c1ccc(Oc2ccnc(Nc3ccc(N4CCNCC4)cc3)n2)cc1,middle
COc1cc(N2CCN(C)CC2)ccc1Nc1ncc(Cl)c(Oc2ccccc2NC(C)=O)n1,5.248721,6.073733568721348,0.8250124459796488,0.7402597402597403,c1ccc(Oc2ccnc(Nc3ccc(N4CCNCC4)cc3)n2)cc1,inactive
COc1cc(N2CCN(C)CC2)ccc1Nc1ncc(Cl)c(Oc2ccccc2[N+](=O)[O-])n1,5.029188,6.088182292514378,1.0589941363864481,0.6144578313253012,c1ccc(Oc2ccnc(Nc3ccc(N4CCNCC4)cc3)n2)cc1,inactive
Brc1cccc(Nc2ncnc3cnccc23)c1,7.29243,7.735221975114611,0.44279205110338093,0.8048780487804879,c1ccc(Nc2ncnc3cnccc23)cc1,active
C#CC(=O)Nc1cc2c(Nc3cccc(Br)c3)ncnc2cn1,9.2218485,8.255159918467204,0.9666885693868004,0.7547169811320755,c1ccc(Nc2ncnc3cnccc23)cc1,active
C/C=C/C(=O)Nc1cc2c(Nc3cccc(Br)c3)ncnc2cn1,8.113509,7.816190599335564,0.29731857882605706,0.7719298245614035,c1ccc(Nc2ncnc3cnccc23)cc1,active
C=C(C)C(=O)Nc1cc2c(Nc3cccc(Br)c3)ncnc2cn1,7.3565474,7.959401754803126,0.6028543991512709,0.7592592592592593,c1ccc(Nc2ncnc3cnccc23)cc1,active
C=C/C=C/C(=O)Nc1cc2c(Nc3cccc(Br)c3)ncnc2cn1,7.5686364,7.911560123761495,0.34292370637257896,0.7457627118644068,c1ccc(Nc2ncnc3cnccc23)cc1,active
C=CC(=O)N(CCN(C)C)c1cc2c(Nc3cccc(Br)c3)ncnc2cn1,5.6416845,7.557243522273168,1.915558990107641,0.6,c1ccc(Nc2ncnc3cnccc23)cc1,inactive
C=CC(=O)Nc1cc2c(Nc3ccc(F)c(Br)c3)ncnc2cn1,8.910224,8.248688453038534,0.6615355078379306,0.7777777777777778,c1ccc(Nc2ncnc3cnccc23)cc1,active
C=CC(=O)Nc1cc2c(Nc3ccc(F)c(Cl)c3)ncnc2cn1,8.797498,8.280705378850302,0.5167923704783117,0.7777777777777778,c1ccc(Nc2ncnc3cnccc23)cc1,active
C=CC(=O)Nc1cc2c(Nc3cccc(Br)c3)ncnc2cn1,8.468521,8.109356171290079,0.3591649468739835,0.8431372549019608,c1ccc(Nc2ncnc3cnccc23)cc1,active
C=CC(=O)Nc1cc2c(Nc3cccc(C)c3)ncnc2cn1,8.699841,7.975405668985277,0.7244348766690196,0.7547169811320755,c1ccc(Nc2ncnc3cnccc23)cc1,active
C=CS(=O)(=O)Nc1cc2c(Nc3cccc(Br)c3)ncnc2cn1,8.619789,8.254904254754384,0.36488486878077175,0.7735849056603774,c1ccc(Nc2ncnc3cnccc23)cc1,active
C=C[S+]([O-])c1cc2c(Nc3cccc(Br)c3)ncnc2cn1,6.468521,7.7808932976722724,1.31237217950821,0.5490196078431373,c1ccc(Nc2ncnc3cnccc23)cc1,middle
CC#CC(=O)Nc1cc2c(Nc3ccc(F)c(Cl)c3)ncnc2cn1,9.522879,8.374791467984517,1.148087178866069,0.7014925373134329,c1ccc(Nc2ncnc3cnccc23)cc1,active
CC(C)N(CC#CC(=O)Nc1cc2c(Nc3ccc(F)c(Cl)c3)ncnc2cn1)C(C)C,7.3565474,8.508812779850428,1.152265424198573,0.8153846153846154,c1ccc(Nc2ncnc3cnccc23)cc1,active
CCCC#CC(=O)Nc1cc2c(Nc3ccc(F)c(Cl)c3)ncnc2cn1,8.769551,8.685284624099731,0.0842666530609133,0.7761194029850746,c1ccc(Nc2ncnc3cnccc23)cc1,active
CCCCC#CC(=O)Nc1cc2c(Nc3ccc(F)c(Cl)c3)ncnc2cn1,7.823909,8.590138594309488,0.7662297884623204,0.7536231884057971,c1ccc(Nc2ncnc3cnccc23)cc1,active
CCCCN(CC#CC(=O)Nc1cc2c(Nc3ccc(F)c(Cl)c3)ncnc2cn1)CCCC,7.7695513,8.333510124948289,0.563958847787644,0.8181818181818182,c1ccc(Nc2ncnc3cnccc23)cc1,active
CCN(CC)CC#CC(=O)Nc1cc2c(Nc3ccc(F)c(Cl)c3)ncnc2cn1,7.823909,8.55470038043128,0.7307915745841118,0.8125,c1ccc(Nc2ncnc3cnccc23)cc1,active
CCN(CC)CC(O)CNc1cc2c(Nc3cccc(Br)c3)ncnc2cn1,8.337242,8.476631336212158,0.13938920974731417,0.6507936507936508,c1ccc(Nc2ncnc3cnccc23)cc1,active
CCN(CC)CCCNC(=O)/C=C/C(=O)Nc1cc2c(Nc3cccc(Br)c3)ncnc2cn1,7.6777806,7.849030788633558,0.1712501604292127,0.7066666666666667,c1ccc(Nc2ncnc3cnccc23)cc1,active
CCOC(=O)/C=C/C(=O)Nc1cc2c(Nc3cccc(Br)c3)ncnc2cn1,7.29243,7.775053911209106,0.4826239871978757,0.7903225806451613,c1ccc(Nc2ncnc3cnccc23)cc1,active
CN(C)C/C=C/C(=O)Nc1cc2c(Nc3ccc(F)c(Cl)c3)ncnc2cn1,8.849485,8.166243062496186,0.6832423348426815,0.726027397260274,c1ccc(Nc2ncnc3cnccc23)cc1,active
CN(C)CCCCNc1cc2c(Nc3cccc(Br)c3)ncnc2cn1,8.744727,8.510587801933289,0.23413933277130106,0.8545454545454545,c1ccc(Nc2ncnc3cnccc23)cc1,active
CN(C)CCCNC(=O)/C=C/C(=O)N(C)c1cc2c(Nc3cccc(Br)c3)ncnc2cn1,6.7144427,7.53191402276357,0.817471292813619,0.7183098591549296,c1ccc(Nc2ncnc3cnccc23)cc1,middle
CN(C)CCCNC(=O)/C=C/C(=O)Nc1cc2c(Nc3cccc(Br)c3)ncnc2cn1,7.2441254,7.78655867099762,0.5424333047866821,0.803030303030303,c1ccc(Nc2ncnc3cnccc23)cc1,active
CN(C)CCCNc1cc2c(Nc3cccc(Br)c3)ncnc2cn1,8.920818,8.507157006263732,0.4136613225936898,0.8518518518518519,c1ccc(Nc2ncnc3cnccc23)cc1,active
CN(C)CCN(C)c1cc2c(Nc3cccc(Br)c3)ncnc2cn1,8.091515,7.635906908512116,0.45560767889022813,0.8431372549019608,c1ccc(Nc2ncnc3cnccc23)cc1,active
CN(C)CCNc1cc2c(Nc3cccc(Br)c3)ncnc2cn1,8.958608,8.426139100392659,0.5324685732523609,0.8461538461538461,c1ccc(Nc2ncnc3cnccc23)cc1,active
CN(C)c1cc2c(Nc3cccc(Br)c3)ncnc2cn1,11.2218485,7.840805705388387,3.3810427824656166,0.8222222222222222,c1ccc(Nc2ncnc3cnccc23)cc1,active
CN(CC(=O)O)c1cc2c(Nc3cccc(Br)c3)ncnc2cn1,9.356547,7.642278242111206,1.7142691135406496,0.8518518518518519,c1ccc(Nc2ncnc3cnccc23)cc1,active
CN(CC(O)CO)c1cc2c(Nc3cccc(Br)c3)ncnc2cn1,9.251812,7.788640964031219,1.4631710171699526,0.8571428571428571,c1ccc(Nc2ncnc3cnccc23)cc1,active
CN(CCO)CCNc1cc2c(Nc3cccc(Br)c3)ncnc2cn1,8.769551,8.377786917686462,0.3917643594741822,0.7049180327868853,c1ccc(Nc2ncnc3cnccc23)cc1,active
CN(CCO)c1cc2c(Nc3cccc(Br)c3)ncnc2cn1,9.6575775,7.729423534870148,1.9281539797782896,0.8461538461538461,c1ccc(Nc2ncnc3cnccc23)cc1,active
CNc1cc2c(Nc3cccc(Br)c3)ncnc2cn1,11.09691,8.245052909056346,2.8518575676282243,0.8181818181818182,c1ccc(Nc2ncnc3cnccc23)cc1,active
CNc1cc2c(Nc3cccc(C(F)(F)F)c3)ncnc2cn1,8.958608,7.887374591509501,1.0712330821355183,0.6458333333333334,c1ccc(Nc2ncnc3cnccc23)cc1,active
CNc1cc2c(Nc3cccc(C)c3)ncnc2cn1,9.346787,8.137803978602092,1.2089834740956622,0.813953488372093,c1ccc(Nc2ncnc3cnccc23)cc1,active
CNc1cc2c(Nc3cccc(Cl)c3)ncnc2cn1,9.721247,8.00944611708323,1.7118006022771208,0.6956521739130435,c1ccc(Nc2ncnc3cnccc23)cc1,active
CNc1cc2c(Nc3ccccc3)ncnc2cn1,8.045757,7.276539284070333,0.7692180096308388,0.6086956521739131,c1ccc(Nc2ncnc3cnccc23)cc1,active
COc1cc2c(Nc3cccc(Br)c3)ncnc2cn1,8.252923,7.641570308208466,0.6113527035713195,0.8222222222222222,c1ccc(Nc2ncnc3cnccc23)cc1,active
Cc1cccc(Nc2ncnc3cnc(N(C)C)cc23)c1,8.552842,7.534704019228617,1.0181381209691365,0.6222222222222222,c1ccc(Nc2ncnc3cnccc23)cc1,active
Cc1cccc(Nc2ncnc3cnc(N)cc23)c1,8.508638,7.214158722559611,1.2944796593983972,0.7209302325581395,c1ccc(Nc2ncnc3cnccc23)cc1,active
Clc1cc2c(Nc3cccc(Br)c3)ncnc2cn1,7.39794,7.763384051005046,0.36544389216105166,0.6595744680851063,c1ccc(Nc2ncnc3cnccc23)cc1,active
Fc1cc2c(Nc3cccc(Br)c3)ncnc2cn1,6.9065785,7.7492971857388815,0.8427186449368795,0.8095238095238095,c1ccc(Nc2ncnc3cnccc23)cc1,middle
Nc1cc2c(Nc3cccc(Br)c3)ncnc2cn1,9.886057,7.855650621255239,2.030406278769175,0.8095238095238095,c1ccc(Nc2ncnc3cnccc23)cc1,active
O=C(/C=C/Cl)Nc1cc2c(Nc3cccc(Br)c3)ncnc2cn1,7.69897,7.854567879041036,0.15559803803761785,0.7857142857142857,c1ccc(Nc2ncnc3cnccc23)cc1,active
O=C(O)CCNc1cc2c(Nc3cccc(Br)c3)ncnc2cn1,7.5686364,8.438865337371826,0.8702289199829103,0.8490566037735849,c1ccc(Nc2ncnc3cnccc23)cc1,active
O=C(O)CNc1cc2c(Nc3cccc(Br)c3)ncnc2cn1,9.552842,8.566369347572326,0.9864727926254275,0.8431372549019608,c1ccc(Nc2ncnc3cnccc23)cc1,active
OCC(O)CNc1cc2c(Nc3cccc(Br)c3)ncnc2cn1,9.744727,8.557113539377848,1.1876135953267415,0.8490566037735849,c1ccc(Nc2ncnc3cnccc23)cc1,active
OCCN(CCO)CCCNc1cc2c(Nc3cccc(Br)c3)ncnc2cn1,9.455932,8.424563904338413,1.0313677591747705,0.8571428571428571,c1ccc(Nc2ncnc3cnccc23)cc1,active
OCCN(CCO)CCNc1cc2c(Nc3cccc(Br)c3)ncnc2cn1,9.031517,8.607345294952392,0.4241717338562019,0.8545454545454545,c1ccc(Nc2ncnc3cnccc23)cc1,active
OCCNc1cc2c(Nc3cccc(Br)c3)ncnc2cn1,9.721247,8.830778090159098,0.8904686292012531,0.8367346938775511,c1ccc(Nc2ncnc3cnccc23)cc1,active
CN(C)CCNC(=O)c1ccc(-c2cc3c(N[C@H](CO)c4ccccc4)ncnc3s2)cc1,8.69897,7.257734839916229,1.4412350010871888,0.5526315789473685,c1ccc(CNc2ncnc3sc(-c4ccccc4)cc23)cc1,active
COC(=O)c1cc(OC)c(-c2cc3c(N[C@H](C)c4ccccc4)ncnc3s2)c(OC)c1,8.39794,7.452698505189685,0.9452411768171514,0.5423728813559322,c1ccc(CNc2ncnc3sc(-c4ccccc4)cc23)cc1,active
COC(=O)c1ccc(-c2cc3c(N[C@H](C)c4ccccc4)ncnc3s2)c(OC)c1,7.69897,7.445967405902016,0.2530024351014024,0.5797101449275363,c1ccc(CNc2ncnc3sc(-c4ccccc4)cc23)cc1,active
COC(=O)c1ccc(OC)c(-c2cc3c(N[C@H](C)c4ccccc4)ncnc3s2)c1,8.1549015,7.4496651758088,0.7052363287078016,0.5757575757575758,c1ccc(CNc2ncnc3sc(-c4ccccc4)cc23)cc1,active
COC(=O)c1cccc(-c2cc3c(N[C@H](C)c4ccccc4)ncnc3s2)c1OC,8.045757,7.095053813646709,0.9507034800544627,0.5373134328358209,c1ccc(CNc2ncnc3sc(-c4ccccc4)cc23)cc1,active
COC[C@@H](Nc1ncnc2sc(-c3ccccc3OC)cc12)c1ccccc1,7.6382723,7.099169795910518,0.539102489550908,0.6785714285714286,c1ccc(CNc2ncnc3sc(-c4ccccc4)cc23)cc1,active
COc1c(C(=O)NCCN(C)C)cccc1-c1cc2c(N[C@H](C)c3ccccc3)ncnc2s1,8.522879,7.211645920042008,1.3112327268085782,0.4675324675324675,c1ccc(CNc2ncnc3sc(-c4ccccc4)cc23)cc1,active
COc1c(C=O)cccc1-c1cc2c(N[C@H](C)c3ccccc3)ncnc2s1,7.6777806,7.239353735636149,0.4384268925681969,0.5454545454545454,c1ccc(CNc2ncnc3sc(-c4ccccc4)cc23)cc1,active
COc1c(CO)cccc1-c1cc2c(N[C@H](C)c3ccccc3)ncnc2s1,8.823909,7.06330410155039,1.760604704296778,0.5454545454545454,c1ccc(CNc2ncnc3sc(-c4ccccc4)cc23)cc1,active
COc1cc(C(=O)NCCN(C)C)cc(OC)c1-c1cc2c(N[C@H](C)c3ccccc3)ncnc2s1,9.39794,7.57033270491494,1.8276069770918957,0.463768115942029,c1ccc(CNc2ncnc3sc(-c4ccccc4)cc23)cc1,active
COc1cc(C(=O)NCCN(C)C)ccc1-c1cc2c(N[C@H](C)c3ccccc3)ncnc2s1,9.30103,7.5672399654388425,1.7337901935577396,0.5063291139240507,c1ccc(CNc2ncnc3sc(-c4ccccc4)cc23)cc1,active
COc1cc(C(N)=O)ccc1-c1cc2c(N[C@H](C)c3ccccc3)ncnc2s1,8.69897,7.438367680178748,1.2606021608246696,0.6923076923076923,c1ccc(CNc2ncnc3sc(-c4ccccc4)cc23)cc1,active
COc1cc(C(N)=O)ccc1-c1cc2c(N[C@H](CO)c3ccccc3)ncnc2s1,8.823909,7.192828789022235,1.6310800168249333,0.7058823529411765,c1ccc(CNc2ncnc3sc(-c4ccccc4)cc23)cc1,active
COc1cc(C=O)ccc1-c1cc2c(NCc3ccccc3)ncnc2s1,8.2218485,6.987941126823426,1.2339073610305782,0.7457627118644068,c1ccc(CNc2ncnc3sc(-c4ccccc4)cc23)cc1,active
COc1cc(CO)ccc1-c1cc2c(NCc3ccccc3)ncnc2s1,8.30103,7.246005046632554,1.055025112364028,0.7719298245614035,c1ccc(CNc2ncnc3sc(-c4ccccc4)cc23)cc1,active
COc1cc(F)ccc1-c1cc2c(N[C@H](C)c3ccccc3)ncnc2s1,8.2218485,7.59568647895919,0.6261620088948137,0.639344262295082,c1ccc(CNc2ncnc3sc(-c4ccccc4)cc23)cc1,active
COc1ccc(-c2cc3c(N[C@H](C)c4ccccc4)ncnc3s2)c(OC)c1,8.30103,7.417601059277852,0.8834290997187297,0.6229508196721312,c1ccc(CNc2ncnc3sc(-c4ccccc4)cc23)cc1,active
COc1ccc(C(=O)NCCN(C)C)cc1-c1cc2c(N[C@H](C)c3ccccc3)ncnc2s1,9.30103,7.550555178430345,1.7504749805662367,0.5,c1ccc(CNc2ncnc3sc(-c4ccccc4)cc23)cc1,active
COc1ccc(C=O)cc1-c1cc2c(N[C@H](C)c3ccccc3)ncnc2s1,8.522879,7.50604701227612,1.0168316345744657,0.625,c1ccc(CNc2ncnc3sc(-c4ccccc4)cc23)cc1,active
COc1ccc(CO)cc1-c1cc2c(N[C@H](C)c3ccccc3)ncnc2s1,8.30103,7.417096771928999,0.8839333870675832,0.625,c1ccc(CNc2ncnc3sc(-c4ccccc4)cc23)cc1,active
COc1cccc(-c2cc3c(N[C@H](C)c4ccccc4)ncnc3s2)c1OC,7.8860564,7.496349228223165,0.3897071949640907,0.6610169491525424,c1ccc(CNc2ncnc3sc(-c4ccccc4)cc23)cc1,active
COc1cccc(OC)c1-c1cc2c(N[C@H](C)c3ccccc3)ncnc2s1,8.69897,7.509230819013383,1.189739021990035,0.625,c1ccc(CNc2ncnc3sc(-c4ccccc4)cc23)cc1,active
COc1cccc(OC)c1-c1cc2c(N[C@H](CO)c3ccccc3)ncnc2s1,9.045757,7.155615351994831,1.8901419417063412,0.625,c1ccc(CNc2ncnc3sc(-c4ccccc4)cc23)cc1,active
COc1ccccc1-c1cc2c(NC(C)c3ccccc3)ncnc2s1,7.7212462,7.582850136227078,0.1383961062961152,0.7592592592592593,c1ccc(CNc2ncnc3sc(-c4ccccc4)cc23)cc1,active
COc1ccccc1-c1cc2c(NC(CO)c3ccccc3)ncnc2s1,8.09691,7.213208955393896,0.883701521290674,0.65,c1ccc(CNc2ncnc3sc(-c4ccccc4)cc23)cc1,active
COc1ccccc1-c1cc2c(NCc3ccccc3)ncnc2s1,7.7695513,6.92502215385437,0.8445291233062742,0.8113207547169812,c1ccc(CNc2ncnc3sc(-c4ccccc4)cc23)cc1,active
COc1ccccc1-c1cc2c(N[C@@H](C)c3ccccc3)ncnc2s1,5.730487,7.582850136227078,1.8523632664150664,0.7592592592592593,c1ccc(CNc2ncnc3sc(-c4ccccc4)cc23)cc1,inactive
COc1ccccc1-c1cc2c(N[C@@H](CO)c3ccccc3)ncnc2s1,6.2013493,7.213208955393896,1.0118596969710447,0.65,c1ccc(CNc2ncnc3sc(-c4ccccc4)cc23)cc1,middle
COc1ccccc1-c1cc2c(N[C@H](C)c3ccc(F)cc3)ncnc2s1,7.5686364,7.067006008466084,0.5016304089228321,0.7192982456140351,c1ccc(CNc2ncnc3sc(-c4ccccc4)cc23)cc1,active
COc1ccccc1-c1cc2c(N[C@H](C)c3ccccc3)ncnc2s1,8.045757,7.582850136227078,0.4629071574740937,0.7592592592592593,c1ccc(CNc2ncnc3sc(-c4ccccc4)cc23)cc1,active
COc1ccccc1-c1cc2c(N[C@H](CO)c3ccccc3)ncnc2s1,9.0,7.213208955393896,1.7867910446061037,0.65,c1ccc(CNc2ncnc3sc(-c4ccccc4)cc23)cc1,active
C[C@@H](Nc1ncnc2sc(-c3ccc(C(=O)NCCN(C)C)cc3)cc12)c1ccccc1,8.69897,7.417931235366397,1.281038605637021,0.5,c1ccc(CNc2ncnc3sc(-c4ccccc4)cc23)cc1,active
C[C@@H](Nc1ncnc2sc(-c3ccc(C(=O)O)cc3)cc12)c1ccccc1,7.7212462,7.205542666912079,0.5157035756111146,0.631578947368421,c1ccc(CNc2ncnc3sc(-c4ccccc4)cc23)cc1,active
C[C@@H](Nc1ncnc2sc(-c3ccc(C(N)=O)cc3)cc12)c1ccccc1,8.1549015,7.2871546522776285,0.8677468522389731,0.6551724137931034,c1ccc(CNc2ncnc3sc(-c4ccccc4)cc23)cc1,active
C[C@@H](Nc1ncnc2sc(-c3ccc(C=O)cc3F)cc12)c1ccccc1,7.229148,7.359773700740602,0.13062578966882477,0.5517241379310345,c1ccc(CNc2ncnc3sc(-c4ccccc4)cc23)cc1,active
C[C@@H](Nc1ncnc2sc(-c3ccc(CO)cc3F)cc12)c1ccccc1,7.8860564,7.33421510418256,0.551841319004696,0.5517241379310345,c1ccc(CNc2ncnc3sc(-c4ccccc4)cc23)cc1,active
C[C@@H](Nc1ncnc2sc(-c3ccc(F)c(C=O)c3)cc12)c1ccccc1,8.09691,7.298095186816321,0.7988152898682497,0.5517241379310345,c1ccc(CNc2ncnc3sc(-c4ccccc4)cc23)cc1,active
C[C@@H](Nc1ncnc2sc(-c3ccc(S(C)(=O)=O)cc3)cc12)c1ccccc1,7.387216,7.235813325511083,0.1514027656449226,0.6379310344827587,c1ccc(CNc2ncnc3sc(-c4ccccc4)cc23)cc1,active
C[C@@H](Nc1ncnc2sc(-c3cccc(C(=O)NCCN(C)C)c3)cc12)c1ccccc1,9.045757,7.445924569341872,1.5998327243592998,0.48484848484848486,c1ccc(CNc2ncnc3sc(-c4ccccc4)cc23)cc1,active
C[C@@H](Nc1ncnc2sc(-c3cccc(C(=O)O)c3)cc12)c1ccccc1,8.09691,7.11671728571256,0.9801931909720105,0.5818181818181818,c1ccc(CNc2ncnc3sc(-c4ccccc4)cc23)cc1,active
C[C@@H](Nc1ncnc2sc(-c3cccc(C(N)=O)c3)cc12)c1ccccc1,8.30103,7.198613096608056,1.1024170623885263,0.6666666666666666,c1ccc(CNc2ncnc3sc(-c4ccccc4)cc23)cc1,active
C[C@@H](Nc1ncnc2sc(-c3cccc(C=O)c3)cc12)c1ccccc1,8.2218485,7.0663333262337575,1.1555151616202464,0.5818181818181818,c1ccc(CNc2ncnc3sc(-c4ccccc4)cc23)cc1,active
C[C@@H](Nc1ncnc2sc(-c3cccc(S(C)(=O)=O)c3)cc12)c1ccccc1,7.5850267,7.091829093827141,0.4931976472006907,0.5714285714285714,c1ccc(CNc2ncnc3sc(-c4ccccc4)cc23)cc1,active
C[C@@H](Nc1ncnc2sc(-c3ccccc3C(N)=O)cc12)c1ccccc1,6.559091,7.298047227462133,0.7389561363061272,0.5818181818181818,c1ccc(CNc2ncnc3sc(-c4ccccc4)cc23)cc1,middle
OC[C@@H](Nc1ncnc2sc(-c3ccccc3)cc12)c1ccccc1,8.045757,6.920722436639998,1.1250348570611735,0.7291666666666666,c1ccc(CNc2ncnc3sc(-c4ccccc4)cc23)cc1,active
OCc1ccc(-c2cc3c(NCc4ccccc4)ncnc3s2)cc1,7.318759,7.454248151779175,0.13548918724060055,0.7346938775510204,c1ccc(CNc2ncnc3sc(-c4ccccc4)cc23)cc1,active
OCc1cccc(-c2cc3c(N[C@H](CO)c4ccccc4)ncnc3s2)c1,8.522879,6.959881096151139,1.5629975506994471,0.6461538461538462,c1ccc(CNc2ncnc3sc(-c4ccccc4)cc23)cc1,active
C=CC(=O)N1CCC(Oc2cc3c(Nc4ccc(Br)c(C)c4)ncnc3cc2OC)CC1,8.119186,6.8123207865821,1.306865614785088,0.7671232876712328,c1ccc(Nc2ncnc3ccc(OC4CCNCC4)cc23)cc1,active
C=CC(=O)N1CCC(Oc2cc3c(Nc4ccc(Br)c(Cl)c4)ncnc3cc2OC)CC1,7.6777806,7.652407808568742,0.025372819635603783,0.9117647058823529,c1ccc(Nc2ncnc3ccc(OC4CCNCC4)cc23)cc1,active
C=CC(=O)N1CCC(Oc2cc3c(Nc4ccc(C(F)(F)F)cc4)ncnc3cc2OC)CC1,6.0272655,6.336948617299398,0.30968306859334316,0.9090909090909091,c1ccc(Nc2ncnc3ccc(OC4CCNCC4)cc23)cc1,middle
C=CC(=O)N1CCC(Oc2cc3c(Nc4ccc(Cl)c(CO)c4)ncnc3cc2OC)CC1,6.115533,6.376161689758301,0.26062881469726573,0.9142857142857143,c1ccc(Nc2ncnc3ccc(OC4CCNCC4)cc23)cc1,middle
C=CC(=O)N1CCC(Oc2cc3c(Nc4ccc(Cl)c(Cl)c4)ncnc3cc2OC)CC1,8.0,7.783446162541708,0.21655383745829226,0.9076923076923077,c1ccc(Nc2ncnc3ccc(OC4CCNCC4)cc23)cc1,active
C=CC(=O)N1CCC(Oc2cc3c(Nc4ccc(Cl)c(Cl)c4F)ncnc3cc2OC)CC1,8.827804,8.806461580628438,0.02134203112693278,0.9130434782608695,c1ccc(Nc2ncnc3ccc(OC4CCNCC4)cc23)cc1,active
C=CC(=O)N1CCC(Oc2cc3c(Nc4ccc(Cl)c(Cl)c4F)ncnc3cc2O[C@@H](C)CC(C)C)CC1,7.4100504,8.68843609913947,1.2783857069885904,0.7692307692307693,c1ccc(Nc2ncnc3ccc(OC4CCNCC4)cc23)cc1,active
C=CC(=O)N1CCC(Oc2cc3c(Nc4ccc(Cl)c(Cl)c4F)ncnc3cc2O[C@@H](C)CC)CC1,8.917214,8.668127200849472,0.24908719276625035,0.7692307692307693,c1ccc(Nc2ncnc3ccc(OC4CCNCC4)cc23)cc1,active
C=CC(=O)N1CCC(Oc2cc3c(Nc4ccc(Cl)c(Cl)c4F)ncnc3cc2O[C@@H](C)CCCCCC)CC1,6.6439743,8.67632596894673,2.0323516647475106,0.7228915662650602,c1ccc(Nc2ncnc3ccc(OC4CCNCC4)cc23)cc1,middle
C=CC(=O)N1CCC(Oc2cc3c(Nc4ccc(Cl)c(Cl)c4F)ncnc3cc2O[C@H](C)CC)CC1,7.966576,8.668127200849472,0.7015511014537203,0.7692307692307693,c1ccc(Nc2ncnc3ccc(OC4CCNCC4)cc23)cc1,active
C=CC(=O)N1CCC(Oc2cc3c(Nc4ccc(Cl)c(Cl)c4F)ncnc3cc2O[C@H](C)CCCCCC)CC1,6.565431,8.67632596894673,2.1108948509352548,0.7228915662650602,c1ccc(Nc2ncnc3ccc(OC4CCNCC4)cc23)cc1,middle
C=CC(=O)N1CCC(Oc2cc3c(Nc4ccc(Cl)cc4Cl)ncnc3cc2OC)CC1,6.823909,6.8912959170341495,0.06738711118698149,0.9090909090909091,c1ccc(Nc2ncnc3ccc(OC4CCNCC4)cc23)cc1,middle
C=CC(=O)N1CCC(Oc2cc3c(Nc4ccc(F)c(Cl)c4F)ncnc3cc2OC)CC1,8.839927,8.869398777008055,0.029472057342527336,0.9130434782608695,c1ccc(Nc2ncnc3ccc(OC4CCNCC4)cc23)cc1,active
C=CC(=O)N1CCC(Oc2cc3c(Nc4ccc(F)c(Cl)c4F)ncnc3cc2OCCC)CC1,8.83889,8.722197161330117,0.11669291435347695,0.7763157894736842,c1ccc(Nc2ncnc3ccc(OC4CCNCC4)cc23)cc1,active
C=CC(=O)N1CCC(Oc2cc3c(Nc4ccc(OC(F)(F)F)c(Cl)c4)ncnc3cc2OC)CC1,6.7129846,6.937657391230266,0.2246728293100997,0.9166666666666666,c1ccc(Nc2ncnc3ccc(OC4CCNCC4)cc23)cc1,middle
C=CC(=O)N1CCC(Oc2cc3c(Nc4cccc(Br)c4)ncnc3cc2OC)CC1,8.148742,7.968287613656786,0.18045410845014764,0.8235294117647058,c1ccc(Nc2ncnc3ccc(OC4CCNCC4)cc23)cc1,active
C=CC(=O)N1CCC(Oc2cc3c(Nc4cccc(C(F)(F)F)c4)ncnc3cc2OC)CC1,7.790485,6.952593180338542,0.8378917249043782,0.7777777777777778,c1ccc(Nc2ncnc3ccc(OC4CCNCC4)cc23)cc1,active
C=CC(=O)N1CCC(Oc2cc3c(Nc4cccc(C)c4)ncnc3cc2OC)CC1,8.031517,6.923854703373379,1.1076623254352151,0.8235294117647058,c1ccc(Nc2ncnc3ccc(OC4CCNCC4)cc23)cc1,active
C=CC(=O)N1CCC(Oc2cc3c(Nc4cccc(C=C)c4)ncnc3cc2OC)CC1,8.522879,6.878282470173305,1.6445961766772808,0.8115942028985508,c1ccc(Nc2ncnc3ccc(OC4CCNCC4)cc23)cc1,active
C=CC(=O)N1CCC(Oc2cc3c(Nc4cccc(CO)c4)ncnc3cc2OC)CC1,5.0630493,5.698069179322984,0.6350198629167343,0.9117647058823529,c1ccc(Nc2ncnc3ccc(OC4CCNCC4)cc23)cc1,inactive
C=CC(=O)N1CCC(Oc2cc3c(Nc4cccc(Cl)c4)ncnc3cc2OC)CC1,8.259709,7.661113677024841,0.5985956811904911,0.8636363636363636,c1ccc(Nc2ncnc3ccc(OC4CCNCC4)cc23)cc1,active
C=CC(=O)N1CCC(Oc2cc3c(Nc4cccc(Cl)c4F)ncnc3cc2OC)CC1,8.261439,8.569320084182042,0.3078807607567491,0.8695652173913043,c1ccc(Nc2ncnc3ccc(OC4CCNCC4)cc23)cc1,active
C=CC(=O)N1CCC(Oc2cc3c(Nc4ccccc4)ncnc3cc2OC)CC1,6.3684187,6.774690879185995,0.4062721856435143,0.9016393442622951,c1ccc(Nc2ncnc3ccc(OC4CCNCC4)cc23)cc1,middle
C=CC(=O)N1CC[C@@H](Oc2cc3c(Nc4ccc(F)c(Cl)c4F)ncnc3cc2OC)C[C@@H]1C(=O)NC,9.045757,8.71102529366811,0.33473200003306225,0.75,c1ccc(Nc2ncnc3ccc(OC4CCNCC4)cc23)cc1,active
C=CC(=O)N1CC[C@@H](Oc2cc3c(Nc4ccc(F)c(Cl)c4F)ncnc3cc2OC)C[C@@H]1C(=O)OC,8.563049,8.790341941356658,0.22729262495040814,0.7692307692307693,c1ccc(Nc2ncnc3ccc(OC4CCNCC4)cc23)cc1,active
C=CC(=O)N1CC[C@@H](Oc2cc3c(Nc4ccc(F)c(Cl)c4F)ncnc3cc2OC)C[C@@H]1C(N)=O,8.771059,8.792918228944142,0.021859192689259288,0.759493670886076,c1ccc(Nc2ncnc3ccc(OC4CCNCC4)cc23)cc1,active
C=CC(=O)N1CC[C@H](Oc2cc3c(Nc4ccc(F)c(Cl)c4F)ncnc3cc2OC)C[C@H]1C(=O)NCCN(C)C,8.180456,8.505824004067314,0.32536784256829065,0.7093023255813954,c1ccc(Nc2ncnc3ccc(OC4CCNCC4)cc23)cc1,active
C=CC(=O)N1CC[C@H](Oc2cc3c(Nc4ccc(F)c(Cl)c4F)ncnc3cc2OC)C[C@H]1C(=O)NCCO,8.744727,8.531593645095825,0.2131334896087651,0.7142857142857143,c1ccc(Nc2ncnc3ccc(OC4CCNCC4)cc23)cc1,active
C=CC(=O)N1CC[C@H](Oc2cc3c(Nc4ccc(F)c(Cl)c4F)ncnc3cc2OC)C[C@H]1C(=O)NCCOC,8.420217,8.478361692614026,0.05814513225025664,0.7058823529411765,c1ccc(Nc2ncnc3ccc(OC4CCNCC4)cc23)cc1,active
C=CC(=O)N1CC[C@H](Oc2cc3c(Nc4ccc(F)c(Cl)c4F)ncnc3cc2OC)C[C@H]1C(=O)NCCS(C)(=O)=O,8.522879,8.665301735454134,0.14242308860354846,0.6818181818181818,c1ccc(Nc2ncnc3ccc(OC4CCNCC4)cc23)cc1,active
C=CC(=O)N1CC[C@H](Oc2cc3c(Nc4ccc(F)c(Cl)c4F)ncnc3cc2OC)C[C@H]1C(=O)NCCSC,8.853872,8.504912356058757,0.3489599431355792,0.6896551724137931,c1ccc(Nc2ncnc3ccc(OC4CCNCC4)cc23)cc1,active
C=CC(=O)N1CC[C@H](Oc2cc3c(Nc4ccc(F)c(Cl)c4F)ncnc3cc2OC)C[C@H]1C(N)=O,9.004387,8.792918228944142,0.21146867291132665,0.759493670886076,c1ccc(Nc2ncnc3ccc(OC4CCNCC4)cc23)cc1,active
CNC(=O)CN1CCC(Oc2cc3c(Nc4cccc(Cl)c4F)ncnc3cc2OC)CC1,8.39794,8.073664920337617,0.3242747616692192,0.6794871794871795,c1ccc(Nc2ncnc3ccc(OC4CCNCC4)cc23)cc1,active
COCCN1CCC(Oc2cc3c(Nc4cc(Cl)ccc4F)ncnc3cc2OC)CC1,6.943095,7.582094226254358,0.6389990190400026,0.6666666666666666,c1ccc(Nc2ncnc3ccc(OC4CCNCC4)cc23)cc1,middle
COCCN1CCC(Oc2cc3c(Nc4cccc(Cl)c4F)ncnc3cc2OC)CC1,8.522879,8.034364516099293,0.4885141307512928,0.684931506849315,c1ccc(Nc2ncnc3ccc(OC4CCNCC4)cc23)cc1,active
COc1cc2ncnc(Nc3cc(Cl)ccc3F)c2cc1OC1CCN(C)CC1,6.9746943,7.695885506444507,0.7211912544303472,0.7777777777777778,c1ccc(Nc2ncnc3ccc(OC4CCNCC4)cc23)cc1,middle
COc1cc2ncnc(Nc3cc(Cl)ccc3F)c2cc1OC1CCN(CC(N)=O)CC1,8.045757,7.634969671540791,0.410787622160381,0.6133333333333333,c1ccc(Nc2ncnc3ccc(OC4CCNCC4)cc23)cc1,active
COc1cc2ncnc(Nc3cc(Cl)ccc3F)c2cc1OC1CCN(S(C)(=O)=O)CC1,9.0,7.682624847067728,1.3173751529322724,0.625,c1ccc(Nc2ncnc3ccc(OC4CCNCC4)cc23)cc1,active
COc1cc2ncnc(Nc3ccc(F)c(Cl)c3)c2cc1OC1CCN(C)CC1,8.0,7.867028354008992,0.13297164599100775,0.78125,c1ccc(Nc2ncnc3ccc(OC4CCNCC4)cc23)cc1,active
COc1cc2ncnc(Nc3cccc(Cl)c3F)c2cc1OC1CCN(C(=O)CO)CC1,6.6903696,8.232176709977406,1.5418071039593393,0.72,c1ccc(Nc2ncnc3ccc(OC4CCNCC4)cc23)cc1,middle
COc1cc2ncnc(Nc3cccc(Cl)c3F)c2cc1OC1CCN(C)CC1,8.69897,8.252827053229014,0.44614278777440397,0.7846153846153846,c1ccc(Nc2ncnc3ccc(OC4CCNCC4)cc23)cc1,active
COc1cc2ncnc(Nc3cccc(Cl)c3F)c2cc1OC1CCN(CC(N)=O)CC1,8.69897,8.057553001384886,0.6414168396185325,0.6883116883116883,c1ccc(Nc2ncnc3ccc(OC4CCNCC4)cc23)cc1,active
COc1cc2ncnc(Nc3cccc(Cl)c3F)c2cc1OC1CCN(S(C)(=O)=O)CC1,8.69897,8.251443806754219,0.4475260342491989,0.68,c1ccc(Nc2ncnc3ccc(OC4CCNCC4)cc23)cc1,active
C=Cc1ccc(-c2cc3c(N[C@H](C)c4ccccc4)ncnc3o2)cc1,7.537602,7.654152702755399,0.11655075497097478,0.5909090909090909,c1ccc(CNc2ncnc3oc(-c4ccccc4)cc23)cc1,active
CC[C@@H](Nc1ncnc2oc(-c3ccc(OC)cc3)cc12)c1ccccc1,7.6575775,7.190771515899234,0.46680599874920325,0.4861111111111111,c1ccc(CNc2ncnc3oc(-c4ccccc4)cc23)cc1,active
COC[C@@H](Nc1ncnc2oc(-c3ccc(OC)cc3)cc12)c1ccccc1,7.853872,7.156866796347829,0.6970050260093483,0.5161290322580645,c1ccc(CNc2ncnc3oc(-c4ccccc4)cc23)cc1,active
COC[C@@H](Nc1ncnc2oc(-c3ccccc3)cc12)c1ccccc1,7.552842,7.001501209103871,0.5513409310938826,0.5614035087719298,c1ccc(CNc2ncnc3oc(-c4ccccc4)cc23)cc1,active
COc1ccc(-c2cc3c(NC(CC(N)=O)c4ccccc4)ncnc3o2)cc1,7.6575775,7.32005368762546,0.33752382702297723,0.4492753623188406,c1ccc(CNc2ncnc3oc(-c4ccccc4)cc23)cc1,active
COc1ccc(-c2cc3c(NCc4ccccc4)ncnc3o2)cc1,7.1307683,6.879589216444228,0.25117908265855515,0.5961538461538461,c1ccc(CNc2ncnc3oc(-c4ccccc4)cc23)cc1,active
COc1ccc(-c2cc3c(N[C@H](C)c4ccc(F)cc4)ncnc3o2)cc1,7.5686364,7.11994487232632,0.4486915450625961,0.5172413793103449,c1ccc(CNc2ncnc3oc(-c4ccccc4)cc23)cc1,active
COc1ccc(-c2cc3c(N[C@H](C)c4cccc(F)c4)ncnc3o2)cc1,7.6197886,7.419904498868518,0.19988414782948016,0.5138888888888888,c1ccc(CNc2ncnc3oc(-c4ccccc4)cc23)cc1,active
COc1ccc(-c2cc3c(N[C@H](C)c4ccccc4)ncnc3o2)cc1,8.275724,7.51569605641895,0.7600283545917925,0.625,c1ccc(CNc2ncnc3oc(-c4ccccc4)cc23)cc1,active
COc1ccc(-c2cc3c(N[C@H](C)c4ccccc4F)ncnc3o2)cc1,7.6197886,7.2004138390223185,0.4193748076756796,0.49230769230769234,c1ccc(CNc2ncnc3oc(-c4ccccc4)cc23)cc1,active
COc1ccc(-c2cc3c(N[C@H](CCO)c4ccccc4)ncnc3o2)cc1,8.39794,7.191856687333848,1.2060829946729879,0.5079365079365079,c1ccc(CNc2ncnc3oc(-c4ccccc4)cc23)cc1,active
COc1ccc(-c2cc3c(N[C@H](CO)c4ccccc4)ncnc3o2)cc1,8.568636,7.214399083455404,1.354236857096354,0.5,c1ccc(CNc2ncnc3oc(-c4ccccc4)cc23)cc1,active
COc1cccc(-c2cc3c(N[C@H](C)c4ccccc4)ncnc3o2)c1,8.1549015,7.345925968942188,0.8089755355744135,0.5362318840579711,c1ccc(CNc2ncnc3oc(-c4ccccc4)cc23)cc1,active
COc1ccccc1-c1cc2c(N[C@H](C)c3ccccc3)ncnc2o1,8.39794,7.760042947133382,0.6378967348734541,0.5849056603773585,c1ccc(CNc2ncnc3oc(-c4ccccc4)cc23)cc1,active
C[C@@H](Nc1ncnc2oc(-c3ccc(Br)cc3)cc12)c1ccccc1,7.251812,7.58773184802797,0.3359198668267984,0.6190476190476191,c1ccc(CNc2ncnc3oc(-c4ccccc4)cc23)cc1,active
C[C@@H](Nc1ncnc2oc(-c3ccc(C#N)cc3)cc12)c1ccccc1,7.3565474,7.621993823581272,0.26544646792941684,0.631578947368421,c1ccc(CNc2ncnc3oc(-c4ccccc4)cc23)cc1,active
C[C@@H](Nc1ncnc2oc(-c3ccc(F)cc3)cc12)c1ccccc1,7.8860564,7.6626331207487315,0.22342330243852437,0.6451612903225806,c1ccc(CNc2ncnc3oc(-c4ccccc4)cc23)cc1,active
C[C@@H](Nc1ncnc2oc(-c3ccc(NCCN(C)C)cc3)cc12)c1ccccc1,8.03074,7.949406921333737,0.0813328629069856,0.7076923076923077,c1ccc(CNc2ncnc3oc(-c4ccccc4)cc23)cc1,active
C[C@@H](Nc1ncnc2oc(-c3ccc(O)cc3)cc12)c1ccccc1,8.823909,7.607915506760279,1.2159932990868887,0.6190476190476191,c1ccc(CNc2ncnc3oc(-c4ccccc4)cc23)cc1,active
C[C@@H](Nc1ncnc2oc(-c3cccc(O)c3)cc12)c1ccccc1,8.337242,7.364950776497523,0.9722913499673211,0.5522388059701493,c1ccc(CNc2ncnc3oc(-c4ccccc4)cc23)cc1,active
C[C@@H](Nc1ncnc2oc(-c3ccccc3)cc12)c1ccccc1,7.958607,7.425160213576421,0.5334469832314399,0.6440677966101694,c1ccc(CNc2ncnc3oc(-c4ccccc4)cc23)cc1,active
C[C@@H](Nc1ncnc2oc(-c3ccccc3O)cc12)c1ccccc1,8.69897,7.531489797300762,1.167480043702656,0.5223880597014925,c1ccc(CNc2ncnc3oc(-c4ccccc4)cc23)cc1,active
OC[C@@H](Nc1ncnc2oc(-c3ccc(O)cc3)cc12)c1ccccc1,8.69897,7.319729483260047,1.3792403577433712,0.5344827586206896,c1ccc(CNc2ncnc3oc(-c4ccccc4)cc23)cc1,active
OC[C@@H](Nc1ncnc2oc(-c3ccccc3)c(Br)c12)c1ccccc1,6.6953096,6.672622967428632,0.022686671548418857,0.7755102040816326,c1ccc(CNc2ncnc3oc(-c4ccccc4)cc23)cc1,middle
OC[C@@H](Nc1ncnc2oc(-c3ccccc3)c(Cl)c12)c1ccccc1,6.502288,6.773019858333799,0.2707319936487407,0.7755102040816326,c1ccc(CNc2ncnc3oc(-c4ccccc4)cc23)cc1,middle
OC[C@@H](Nc1ncnc2oc(-c3ccccc3)cc12)c1ccccc1,8.408936,7.167982949548295,1.2409525973267046,0.6037735849056604,c1ccc(CNc2ncnc3oc(-c4ccccc4)cc23)cc1,active
c1ccc(CNc2ncnc3oc(-c4ccccc4)cc23)cc1,7.031517,6.68786158601443,0.34365544279416405,0.5348837209302325,c1ccc(CNc2ncnc3oc(-c4ccccc4)cc23)cc1,active
C#Cc1cccc(Nc2nc(C)nc3oc(C)cc23)c1,7.5228786,6.810081289609273,0.7127973572413131,0.5185185185185185,c1ccc(Nc2ncnc3occc23)cc1,active
CCCCN(c1ccc(OC)cc1)c1nc(C)nc2oc(C)cc12,6.4683933,6.949641344547271,0.4812480187416073,0.46153846153846156,c1ccc(Nc2ncnc3occc23)cc1,middle
CCCN(c1ccc(OC)cc1)c1nc(C)nc2oc(C)cc12,7.134896,6.949641344547271,0.18525445699691812,0.47619047619047616,c1ccc(Nc2ncnc3occc23)cc1,active
CCCN(c1ccc(OC)cc1)c1ncnc2occ(C)c12,8.148742,5.500088874763913,2.648652847343021,0.30120481927710846,c1ccc(Nc2ncnc3occc23)cc1,active
CCN(c1ccc(OC)cc1)c1nc(C)nc2oc(C)cc12,7.1505804,6.959371275901795,0.19120913028717013,0.4918032786885246,c1ccc(Nc2ncnc3occc23)cc1,active
CCN(c1ccc(OC)cc1)c1ncnc2occ(C)c12,7.0338583,5.449036860730914,1.5848214385244574,0.3103448275862069,c1ccc(Nc2ncnc3occc23)cc1,active
CCc1ccc(N(C)c2ncnc3occ(C)c23)cc1,8.39794,5.053818651835123,3.3441210301717126,0.32653061224489793,c1ccc(Nc2ncnc3occc23)cc1,active
CNc1ccc(N(C)c2ncnc3occ(C)c23)cc1,8.19382,5.2557501761118575,2.9380698235829668,0.3508771929824561,c1ccc(Nc2ncnc3occc23)cc1,active
COc1ccc(N(C)c2nc(C)nc3oc(C)cc23)c(OC)c1,6.7900834,6.978881386121114,0.1887979777654012,0.5333333333333333,c1ccc(Nc2ncnc3occc23)cc1,middle
COc1ccc(N(C)c2nc(C)nc3oc(C)cc23)cc1,7.1662154,6.917527917226155,0.24868750254313188,0.6041666666666666,c1ccc(Nc2ncnc3occc23)cc1,active
COc1ccc(N(C)c2nc(C)nc3oc(C)cc23)cc1OC,7.0443125,6.949334433873495,0.0949780432383216,0.6122448979591837,c1ccc(Nc2ncnc3occc23)cc1,active
COc1ccc(N(C)c2ncnc3occ(C)c23)cc1,7.809668,5.244502798716227,2.5651652654012045,0.4117647058823529,c1ccc(Nc2ncnc3occc23)cc1,active
COc1ccc(N(c2nc(C)nc3oc(C)cc23)C(C)C)cc1,7.0736575,6.890503158569336,0.18315435409545877,0.5166666666666667,c1ccc(Nc2ncnc3occc23)cc1,active
COc1ccc(N(c2ncnc3occ(C)c23)C(C)C)cc1,7.9956784,5.502890996932983,2.492787427902222,0.3103448275862069,c1ccc(Nc2ncnc3occc23)cc1,active
COc1ccc(Nc2nc(C)nc3oc(C)cc23)cc1,7.3746877,7.063177507718404,0.31151016394297315,0.5,c1ccc(Nc2ncnc3occc23)cc1,active
COc1ccc(Nc2ncnc3occ(C)c23)cc1,6.54806,5.646417718887329,0.901642221450806,0.46938775510204084,c1ccc(Nc2ncnc3occc23)cc1,middle
CSc1ccc(N(C)c2ncnc3occ(C)c23)cc1,8.142668,5.154021090666453,2.988646679719289,0.4117647058823529,c1ccc(Nc2ncnc3occc23)cc1,active
Cc1coc2ncnc(N(C)c3ccc(N(C)C)cc3)c12,8.508638,5.177832896709442,3.3308054852485656,0.35555555555555557,c1ccc(Nc2ncnc3occc23)cc1,active
Cc1nc(N(C)c2ccc(OC(C)C)cc2)c2cc(C)oc2n1,6.9909744,6.7654671430587765,0.22550728321075475,0.5686274509803921,c1ccc(Nc2ncnc3occc23)cc1,middle
Cc1nc(Nc2ccc(C(F)(F)F)cc2)c2cc(C)oc2n1,6.9132843,6.892653970718384,0.020630331039428462,0.48148148148148145,c1ccc(Nc2ncnc3occc23)cc1,middle
Cc1nc(Nc2ccc(Cl)cc2)c2cc(C)oc2n1,6.990124,6.906239250500997,0.083884975115458,0.5098039215686274,c1ccc(Nc2ncnc3occc23)cc1,middle
Cc1nc(Nc2ccc(F)c(Cl)c2)c2cc(C)oc2n1,7.519993,6.808032797177632,0.7119600311915084,0.4642857142857143,c1ccc(Nc2ncnc3occc23)cc1,active
Cc1nc(Nc2ccccc2)c2cc(C)oc2n1,6.9461536,6.929683442115784,0.016470198631286515,0.5625,c1ccc(Nc2ncnc3occc23)cc1,middle
Cc1oc2ncnc(Nc3cccc(Br)c3)c2c1C(=O)O,6.123782,6.505625291400485,0.38184313350253607,0.5588235294117647,c1ccc(Nc2ncnc3occc23)cc1,middle
Cc1oc2ncnc(Nc3cccc(Cl)c3)c2c1C(=O)NCCO,5.5686364,6.927663404146831,1.3590269867579146,0.4868421052631579,c1ccc(Nc2ncnc3occc23)cc1,inactive
Cc1oc2ncnc(Nc3cccc(Cl)c3)c2c1C(=O)O,6.045275,6.713467966715495,0.6681927553812663,0.6060606060606061,c1ccc(Nc2ncnc3occc23)cc1,middle
CC(C)(O)[C@@H](Nc1c(C#N)cnc2c(Cl)cc(N[C@H](C3=CNNN3)c3cccnc3)cc12)c1ccccc1,6.928118,7.548773863302337,0.6206556343899834,0.7631578947368421,C1=C(C(Nc2ccc3nccc(NCc4ccccc4)c3c2)c2cccnc2)NNN1,middle
CC(C)N1C=C([C@@H](Nc2cc(Cl)c3ncc(C#N)c(NC(CCO)c4ccccc4)c3c2)c2cccnc2)NN1,8.09691,7.420938206460741,0.6759722702238289,0.7738095238095238,C1=C(C(Nc2ccc3nccc(NCc4ccccc4)c3c2)c2cccnc2)NNN1,active
CC(C)N1C=C([C@@H](Nc2cc(Cl)c3ncc(C#N)c(N[C@@H](c4ccccc4)C(C)(C)O)c3c2)c2cccnc2)NN1,7.1739254,7.724863379094335,0.5509379793140612,0.7058823529411765,C1=C(C(Nc2ccc3nccc(NCc4ccccc4)c3c2)c2cccnc2)NNN1,active
CC(C)N1C=C([C@@H](Nc2cc(Cl)c3ncc(C#N)c(N[C@H](CCO)c4ccccc4)c3c2)c2cccnc2)NN1,6.5157003,7.420938206460741,0.9052378661897453,0.7738095238095238,C1=C(C(Nc2ccc3nccc(NCc4ccccc4)c3c2)c2cccnc2)NNN1,middle
CCC(Nc1c(C#N)cnc2c(Cl)cc(N[C@H](C3=CN(CCF)NN3)c3cccnc3)cc12)c1ccccc1,8.69897,8.478860494825575,0.22010934617784272,0.8192771084337349,C1=C(C(Nc2ccc3nccc(NCc4ccccc4)c3c2)c2cccnc2)NNN1,active
CC[C@@H](Nc1c(C#N)cnc2c(C#N)cc(N[C@@H](C3=CN(C)NN3)c3ccc(F)nc3)cc12)c1ccccc1,8.69897,8.310069382985432,0.3889004580179858,0.7407407407407407,C1=C(C(Nc2ccc3nccc(NCc4ccccc4)c3c2)c2cccnc2)NNN1,active
CC[C@@H](Nc1c(C#N)cnc2c(Cl)cc(N[C@H](C3=CN(C(C)(C)C)NN3)c3cccnc3)cc12)c1ccccc1,8.522879,8.627431815465291,0.10455316861470543,0.7974683544303798,C1=C(C(Nc2ccc3nccc(NCc4ccccc4)c3c2)c2cccnc2)NNN1,active
CC[C@@H](Nc1c(C#N)cnc2c(Cl)cc(N[C@H](C3=CN(C(C)C(F)(F)F)NN3)c3cccnc3)cc12)c1ccccc1,8.045757,8.447780456013149,0.402023162311977,0.7590361445783133,C1=C(C(Nc2ccc3nccc(NCc4ccccc4)c3c2)c2cccnc2)NNN1,active
CC[C@@H](Nc1c(C#N)cnc2c(Cl)cc(N[C@H](C3=CN(C(C)C)NN3)c3cccnc3)cc12)c1ccccc1,8.69897,8.63634888013204,0.06262096087137792,0.8076923076923077,C1=C(C(Nc2ccc3nccc(NCc4ccccc4)c3c2)c2cccnc2)NNN1,active
CC[C@@H](Nc1c(C#N)cnc2c(Cl)cc(N[C@H](C3=CN(C(C)C)NN3)c3cccnc3C)cc12)c1ccccc1,8.69897,8.532866996129354,0.16610284487406446,0.7415730337078652,C1=C(C(Nc2ccc3nccc(NCc4ccccc4)c3c2)c2cccnc2)NNN1,active
CC[C@@H](Nc1c(C#N)cnc2c(Cl)cc(N[C@H](C3=CN(C(F)(F)CO)NN3)c3cccnc3)cc12)c1ccccc1,8.69897,8.105684209717646,0.5932856312857719,0.75,C1=C(C(Nc2ccc3nccc(NCc4ccccc4)c3c2)c2cccnc2)NNN1,active
CC[C@@H](Nc1c(C#N)cnc2c(Cl)cc(N[C@H](C3=CN(CC#N)NN3)c3cccnc3)cc12)c1ccccc1,8.522879,8.624502626736959,0.10162397988637295,0.7974683544303798,C1=C(C(Nc2ccc3nccc(NCc4ccccc4)c3c2)c2cccnc2)NNN1,active
CC[C@@H](Nc1c(C#N)cnc2c(Cl)cc(N[C@H](C3=CN(CC(F)(F)F)NN3)c3cccnc3)cc12)c1ccccc1,8.39794,8.451680080360836,0.05374039835399991,0.7682926829268293,C1=C(C(Nc2ccc3nccc(NCc4ccccc4)c3c2)c2cccnc2)NNN1,active
CC[C@@H](Nc1c(C#N)cnc2c(Cl)cc(N[C@H](C3=CN([C@@H](C)CF)NN3)c3cccnc3)cc12)c1ccccc1,8.69897,8.477676639027065,0.22129320197635316,0.7682926829268293,C1=C(C(Nc2ccc3nccc(NCc4ccccc4)c3c2)c2cccnc2)NNN1,active
CC[C@@H](Nc1c(C#N)cnc2c(Cl)cc(N[C@H](C3=CNNN3)c3cccnc3)cc12)c1ccccc1,8.522879,8.580446664492289,0.05756801764170305,0.76,C1=C(C(Nc2ccc3nccc(NCc4ccccc4)c3c2)c2cccnc2)NNN1,active
CC[C@@H](Nc1c(C#N)cnc2c(Cl)cc(N[C@H](C3=CNNN3)c3cccnc3C)cc12)c1ccccc1,8.39794,8.477872530619303,0.07993284861246686,0.7073170731707317,C1=C(C(Nc2ccc3nccc(NCc4ccccc4)c3c2)c2cccnc2)NNN1,active
COCC(Nc1c(C#N)cnc2c(Cl)cc(N[C@H](C3=CN(C(C)C)NN3)c3cccnc3)cc12)c1ccccc1,5.069917,8.139913529223865,3.069996327228015,0.6976744186046512,C1=C(C(Nc2ccc3nccc(NCc4ccccc4)c3c2)c2cccnc2)NNN1,inactive
COCC(Nc1c(C#N)cnc2c(Cl)cc(N[C@H](C3=CNNN3)c3cccnc3)cc12)c1ccccc1,5.1597056,8.084223536773333,2.924517897887835,0.7307692307692307,C1=C(C(Nc2ccc3nccc(NCc4ccccc4)c3c2)c2cccnc2)NNN1,inactive
C[C@@H](Nc1c(C#N)cnc2c(Cl)cc(N[C@H](C3=CNNN3)c3cccnc3)cc12)c1ccccc1,8.0,7.9241542614168585,0.07584573858314148,0.7808219178082192,C1=C(C(Nc2ccc3nccc(NCc4ccccc4)c3c2)c2cccnc2)NNN1,active
Cc1ncccc1[C@H](Nc1cc(Cl)c2ncc(C#N)c(NC(CO)c3ccccc3)c2c1)C1=CNNN1,5.3517375,7.541569315380521,2.1898318161434602,0.725,C1=C(C(Nc2ccc3nccc(NCc4ccccc4)c3c2)c2cccnc2)NNN1,inactive
Cc1ncccc1[C@H](Nc1cc(Cl)c2ncc(C#N)c(N[C@H](C)c3ccccc3)c2c1)C1=CN(C(C)C)NN1,8.045757,8.043656465212504,0.002100828488668327,0.7901234567901234,C1=C(C(Nc2ccc3nccc(NCc4ccccc4)c3c2)c2cccnc2)NNN1,active
Cc1ncccc1[C@H](Nc1cc(Cl)c2ncc(C#N)c(N[C@H](C)c3ccccc3)c2c1)C1=CNNN1,7.920819,7.9687559668223065,0.04793716112772639,0.7532467532467533,C1=C(C(Nc2ccc3nccc(NCc4ccccc4)c3c2)c2cccnc2)NNN1,active
Cc1ncccc1[C@H](Nc1cc(Cl)c2ncc(C#N)c(N[C@H](CO)c3ccccc3)c2c1)C1=CNNN1,7.5850267,7.541569315380521,0.043457425647311254,0.725,C1=C(C(Nc2ccc3nccc(NCc4ccccc4)c3c2)c2cccnc2)NNN1,active
N#Cc1cnc2c(Cl)cc(N[C@H](C3=CNNN3)c3cccnc3)cc2c1NC(CCO)c1ccccc1,8.1549015,7.264760952631632,0.8901405518849694,0.717948717948718,C1=C(C(Nc2ccc3nccc(NCc4ccccc4)c3c2)c2cccnc2)NNN1,active
N#Cc1cnc2c(Cl)cc(N[C@H](C3=CNNN3)c3cccnc3)cc2c1N[C@H](CCO)c1ccccc1,6.576754,7.264760952631632,0.6880068594614661,0.717948717948718,C1=C(C(Nc2ccc3nccc(NCc4ccccc4)c3c2)c2cccnc2)NNN1,middle
COc1cc2c(Nc3ccc(Oc4c(F)cccc4F)cc3)ncnc2cc1OCC1CCN(C)CC1,6.4534574,6.530775923199124,0.07731856769985601,0.7571428571428571,c1ccc(Oc2ccc(Nc3ncnc4cc(OCC5CCNCC5)ccc34)cc2)cc1,middle
COc1cc2c(Nc3ccc(Oc4cc(F)cc(F)c4)cc3)ncnc2cc1OCC1CCN(C)CC1,6.47237,6.461358917024401,0.011011230680677109,0.7536231884057971,c1ccc(Oc2ccc(Nc3ncnc4cc(OCC5CCNCC5)ccc34)cc2)cc1,middle
COc1cc2c(Nc3ccc(Oc4cc(F)ccc4F)cc3)ncnc2cc1OCC1CCN(C)CC1,7.337242,6.548304487334357,0.788937639130487,0.7391304347826086,c1ccc(Oc2ccc(Nc3ncnc4cc(OCC5CCNCC5)ccc34)cc2)cc1,active
COc1cc2c(Nc3ccc(Oc4ccc(Br)cc4)cc3)ncnc2cc1OCC1CCN(C)CC1,5.4255056,6.508914550516341,1.0834089123937822,0.7878787878787878,c1ccc(Oc2ccc(Nc3ncnc4cc(OCC5CCNCC5)ccc34)cc2)cc1,inactive
COc1cc2c(Nc3ccc(Oc4ccc(C)cc4)cc3)ncnc2cc1OCC1CCN(C)CC1,6.6382723,6.414661473645104,0.2236108118163216,0.7878787878787878,c1ccc(Oc2ccc(Nc3ncnc4cc(OCC5CCNCC5)ccc34)cc2)cc1,middle
COc1cc2c(Nc3ccc(Oc4ccc(Cl)cc4)cc3)ncnc2cc1OCC1CCN(C)CC1,6.47237,6.439652965068817,0.032717182636261555,0.7761194029850746,c1ccc(Oc2ccc(Nc3ncnc4cc(OCC5CCNCC5)ccc34)cc2)cc1,middle
COc1cc2c(Nc3ccc(Oc4ccc(F)cc4)cc3)ncnc2cc1OCC1CCN(C)CC1,6.0501223,6.6046472575929425,0.5545249965455792,0.7761194029850746,c1ccc(Oc2ccc(Nc3ncnc4cc(OCC5CCNCC5)ccc34)cc2)cc1,middle
COc1cc2c(Nc3ccc(Oc4cccc(C)c4)cc3)ncnc2cc1OCC1CCN(C)CC1,6.4534574,6.376133537027571,0.07732381847169645,0.7571428571428571,c1ccc(Oc2ccc(Nc3ncnc4cc(OCC5CCNCC5)ccc34)cc2)cc1,middle
COc1cc2c(Nc3ccc(Oc4cccc(Cl)c4)c(Br)c3)ncnc2cc1OCC1CCN(C)CC1,6.330683,7.319388779269325,0.9887055479155649,0.68,c1ccc(Oc2ccc(Nc3ncnc4cc(OCC5CCNCC5)ccc34)cc2)cc1,middle
COc1cc2c(Nc3ccc(Oc4cccc(Cl)c4)cc3)ncnc2cc1OCC1CCN(C)CC1,6.1372724,6.5274596616956915,0.39018730375501764,0.7464788732394366,c1ccc(Oc2ccc(Nc3ncnc4cc(OCC5CCNCC5)ccc34)cc2)cc1,middle
COc1cc2c(Nc3ccc(Oc4cccc(F)c4)c(Cl)c3)ncnc2cc1OCC1CCN(C)CC1,6.496209,7.732417048295337,1.2362079037030522,0.75,c1ccc(Oc2ccc(Nc3ncnc4cc(OCC5CCNCC5)ccc34)cc2)cc1,middle
COc1cc2c(Nc3ccc(Oc4cccc(F)c4)cc3)ncnc2cc1OCC1CCN(C)CC1,7.4436975,6.49459629005856,0.9491011624866061,0.7464788732394366,c1ccc(Oc2ccc(Nc3ncnc4cc(OCC5CCNCC5)ccc34)cc2)cc1,active
COc1cc2c(Nc3ccc(Oc4ccccc4)c(Br)c3)ncnc2cc1OCC1CCN(C)CC1,8.1549015,7.235982745753395,0.9189187587632066,0.7222222222222222,c1ccc(Oc2ccc(Nc3ncnc4cc(OCC5CCNCC5)ccc34)cc2)cc1,active
COc1cc2c(Nc3ccc(Oc4ccccc4)c(C)c3)ncnc2cc1OCC1CCN(C)CC1,7.6575775,6.823631736861334,0.8339457777871031,0.7323943661971831,c1ccc(Oc2ccc(Nc3ncnc4cc(OCC5CCNCC5)ccc34)cc2)cc1,active
COc1cc2c(Nc3ccc(Oc4ccccc4)c(Cl)c3)ncnc2cc1OCC1CCN(C)CC1,6.9706163,7.535614293027805,0.5649979523905984,0.7536231884057971,c1ccc(Oc2ccc(Nc3ncnc4cc(OCC5CCNCC5)ccc34)cc2)cc1,middle
COc1cc2c(Nc3ccc(Oc4ccccc4)cc3)ncnc2cc1OCC1CCN(C)CC1,6.89279,6.442694940037197,0.4500949006610453,0.84375,c1ccc(Oc2ccc(Nc3ncnc4cc(OCC5CCNCC5)ccc34)cc2)cc1,middle
COc1cc2c(Nc3ccc(Oc4ccccc4)cc3Br)ncnc2cc1OCC1CCN(C)CC1,6.0213633,6.780852111286587,0.759488852924771,0.684931506849315,c1ccc(Oc2ccc(Nc3ncnc4cc(OCC5CCNCC5)ccc34)cc2)cc1,middle
COc1cc2c(Nc3ccc(Oc4ccccc4)cc3C)ncnc2cc1OCC1CCN(C)CC1,7.468521,6.66909046321445,0.7994306549496129,0.684931506849315,c1ccc(Oc2ccc(Nc3ncnc4cc(OCC5CCNCC5)ccc34)cc2)cc1,active
COc1cc2c(Nc3ccc(Oc4ccccc4)cc3F)ncnc2cc1OCC1CCN(C)CC1,7.3279023,6.738767743243111,0.5891345738040084,0.6901408450704225,c1ccc(Oc2ccc(Nc3ncnc4cc(OCC5CCNCC5)ccc34)cc2)cc1,active
COc1cc2c(Nc3ccc(Oc4ccccc4Br)cc3)ncnc2cc1OCC1CCN(C)CC1,6.79588,6.40520671722624,0.39067312362459017,0.782608695652174,c1ccc(Oc2ccc(Nc3ncnc4cc(OCC5CCNCC5)ccc34)cc2)cc1,middle
COc1cc2c(Nc3ccc(Oc4ccccc4C)cc3)ncnc2cc1OCC1CCN(C)CC1,7.49485,6.391669254038068,1.103180904653338,0.7941176470588235,c1ccc(Oc2ccc(Nc3ncnc4cc(OCC5CCNCC5)ccc34)cc2)cc1,active
COc1cc2c(Nc3ccc(Oc4ccccc4Cl)cc3)ncnc2cc1OCC1CCN(C)CC1,7.387216,6.4796628191736,0.9075532719824055,0.782608695652174,c1ccc(Oc2ccc(Nc3ncnc4cc(OCC5CCNCC5)ccc34)cc2)cc1,active
COc1cc2c(Nc3ccc(Oc4ccccc4F)c(Br)c3)ncnc2cc1OCC1CCN(C)CC1,8.19791,7.611402603679233,0.5865077051586578,0.6986301369863014,c1ccc(Oc2ccc(Nc3ncnc4cc(OCC5CCNCC5)ccc34)cc2)cc1,active
COc1cc2c(Nc3ccc(Oc4ccccc4F)c(C)c3)ncnc2cc1OCC1CCN(C)CC1,7.4317985,7.259496816741095,0.17230164135827053,0.7083333333333334,c1ccc(Oc2ccc(Nc3ncnc4cc(OCC5CCNCC5)ccc34)cc2)cc1,active
COc1cc2c(Nc3ccc(Oc4ccccc4F)cc3)ncnc2cc1OCC1CCN(C)CC1,7.69897,6.5229673269059925,1.1760025140974255,0.782608695652174,c1ccc(Oc2ccc(Nc3ncnc4cc(OCC5CCNCC5)ccc34)cc2)cc1,active
C=C(CN(C)C)C(=O)c1ccc(OS(=O)(=O)c2ccc(C(=O)N(C)C)cc2)cc1,6.154902,5.088825158278147,1.0660768230756128,0.5,O=S(=O)(Oc1ccccc1)c1ccccc1,middle
C=C(CN(C)C)C(=O)c1ccc(OS(=O)(=O)c2ccc(C(=O)O)c(O)c2)cc1,6.3279023,5.150877833366394,1.177024483680725,0.47368421052631576,O=S(=O)(Oc1ccccc1)c1ccccc1,middle
C=C(CN(C)C)C(=O)c1ccc(OS(=O)(=O)c2ccc(C(=O)O)cc2)cc1,6.6382723,5.026431680520376,1.61184060494105,0.54,O=S(=O)(Oc1ccccc1)c1ccccc1,middle
CC(C)(C)NC(=O)c1ccc(S(=O)(=O)Oc2ccc(/C=C/[N+](=O)[O-])cc2)cc1,5.8860564,4.90638239065806,0.9796740325291955,0.4,O=S(=O)(Oc1ccccc1)c1ccccc1,inactive
CC(C)(C)OC(=O)NCCNC(=O)c1ccc(S(=O)(=O)Oc2ccc(/C=C/[N+](=O)[O-])cc2)cc1,5.926936,4.908180643717448,1.01875550587972,0.3804347826086957,O=S(=O)(Oc1ccccc1)c1ccccc1,inactive
CC(C)NC(=O)c1ccc(S(=O)(=O)Oc2ccc(/C=C/[N+](=O)[O-])cc2)cc1,6.0,4.965206833680471,1.0347931663195293,0.40476190476190477,O=S(=O)(Oc1ccccc1)c1ccccc1,middle
CC(CN(C)C)C(=O)c1ccc(OS(=O)(=O)c2ccc(C(=O)O)cc2)cc1,4.0,5.02354530096054,1.0235453009605404,0.3548387096774194,O=S(=O)(Oc1ccccc1)c1ccccc1,inactive
CCCCNC(=O)c1ccc(S(=O)(=O)Oc2ccc(/C=C/[N+](=O)[O-])cc2)cc1,5.3098946,4.876105905373891,0.4337886563936868,0.3977272727272727,O=S(=O)(Oc1ccccc1)c1ccccc1,inactive
CNC(=O)c1ccc(S(=O)(=O)Oc2ccc(/C=C(\C)[N+](=O)[O-])cc2OC)cc1,5.39794,5.032342683474223,0.3655974753697713,0.4,O=S(=O)(Oc1ccccc1)c1ccccc1,inactive
CNC(=O)c1ccc(S(=O)(=O)Oc2ccc(/C=C/[N+](=O)[O-])cc2)cc1,6.39794,4.947368817329407,1.4505713415145873,0.4146341463414634,O=S(=O)(Oc1ccccc1)c1ccccc1,middle
COC(=O)c1ccc(S(=O)(=O)Oc2ccc(/C=C/[N+](=O)[O-])cc2)cc1,5.7614393,4.949518442948659,0.8119208804766336,0.45569620253164556,O=S(=O)(Oc1ccccc1)c1ccccc1,inactive
COC(=O)c1ccc(S(=O)(=O)Oc2ccc(/C=C/[N+](=O)[O-])cc2)cc1O,5.721849,5.009201779365539,0.7126471853256229,0.4444444444444444,O=S(=O)(Oc1ccccc1)c1ccccc1,inactive
COc1cc(/C=C(\C)[N+](=O)[O-])ccc1OS(=O)(=O)c1ccc(C(=O)O)cc1,5.5624695,5.055027459462484,0.507442022959391,0.4230769230769231,O=S(=O)(Oc1ccccc1)c1ccccc1,inactive
COc1cc(/C=C/[N+](=O)[O-])ccc1OS(=O)(=O)c1ccc(C(=O)O)cc1,5.5378604,5.071353262265523,0.4665071312586466,0.54,O=S(=O)(Oc1ccccc1)c1ccccc1,inactive
C[C@@H](NC(=O)[C@@H](C)NC(=O)c1ccc(S(=O)(=O)Oc2ccc(/C=C/[N+](=O)[O-])cc2)cc1)C(=O)O,5.154902,4.801811850468318,0.35309013088544194,0.38461538461538464,O=S(=O)(Oc1ccccc1)c1ccccc1,inactive
C[C@@H](NC(=O)c1ccc(S(=O)(=O)Oc2ccc(/C=C/[N+](=O)[O-])cc2)cc1)C(=O)N[C@H](C)C(=O)NCCN,4.7695513,4.720946022934385,0.04860525422625983,0.375,O=S(=O)(Oc1ccccc1)c1ccccc1,inactive
C[C@@H](NC(=O)c1ccc(S(=O)(=O)Oc2ccc(/C=C/[N+](=O)[O-])cc2)cc1)C(=O)N[C@H](C)C(=O)OC(C)(C)C,4.39794,4.910882998307546,0.5129428394635518,0.3684210526315789,O=S(=O)(Oc1ccccc1)c1ccccc1,inactive
C[C@H](NC(=O)[C@H](C)NC(=O)c1ccc(S(=O)(=O)Oc2ccc(/C=C/[N+](=O)[O-])cc2)cc1)C(=O)O,5.154902,4.801811850468318,0.35309013088544194,0.38461538461538464,O=S(=O)(Oc1ccccc1)c1ccccc1,inactive
C[C@H](NC(=O)c1ccc(S(=O)(=O)Oc2ccc(/C=C/[N+](=O)[O-])cc2)cc1)C(=O)N[C@@H](C)C(=O)NCCN,4.69897,4.720946022934385,0.02197618193096673,0.375,O=S(=O)(Oc1ccccc1)c1ccccc1,inactive
C[C@H](NC(=O)c1ccc(S(=O)(=O)Oc2ccc(/C=C/[N+](=O)[O-])cc2)cc1)C(=O)N[C@@H](C)C(=O)OC(C)(C)C,4.39794,4.910882998307546,0.5129428394635518,0.3684210526315789,O=S(=O)(Oc1ccccc1)c1ccccc1,inactive
NCCNC(=O)c1ccc(S(=O)(=O)Oc2ccc(/C=C/[N+](=O)[O-])cc2)cc1,5.284318,4.987393636173672,0.296924334102207,0.4235294117647059,O=S(=O)(Oc1ccccc1)c1ccccc1,inactive
O=C(O)c1ccc(S(=O)(=O)Oc2ccc(/C=C/[N+](=O)[O-])cc2)c(O)c1,6.5157585,5.02108474334081,1.4946737710634865,0.42857142857142855,O=S(=O)(Oc1ccccc1)c1ccccc1,middle
O=C(O)c1ccc(S(=O)(=O)Oc2ccc(/C=C/[N+](=O)[O-])cc2)cc1,6.0,4.974869259198507,1.025130740801493,0.4523809523809524,O=S(=O)(Oc1ccccc1)c1ccccc1,middle
O=C(O)c1ccc(S(=O)(=O)Oc2ccc(/C=C/[N+](=O)[O-])cc2)cc1O,7.284318,5.0605042179425554,2.2238137523333235,0.4375,O=S(=O)(Oc1ccccc1)c1ccccc1,active
C#Cc1cccc(Nc2ncnc3cc4oc(=O)n(CCCC(=O)OCC)c4cc23)c1,5.2441254,7.137259439031283,1.8931340728203452,0.6829268292682927,O=c1[nH]c2cc3c(Nc4ccccc4)ncnc3cc2o1,inactive
C#Cc1cccc(Nc2ncnc3cc4oc(=O)n(CCOC(=O)CBr)c4cc23)c1,5.2839966,7.192094927628835,1.908098345597585,0.6538461538461539,O=c1[nH]c2cc3c(Nc4ccccc4)ncnc3cc2o1,inactive
C#Cc1cccc(Nc2ncnc3cc4oc(=O)n(CCOC)c4cc23)c1,6.7212462,7.299141478538513,0.57789523601532,0.7083333333333334,O=c1[nH]c2cc3c(Nc4ccccc4)ncnc3cc2o1,middle
CC(C)(C)c1ccc(Nc2ncnc3cc4oc(=O)n(CCOC(=O)CBr)c4cc23)cc1,6.0604806,5.290804767608643,0.7696758270263668,0.72,O=c1[nH]c2cc3c(Nc4ccccc4)ncnc3cc2o1,middle
CCOC(=O)CCCn1c(=O)oc2cc3ncnc(Nc4cc(C(=O)OCC)ccc4O)c3cc21,8.136677,6.523304186105729,1.6133726022243495,0.7792207792207793,O=c1[nH]c2cc3c(Nc4ccccc4)ncnc3cc2o1,active
CCOC(=O)CCCn1c(=O)oc2cc3ncnc(Nc4cc(C)cc(C)c4)c3cc21,5.823909,5.958244872424337,0.1343360665771689,0.726027397260274,O=c1[nH]c2cc3c(Nc4ccccc4)ncnc3cc2o1,inactive
CCOC(=O)CCCn1c(=O)oc2cc3ncnc(Nc4ccc(Cl)cc4)c3cc21,5.920819,5.992574711375766,0.07175590568118562,0.7368421052631579,O=c1[nH]c2cc3c(Nc4ccccc4)ncnc3cc2o1,inactive
CCOC(=O)CCCn1c(=O)oc2cc3ncnc(Nc4ccc(F)c(Cl)c4)c3cc21,5.1079054,7.487195309996605,2.379289922118187,0.7088607594936709,O=c1[nH]c2cc3c(Nc4ccccc4)ncnc3cc2o1,inactive
CCOC(=O)CCCn1c(=O)oc2cc3ncnc(Nc4ccc(F)c(F)c4)c3cc21,6.853872,6.641864507926835,0.21200731443034293,0.7368421052631579,O=c1[nH]c2cc3c(Nc4ccccc4)ncnc3cc2o1,middle
CCOC(=O)CCCn1c(=O)oc2cc3ncnc(Nc4ccc(O)cc4)c3cc21,7.69897,6.029944061173333,1.6690257798300854,0.7702702702702703,O=c1[nH]c2cc3c(Nc4ccccc4)ncnc3cc2o1,active
CCOC(=O)CCCn1c(=O)oc2cc3ncnc(Nc4ccc(OC(C)C)cc4)c3cc21,6.79588,6.019205400678846,0.7766744401719841,0.7435897435897436,O=c1[nH]c2cc3c(Nc4ccccc4)ncnc3cc2o1,middle
CCOC(=O)CCCn1c(=O)oc2cc3ncnc(Nc4ccc(OC)cc4)c3cc21,5.124939,6.021712008052401,0.8967730432086514,0.7733333333333333,O=c1[nH]c2cc3c(Nc4ccccc4)ncnc3cc2o1,inactive
CCOC(=O)CCCn1c(=O)oc2cc3ncnc(Nc4cccc(O)c4)c3cc21,8.060481,6.666605043345027,1.3938760281271412,0.717948717948718,O=c1[nH]c2cc3c(Nc4ccccc4)ncnc3cc2o1,active
CCOC(=O)c1ccc(O)c(Nc2ncnc3cc4oc(=O)n(CCOC)c4cc23)c1,6.3565474,6.567659328381221,0.21111197272936533,0.7532467532467533,O=c1[nH]c2cc3c(Nc4ccccc4)ncnc3cc2o1,middle
COCCn1c(=O)oc2cc3ncnc(Nc4ccc(F)c(Cl)c4)c3cc21,6.3279023,7.637185498317082,1.3092831812699632,0.704225352112676,O=c1[nH]c2cc3c(Nc4ccccc4)ncnc3cc2o1,middle
COCCn1c(=O)oc2cc3ncnc(Nc4ccc(F)c(F)c4)c3cc21,7.5850267,6.80456525378757,0.7804614872402622,0.6911764705882353,O=c1[nH]c2cc3c(Nc4ccccc4)ncnc3cc2o1,active
COCCn1c(=O)oc2cc3ncnc(Nc4ccc(OC)c(OC)c4)c3cc21,5.2596374,6.629616677284241,1.3699793214797973,0.6,O=c1[nH]c2cc3c(Nc4ccccc4)ncnc3cc2o1,inactive
COCCn1c(=O)oc2cc3ncnc(Nc4ccc(OC)cc4)c3cc21,5.29243,6.368546655972799,1.0761167319615685,0.7272727272727273,O=c1[nH]c2cc3c(Nc4ccccc4)ncnc3cc2o1,inactive
COCCn1c(=O)oc2cc3ncnc(Nc4cccc(C(C)=O)c4)c3cc21,6.251812,6.528476909955343,0.2766649287541707,0.7222222222222222,O=c1[nH]c2cc3c(Nc4ccccc4)ncnc3cc2o1,middle
O=C(CBr)OCCn1c(=O)oc2cc3ncnc(Nc4ccc(F)c(Cl)c4)c3cc21,6.337242,7.621943800820245,1.284701674355401,0.7631578947368421,O=c1[nH]c2cc3c(Nc4ccccc4)ncnc3cc2o1,middle
O=C(CBr)OCCn1c(=O)oc2cc3ncnc(Nc4ccc(F)c(F)c4)c3cc21,6.5228786,6.635889681816101,0.11301103496551512,0.7066666666666667,O=c1[nH]c2cc3c(Nc4ccccc4)ncnc3cc2o1,middle
O=C(CCl)OCCn1c(=O)oc2cc3ncnc(Nc4ccc(F)c(Cl)c4)c3cc21,6.481486,7.528652602407668,1.0471667587492206,0.76,O=c1[nH]c2cc3c(Nc4ccccc4)ncnc3cc2o1,middle
O=C(CCl)OCCn1c(=O)oc2cc3ncnc(Nc4ccc(F)c(F)c4)c3cc21,5.3279023,6.802150451978048,1.4742481349309289,0.7105263157894737,O=c1[nH]c2cc3c(Nc4ccccc4)ncnc3cc2o1,inactive
Brc1cc2c(Nc3ccccc3)ncnc2s1,7.09691,6.720718481673134,0.3761915181742781,0.6428571428571429,c1ccc(Nc2ncnc3sccc23)cc1,active
Brc1cccc(Nc2ncnc3sccc23)c1,7.455932,7.218477783203125,0.2374543571472172,0.6363636363636364,c1ccc(Nc2ncnc3sccc23)cc1,active
C#Cc1cccc(Nc2ncnc3sc(Br)cc23)c1,7.6382723,7.345324268341065,0.2929480171203611,0.6140350877192983,c1ccc(Nc2ncnc3sccc23)cc1,active
C/C=C(\C)C(=O)Nc1cc2c(Nc3ccc(F)c(Cl)c3)ncnc2s1,5.192871,7.665104525354172,2.472233431604172,0.5972222222222222,c1ccc(Nc2ncnc3sccc23)cc1,inactive
C=CC(=O)Nc1cc2c(Nc3ccc(F)c(Cl)c3)ncnc2s1,7.7078342,8.132697033882142,0.42486279010772776,0.6724137931034483,c1ccc(Nc2ncnc3sccc23)cc1,active
C=CCOC(=O)Nc1cc2c(Nc3ccc(F)c(Cl)c3)ncnc2s1,5.376415,7.1792658864127255,1.8028511105643368,0.5866666666666667,c1ccc(Nc2ncnc3sccc23)cc1,inactive
CCN(CC)C/C=C/C(=O)Nc1cc2c(Nc3ccc(F)c(Cl)c3)ncnc2s1,7.776421,7.973413278261821,0.1969922081629436,0.684931506849315,c1ccc(Nc2ncnc3sccc23)cc1,active
CCN(CC)CCN(C)C/C=C/C(=O)Nc1cc2c(Nc3ccc(F)c(Cl)c3)ncnc2s1,6.6539907,7.899430453512405,1.2454397079679715,0.6329113924050633,c1ccc(Nc2ncnc3sccc23)cc1,middle
CN(C)C/C=C/C(=O)Nc1cc2c(Nc3ccc(F)c(Cl)c3)ncnc2s1,7.0546217,7.9049032869868805,0.8502815905147125,0.704225352112676,c1ccc(Nc2ncnc3sccc23)cc1,active
CN(C)CCCC(=O)Nc1cc2c(Nc3ccc(F)c(Cl)c3)ncnc2s1,5.9207287,7.758227224312131,1.8374985408404516,0.5921052631578947,c1ccc(Nc2ncnc3sccc23)cc1,inactive
CN(C)CCCN(C)C/C=C/C(=O)Nc1cc2c(Nc3ccc(F)c(Cl)c3)ncnc2s1,6.5068245,7.921375548044842,1.4145510546366387,0.6410256410256411,c1ccc(Nc2ncnc3sccc23)cc1,middle
CN(C)CCCN(C)CC(=O)Nc1cc2c(Nc3ccc(F)c(Cl)c3)ncnc2s1,5.525985,7.698664575152926,2.172679811053805,0.569620253164557,c1ccc(Nc2ncnc3sccc23)cc1,inactive
CN(C)CCCNC/C=C/C(=O)Nc1cc2c(Nc3ccc(F)c(Cl)c3)ncnc2s1,7.538585,7.797929665035672,0.2593444790310331,0.7012987012987013,c1ccc(Nc2ncnc3sccc23)cc1,active
CN(C)CCN(C)CC(=O)Nc1cc2c(Nc3ccc(F)c(Cl)c3)ncnc2s1,5.367948,7.747433847321404,2.37948579205407,0.5844155844155844,c1ccc(Nc2ncnc3sccc23)cc1,inactive
COC(=O)CC(=O)Nc1cc2c(Nc3ccc(F)c(Cl)c3)ncnc2s1,5.3012905,7.625722050666809,2.324431538581848,0.625,c1ccc(Nc2ncnc3sccc23)cc1,inactive
COC(CN(C)C/C=C/C(=O)Nc1cc2c(Nc3ccc(F)c(Cl)c3)ncnc2s1)OC,7.95682,7.864201610300276,0.09261840083864037,0.6329113924050633,c1ccc(Nc2ncnc3sccc23)cc1,active
COCCNC/C=C/C(=O)Nc1cc2c(Nc3ccc(F)c(Cl)c3)ncnc2s1,7.1419983,7.709716115527684,0.5677178245120587,0.72,c1ccc(Nc2ncnc3sccc23)cc1,active
CS(=O)(=O)CCNC/C=C/C(=O)Nc1cc2c(Nc3ccc(F)c(Cl)c3)ncnc2s1,7.845185,7.773569221496582,0.07161558151245107,0.7105263157894737,c1ccc(Nc2ncnc3sccc23)cc1,active
Fc1ccc(Nc2ncnc3sc(Br)cc23)cc1Cl,7.275724,7.487043270402484,0.2113193362289003,0.5964912280701754,c1ccc(Nc2ncnc3sccc23)cc1,active
Fc1ccc(Nc2ncnc3sccc23)cc1Cl,5.5257835,7.4773864796426555,1.951602940824296,0.6086956521739131,c1ccc(Nc2ncnc3sccc23)cc1,inactive
O=C(CCl)Nc1cc2c(Nc3ccc(F)c(Cl)c3)ncnc2s1,6.7733407,7.665600692960952,0.8922599909040674,0.6617647058823529,c1ccc(Nc2ncnc3sccc23)cc1,middle
CN(C)CCOc1ccc(Nc2ncnc3cc(OCCCN4CCOCC4)c(NC(=O)c4cc([N+](=O)[O-])ccc4F)cc23)cc1Cl,6.5686364,7.170637258953519,0.6020008415646032,0.8297872340425532,O=C(Nc1cc2c(Nc3ccccc3)ncnc2cc1OCCCN1CCOCC1)c1ccccc1,middle
COCCOc1ccc(Nc2ncnc3cc(OCCCN4CCOCC4)c(NC(=O)c4cc([N+](=O)[O-])ccc4F)cc23)cc1Cl,6.334419,7.115392037497625,0.7809732638465023,0.8571428571428571,O=C(Nc1cc2c(Nc3ccccc3)ncnc2cc1OCCCN1CCOCC1)c1ccccc1,middle
CS(=O)(=O)c1ccc(F)c(C(=O)Nc2cc3c(Nc4ccc(F)c(Cl)c4)ncnc3cc2OCCCN2CCOCC2)c1,7.2441254,7.629972628593444,0.3858472623825069,0.7469879518072289,O=C(Nc1cc2c(Nc3ccccc3)ncnc2cc1OCCCN1CCOCC1)c1ccccc1,active
CS(=O)(=O)c1cccc(C(=O)Nc2cc3c(Nc4ccc(F)c(Cl)c4)ncnc3cc2OCCCN2CCOCC2)c1F,7.6197886,7.607612104453738,0.012176542244260347,0.7209302325581395,O=C(Nc1cc2c(Nc3ccccc3)ncnc2cc1OCCCN1CCOCC1)c1ccccc1,active
N#Cc1ccc(F)c(C(=O)Nc2cc3c(Nc4ccc(F)c(Cl)c4)ncnc3cc2OCCCN2CCOCC2)c1,8.886057,7.589332616934701,1.2967242830897128,0.7349397590361446,O=C(Nc1cc2c(Nc3ccccc3)ncnc2cc1OCCCN1CCOCC1)c1ccccc1,active
N#Cc1ccc(Nc2ncnc3cc(OCCCN4CCOCC4)c(NC(=O)c4cc([N+](=O)[O-])ccc4F)cc23)cc1Cl,5.6487837,7.132359227907091,1.4835755441302352,0.8085106382978723,O=C(Nc1cc2c(Nc3ccccc3)ncnc2cc1OCCCN1CCOCC1)c1ccccc1,inactive
O=C(Nc1cc2c(Nc3ccc(F)c(Cl)c3)ncnc2cc1OCCCN1CCOCC1)c1cc(F)cc(F)c1F,6.437707,7.916101421711938,1.4783944743852775,0.7625,O=C(Nc1cc2c(Nc3ccccc3)ncnc2cc1OCCCN1CCOCC1)c1ccccc1,middle
O=C(Nc1cc2c(Nc3ccc(F)c(Cl)c3)ncnc2cc1OCCCN1CCOCC1)c1cc(F)ccc1[N+](=O)[O-],7.3665314,7.620064220163559,0.25353284809324617,0.7142857142857143,O=C(Nc1cc2c(Nc3ccccc3)ncnc2cc1OCCCN1CCOCC1)c1ccccc1,active
O=C(Nc1cc2c(Nc3ccc(F)c(Cl)c3)ncnc2cc1OCCCN1CCOCC1)c1cc([N+](=O)[O-])ccc1Cl,8.080922,7.581930642127991,0.4989914846420289,0.8117647058823529,O=C(Nc1cc2c(Nc3ccccc3)ncnc2cc1OCCCN1CCOCC1)c1ccccc1,active
O=C(Nc1cc2c(Nc3ccc(F)c(Cl)c3)ncnc2cc1OCCCN1CCOCC1)c1cc([N+](=O)[O-])ccc1F,8.434834,7.543413894971212,0.8914196316401162,0.8658536585365854,O=C(Nc1cc2c(Nc3ccccc3)ncnc2cc1OCCCN1CCOCC1)c1ccccc1,active
O=C(Nc1cc2c(Nc3ccc(F)c(Cl)c3)ncnc2cc1OCCCN1CCOCC1)c1cccc(C(F)(F)F)c1F,7.5228786,7.727211921411848,0.20433327456126182,0.7176470588235294,O=C(Nc1cc2c(Nc3ccccc3)ncnc2cc1OCCCN1CCOCC1)c1ccccc1,active
O=C(Nc1cc2c(Nc3ccc(F)c(Cl)c3)ncnc2cc1OCCCN1CCOCC1)c1cccc(F)c1F,7.537602,7.757485573488569,0.21988362570414477,0.7625,O=C(Nc1cc2c(Nc3ccccc3)ncnc2cc1OCCCN1CCOCC1)c1ccccc1,active
O=C(Nc1cc2c(Nc3ccc(F)c(Cl)c3)ncnc2cc1OCCCN1CCOCC1)c1cccc([N+](=O)[O-])c1,7.293282,7.500645192464193,0.20736316045125314,0.7319587628865979,O=C(Nc1cc2c(Nc3ccccc3)ncnc2cc1OCCCN1CCOCC1)c1ccccc1,active
O=C(Nc1cc2c(Nc3ccc(F)c(Cl)c3)ncnc2cc1OCCCN1CCOCC1)c1cccc([N+](=O)[O-])c1Cl,7.853872,7.799345978101095,0.054525844256082756,0.7070707070707071,O=C(Nc1cc2c(Nc3ccccc3)ncnc2cc1OCCCN1CCOCC1)c1ccccc1,active
O=C(Nc1cc2c(Nc3ccc(F)c(Cl)c3)ncnc2cc1OCCCN1CCOCC1)c1cccc([N+](=O)[O-])c1F,7.8860564,7.569565954897139,0.31649046829011684,0.7070707070707071,O=C(Nc1cc2c(Nc3ccccc3)ncnc2cc1OCCCN1CCOCC1)c1ccccc1,active
O=C(Nc1cc2c(Nc3ccc(F)c(Cl)c3)ncnc2cc1OCCCN1CCOCC1)c1ccccc1,7.5686364,7.5926590154284535,0.024022598039537435,0.7922077922077922,O=C(Nc1cc2c(Nc3ccccc3)ncnc2cc1OCCCN1CCOCC1)c1ccccc1,active
O=C(Nc1cc2c(Nc3ccc(F)c(Cl)c3)ncnc2cc1OCCCN1CCOCC1)c1ccccc1F,8.522879,7.814572517114972,0.7083061297356137,0.782051282051282,O=C(Nc1cc2c(Nc3ccccc3)ncnc2cc1OCCCN1CCOCC1)c1ccccc1,active
O=C(Nc1cc2c(Nc3ccc(F)c(F)c3)ncnc2cc1OCCCN1CCOCC1)c1cc([N+](=O)[O-])ccc1F,7.49485,6.812457729710473,0.6823924289809336,0.797752808988764,O=C(Nc1cc2c(Nc3ccccc3)ncnc2cc1OCCCN1CCOCC1)c1ccccc1,active
O=C(Nc1cc2c(Nc3ccc(F)cc3)ncnc2cc1OCCCN1CCOCC1)c1cc([N+](=O)[O-])ccc1F,6.369572,6.364937648243374,0.004634514384799893,0.7777777777777778,O=C(Nc1cc2c(Nc3ccccc3)ncnc2cc1OCCCN1CCOCC1)c1ccccc1,middle
CC(=O)Oc1ccc2c(c1)c(C(=O)Nc1ccccc1)c(SSc1c(C(=O)Nc3ccccc3)c3cc(OC(C)=O)ccc3n1C)n2C,5.275724,5.399397353331248,0.12367341915766428,0.5178571428571429,O=C(Nc1ccccc1)c1c(SSc2[nH]c3ccccc3c2C(=O)Nc2ccccc2)[nH]c2ccccc12,inactive
CC(=O)Oc1cccc2c(C(=O)Nc3ccccc3)c(SSc3c(C(=O)Nc4ccccc4)c4cccc(OC(C)=O)c4n3C)n(C)c12,5.004365,5.386975028779772,0.38261006143358056,0.5555555555555556,O=C(Nc1ccccc1)c1c(SSc2[nH]c3ccccc3c2C(=O)Nc2ccccc2)[nH]c2ccccc12,inactive
CC(=O)Oc1cccc2c1c(C(=O)Nc1ccccc1)c(SSc1c(C(=O)Nc3ccccc3)c3c(OC(C)=O)cccc3n1C)n2C,4.69897,5.3479183962610035,0.6489485552575855,0.47368421052631576,O=C(Nc1ccccc1)c1c(SSc2[nH]c3ccccc3c2C(=O)Nc2ccccc2)[nH]c2ccccc12,inactive
COc1ccc2c(C(=O)Nc3ccccc3)c(SSc3c(C(=O)Nc4ccccc4)c4ccc(OC)cc4n3C)n(C)c2c1,5.4436975,5.57787650903066,0.1341790564854941,0.5370370370370371,O=C(Nc1ccccc1)c1c(SSc2[nH]c3ccccc3c2C(=O)Nc2ccccc2)[nH]c2ccccc12,inactive
COc1cccc2c(C(=O)Nc3ccccc3)c(SSc3c(C(=O)Nc4ccccc4)c4cccc(OC)c4n3C)n(C)c12,5.1870866,5.47447984483507,0.2873932626512321,0.5769230769230769,O=C(Nc1ccccc1)c1c(SSc2[nH]c3ccccc3c2C(=O)Nc2ccccc2)[nH]c2ccccc12,inactive
Cn1c(SSc2c(C(=O)Nc3ccc(C(=O)O)cc3)c3ccccc3n2C)c(C(=O)Nc2ccc(C(=O)O)cc2)c2ccccc21,4.7721133,5.4010063171386715,0.6288929939270016,0.7209302325581395,O=C(Nc1ccccc1)c1c(SSc2[nH]c3ccccc3c2C(=O)Nc2ccccc2)[nH]c2ccccc12,inactive
Cn1c(SSc2c(C(=O)Nc3cccc(C(=O)O)c3)c3ccccc3n2C)c(C(=O)Nc2cccc(C(=O)O)c2)c2ccccc21,4.920819,5.261922453509437,0.34110364781485725,0.6041666666666666,O=C(Nc1ccccc1)c1c(SSc2[nH]c3ccccc3c2C(=O)Nc2ccccc2)[nH]c2ccccc12,inactive
Cn1c(SSc2c(C(=O)Nc3ccccc3)c3c(Cl)cccc3n2C)c(C(=O)Nc2ccccc2)c2c(Cl)cccc21,4.0,5.382908523612553,1.382908523612553,0.5094339622641509,O=C(Nc1ccccc1)c1c(SSc2[nH]c3ccccc3c2C(=O)Nc2ccccc2)[nH]c2ccccc12,inactive
Cn1c(SSc2c(C(=O)Nc3ccccc3)c3cc(Br)ccc3n2C)c(C(=O)Nc2ccccc2)c2cc(Br)ccc21,4.943095,5.412489233811696,0.46939402659734064,0.5576923076923077,O=C(Nc1ccccc1)c1c(SSc2[nH]c3ccccc3c2C(=O)Nc2ccccc2)[nH]c2ccccc12,inactive
Cn1c(SSc2c(C(=O)Nc3ccccc3)c3cc(C#N)ccc3n2C)c(C(=O)Nc2ccccc2)c2cc(C#N)ccc21,4.266803,5.346175860299005,1.0793730725182433,0.5272727272727272,O=C(Nc1ccccc1)c1c(SSc2[nH]c3ccccc3c2C(=O)Nc2ccccc2)[nH]c2ccccc12,inactive
Cn1c(SSc2c(C(=O)Nc3ccccc3)c3cc(Cl)ccc3n2C)c(C(=O)Nc2ccccc2)c2cc(Cl)ccc21,5.3665314,5.443943179448445,0.07741180737813291,0.5576923076923077,O=C(Nc1ccccc1)c1c(SSc2[nH]c3ccccc3c2C(=O)Nc2ccccc2)[nH]c2ccccc12,inactive
Cn1c(SSc2c(C(=O)Nc3ccccc3)c3cc(O)ccc3n2C)c(C(=O)Nc2ccccc2)c2cc(O)ccc21,4.3925447,5.329244708220164,0.9366999618212386,0.5686274509803921,O=C(Nc1ccccc1)c1c(SSc2[nH]c3ccccc3c2C(=O)Nc2ccccc2)[nH]c2ccccc12,inactive
Cn1c(SSc2c(C(=O)Nc3ccccc3)c3cc([N+](=O)[O-])ccc3n2C)c(C(=O)Nc2ccccc2)c2cc([N+](=O)[O-])ccc21,5.30103,5.263143326441447,0.037886832555135364,0.5178571428571429,O=C(Nc1ccccc1)c1c(SSc2[nH]c3ccccc3c2C(=O)Nc2ccccc2)[nH]c2ccccc12,inactive
Cn1c(SSc2c(C(=O)Nc3ccccc3)c3ccc(O)cc3n2C)c(C(=O)Nc2ccccc2)c2ccc(O)cc21,4.3565474,5.377683022022247,1.0211356663703919,0.5686274509803921,O=C(Nc1ccccc1)c1c(SSc2[nH]c3ccccc3c2C(=O)Nc2ccccc2)[nH]c2ccccc12,inactive
Cn1c(SSc2c(C(=O)Nc3ccccc3)c3cccc(O)c3n2C)c(C(=O)Nc2ccccc2)c2cccc(O)c21,4.0,5.365750541951922,1.3657505419519218,0.6122448979591837,O=C(Nc1ccccc1)c1c(SSc2[nH]c3ccccc3c2C(=O)Nc2ccccc2)[nH]c2ccccc12,inactive
Cn1c(SSc2c(C(=O)Nc3ccccc3)c3ccccc3n2C)c(C(=O)Nc2ccccc2)c2ccccc21,4.9812865,5.401815527280172,0.4205290015538532,0.717948717948718,O=C(Nc1ccccc1)c1c(SSc2[nH]c3ccccc3c2C(=O)Nc2ccccc2)[nH]c2ccccc12,inactive
Cn1c(SSc2c(C(=O)Nc3ccccc3C(=O)O)c3ccccc3n2C)c(C(=O)Nc2ccccc2C(=O)O)c2ccccc21,4.3279023,5.324032004674276,0.9961296876271568,0.6363636363636364,O=C(Nc1ccccc1)c1c(SSc2[nH]c3ccccc3c2C(=O)Nc2ccccc2)[nH]c2ccccc12,inactive
O=C(Nc1ccccc1)c1c(SSc2[nH]c3ccccc3c2C(=O)Nc2ccccc2)[nH]c2ccccc12,4.0,5.064082706769307,1.064082706769307,0.6842105263157895,O=C(Nc1ccccc1)c1c(SSc2[nH]c3ccccc3c2C(=O)Nc2ccccc2)[nH]c2ccccc12,inactive
C/C(=N\Nc1ncc(Cl)c(Nc2cccc(NC(=O)/C=C/CN(C)C)c2)n1)c1ccc(F)cc1,5.2218366,6.171924592653911,0.9500880257288618,0.7945205479452054,C(=NNc1nccc(Nc2ccccc2)n1)c1ccccc1,inactive
C/C(=N\Nc1ncc(Cl)c(Nc2cccc(NC(=O)/C=C/CN(C)C)c2)n1)c1ccc(F)cc1F,6.086186,6.165489557584126,0.0793036254247026,0.7272727272727273,C(=NNc1nccc(Nc2ccccc2)n1)c1ccccc1,middle
C=CC(=O)Nc1cccc(Nc2nc(N/N=C(\C)c3ccc(C)cc3)ncc2Cl)c1,5.246417,6.826772522926331,1.580355477333069,0.6268656716417911,C(=NNc1nccc(Nc2ccccc2)n1)c1ccccc1,inactive
C=CC(=O)Nc1cccc(Nc2nc(N/N=C(\C)c3ccc(F)cc3)ncc2Cl)c1,5.7746906,6.81738712310791,1.042696495056152,0.5974025974025974,C(=NNc1nccc(Nc2ccccc2)n1)c1ccccc1,inactive
C=CC(=O)Nc1cccc(Nc2nc(N/N=C(\C)c3ccc(F)cc3F)ncc2Cl)c1,5.286968,6.820938126246134,1.5339698950449625,0.5694444444444444,C(=NNc1nccc(Nc2ccccc2)n1)c1ccccc1,inactive
C=CC(=O)Nc1cccc(Nc2nc(N/N=C/c3ccc(F)cc3)ncc2Cl)c1,6.0655017,6.996376262505849,0.9308745725949601,0.6119402985074627,C(=NNc1nccc(Nc2ccccc2)n1)c1ccccc1,middle
C=CC(=O)Nc1cccc(Nc2nc(N/N=C/c3ccc(F)cc3F)ncc2Cl)c1,4.9366665,6.995690226554871,2.0590237379074097,0.5757575757575758,C(=NNc1nccc(Nc2ccccc2)n1)c1ccccc1,inactive
C=CC(=O)Nc1cccc(Nc2nc(N/N=C/c3ccccc3F)ncc2Cl)c1,5.7189665,6.930400708516439,1.2114342244466147,0.5873015873015873,C(=NNc1nccc(Nc2ccccc2)n1)c1ccccc1,inactive
CC(C)S(=O)(=O)c1ccccc1Nc1nc(N/N=C/c2ccc(C(F)(F)F)cc2)ncc1Cl,6.2269454,6.615011480808258,0.38806608057022096,0.4470588235294118,C(=NNc1nccc(Nc2ccccc2)n1)c1ccccc1,middle
CC(C)S(=O)(=O)c1ccccc1Nc1nc(N/N=C/c2ccc(F)cc2)ncc1Cl,6.2441254,6.57416427787145,0.33003891166051247,0.48148148148148145,C(=NNc1nccc(Nc2ccccc2)n1)c1ccccc1,middle
CC(C)S(=O)(=O)c1ccccc1Nc1nc(N/N=C/c2ccc(OC(F)(F)F)cc2)ncc1Cl,6.046724,6.515419918060303,0.46869607543945335,0.4482758620689655,C(=NNc1nccc(Nc2ccccc2)n1)c1ccccc1,middle
CC(C)S(=O)(=O)c1ccccc1Nc1nc(N/N=C/c2cccc(C(F)(F)F)c2)ncc1Cl,6.337242,6.517164800008138,0.1799226735432944,0.4482758620689655,C(=NNc1nccc(Nc2ccccc2)n1)c1ccccc1,middle
CN(C)C/C=C/C(=O)Nc1cccc(Nc2nc(N/N=C/c3ccc(F)cc3)ncc2Cl)c1,5.7392545,6.296091302235921,0.5568368275960287,0.6707317073170732,C(=NNc1nccc(Nc2ccccc2)n1)c1ccccc1,inactive
CN(C)C/C=C/C(=O)Nc1cccc(Nc2nc(N/N=C/c3ccc(F)cc3F)ncc2Cl)c1,5.5985994,6.3334388256073,0.7348393917083742,0.6746987951807228,C(=NNc1nccc(Nc2ccccc2)n1)c1ccccc1,inactive
CN(C)C/C=C/C(=O)Nc1cccc(Nc2nc(N/N=C/c3ccccc3F)ncc2Cl)c1,5.806875,6.293165431022644,0.4862902021408084,0.7125,C(=NNc1nccc(Nc2ccccc2)n1)c1ccccc1,inactive
COc1ccc(/C=N/Nc2ncc(Cl)c(Nc3ccccc3S(=O)(=O)C(C)C)n2)cc1,6.231362,6.522979237386159,0.2916173713888446,0.5061728395061729,C(=NNc1nccc(Nc2ccccc2)n1)c1ccccc1,middle
COc1cccc(/C=N/Nc2ncc(Cl)c(Nc3ccccc3S(=O)(=O)C(C)C)n2)c1,6.2211256,6.310939683346521,0.08981408062435303,0.5060240963855421,C(=NNc1nccc(Nc2ccccc2)n1)c1ccccc1,middle
C/C=C/C(=O)N1CCC[C@@H](n2nc(C(=O)Nc3nc4cc(Cl)ccc4o3)c3c(N)ncnc32)C1,6.617983,6.887050364812215,0.26906750043233263,0.92,O=C(Nc1nc2ccccc2o1)c1nn(C2CCCNC2)c2ncncc12,middle
C/C=C/C(=O)N1CCC[C@@H](n2nc(C(=O)Nc3nc4ccccc4o3)c3c(N)ncnc32)C1,6.89279,7.3968804904354934,0.5040906497372513,0.7662337662337663,O=C(Nc1nc2ccccc2o1)c1nn(C2CCCNC2)c2ncncc12,middle
C=C(C)C(=O)N1CCC[C@@H](n2nc(C(=O)Nc3nc4cc(Cl)ccc4o3)c3c(N)ncnc32)C1,6.0319843,6.665403402328492,0.633419073104859,0.7530864197530864,O=C(Nc1nc2ccccc2o1)c1nn(C2CCCNC2)c2ncncc12,middle
C=C(C)C(=O)N1CCC[C@@H](n2nc(C(=O)Nc3nc4cc(F)ccc4o3)c3c(N)ncnc32)C1,5.88773,6.775976251412952,0.888246129800403,0.7407407407407407,O=C(Nc1nc2ccccc2o1)c1nn(C2CCCNC2)c2ncncc12,inactive
C=CC(=O)N1CCC[C@@H](n2nc(C(=O)Nc3nc4cc(CCOC)ccc4o3)c3c(N)ncnc32)C1,7.6401644,7.434952368471358,0.20521200683381746,0.925,O=C(Nc1nc2ccccc2o1)c1nn(C2CCCNC2)c2ncncc12,active
C=CC(=O)N1CCC[C@@H](n2nc(C(=O)Nc3nc4cc(F)ccc4o3)c3c(N)ncnc32)C1,7.074688,7.265614111075327,0.19092615331165508,0.9178082191780822,O=C(Nc1nc2ccccc2o1)c1nn(C2CCCNC2)c2ncncc12,active
C=CC(=O)N1CCC[C@@H](n2nc(C(=O)Nc3nc4ccc(C#N)cc4o3)c3c(N)ncnc32)C1,7.4775558,7.320421269734701,0.15713448206583625,0.8375,O=C(Nc1nc2ccccc2o1)c1nn(C2CCCNC2)c2ncncc12,active
C=CC(=O)N1CCC[C@@H](n2nc(C(=O)Nc3nc4ccccc4o3)c3c(N)ncnc32)C1,7.6563606,7.735034205410214,0.07867357918951079,0.9142857142857143,O=C(Nc1nc2ccccc2o1)c1nn(C2CCCNC2)c2ncncc12,active
CC#CC(=O)N1CCC[C@@H](n2nc(C(=O)Nc3nc4ccccc4o3)c3c(N)ncnc32)C1,6.5850267,6.740104654683007,0.15507791365517498,0.7,O=C(Nc1nc2ccccc2o1)c1nn(C2CCCNC2)c2ncncc12,middle
CC(C)N(C)C/C=C/C(=O)N1CCC[C@@H](n2nc(C(=O)Nc3nc4cc(Cl)ccc4o3)c3c(N)ncnc32)C1,6.9172144,7.229411480267842,0.31219708665211954,0.9294117647058824,O=C(Nc1nc2ccccc2o1)c1nn(C2CCCNC2)c2ncncc12,middle
CCN(C)C/C=C/C(=O)N1CCC[C@@H](n2nc(C(=O)Nc3nc4cc(Cl)ccc4o3)c3c(N)ncnc32)C1,6.801343,7.205460464159648,0.40411749998728475,0.9285714285714286,O=C(Nc1nc2ccccc2o1)c1nn(C2CCCNC2)c2ncncc12,middle
CCN(CC)C/C=C/C(=O)N1CCC[C@@H](n2nc(C(=O)Nc3nc4cc(Cl)ccc4o3)c3c(N)ncnc32)C1,6.8041005,7.083076729774475,0.2789762163162228,0.927710843373494,O=C(Nc1nc2ccccc2o1)c1nn(C2CCCNC2)c2ncncc12,middle
CN(C)C/C=C/C(=O)N1CCC[C@@H](n2nc(C(=O)Nc3nc4cc(Cl)ccc4o3)c3c(N)ncnc32)C1,6.838632,7.211577186584472,0.3729450798034666,0.9375,O=C(Nc1nc2ccccc2o1)c1nn(C2CCCNC2)c2ncncc12,middle
Cc1cc(C)c(O)c(CN(Cc2ccc(F)cc2)C(=S)Nc2ccccc2)c1,4.7119746,4.905810308191511,0.1938356873724194,0.7843137254901961,S=C(Nc1ccccc1)N(Cc1ccccc1)Cc1ccccc1,inactive
Cc1cc(C)c(O)c(CN(Cc2ccc(O)cc2)C(=S)Nc2ccccc2)c1,5.2343316,5.114358227782779,0.11997338003582492,0.7755102040816326,S=C(Nc1ccccc1)N(Cc1ccccc1)Cc1ccccc1,inactive
Cc1cccc(CN(Cc2ccc(F)cc2)C(=S)Nc2ccccc2)c1O,5.068542,5.008368821673923,0.060173181957669186,0.7755102040816326,S=C(Nc1ccccc1)N(Cc1ccccc1)Cc1ccccc1,inactive
Cc1cccc(CN(Cc2ccc(O)cc2)C(=S)Nc2ccccc2)c1O,5.4609237,5.20318665795856,0.25773701376385194,0.7659574468085106,S=C(Nc1ccccc1)N(Cc1ccccc1)Cc1ccccc1,inactive
Oc1c(Br)cc(Br)cc1CN(Cc1ccc(F)cc1)C(=S)Nc1ccccc1,5.7544875,5.424786088201734,0.3297014262941156,0.7843137254901961,S=C(Nc1ccccc1)N(Cc1ccccc1)Cc1ccccc1,inactive
Oc1c(Br)cccc1CN(Cc1ccc(F)cc1)C(=S)Nc1ccccc1,6.008774,5.532818589740329,0.47595521397060825,0.7755102040816326,S=C(Nc1ccccc1)N(Cc1ccccc1)Cc1ccccc1,middle
Oc1c(Cl)cc(Cl)cc1CN(Cc1ccc(F)cc1)C(=S)Nc1ccccc1,5.8728952,5.491074517303042,0.381820723480649,0.7843137254901961,S=C(Nc1ccccc1)N(Cc1ccccc1)Cc1ccccc1,inactive
Oc1c(Cl)cccc1CN(Cc1ccc(F)cc1)C(=S)Nc1ccccc1,6.1739254,5.533932065698835,0.6399933340814385,0.7755102040816326,S=C(Nc1ccccc1)N(Cc1ccccc1)Cc1ccccc1,middle
Oc1ccc(CN(Cc2cc(Br)cc(Br)c2O)C(=S)Nc2ccccc2)cc1,6.0604806,5.703904573652479,0.35657602098253083,0.7755102040816326,S=C(Nc1ccccc1)N(Cc1ccccc1)Cc1ccccc1,middle
Oc1ccc(CN(Cc2cc(Cl)cc(Cl)c2O)C(=S)Nc2ccccc2)cc1,6.251812,5.658755190107557,0.5930567910936153,0.7755102040816326,S=C(Nc1ccccc1)N(Cc1ccccc1)Cc1ccccc1,middle
Oc1ccc(CN(Cc2cccc(Br)c2O)C(=S)Nc2ccccc2)cc1,6.920819,5.686364985836876,1.2344538198577037,0.7659574468085106,S=C(Nc1ccccc1)N(Cc1ccccc1)Cc1ccccc1,middle
Oc1ccc(CN(Cc2cccc(Cl)c2O)C(=S)Nc2ccccc2)cc1,7.09691,5.659437877072228,1.4374721227751843,0.7659574468085106,S=C(Nc1ccccc1)N(Cc1ccccc1)Cc1ccccc1,active
CN(C)CCc1ccc(Nc2nc3ncnc(Nc4ccc(F)c(Cl)c4)c3s2)cc1,7.8860564,7.977656848165723,0.09160042497846721,0.6825396825396826,c1ccc(Nc2nc3ncnc(Nc4ccccc4)c3s2)cc1,active
CN(C)Cc1ccc(Nc2nc3ncnc(Nc4ccc(F)c(Cl)c4)c3s2)cc1,7.920819,7.98878507762485,0.0679662719302696,0.7049180327868853,c1ccc(Nc2nc3ncnc(Nc4ccccc4)c3s2)cc1,active
COCCN(CCOC)S(=O)(=O)c1ccc(Nc2nc3ncnc(Nc4ccc(F)c(Cl)c4)c3s2)cc1,7.60206,7.367579545338947,0.23448029581705843,0.5616438356164384,c1ccc(Nc2nc3ncnc(Nc4ccccc4)c3s2)cc1,active
Cc1cccc(Nc2ncnc3nc(Nc4ccc(S(N)(=O)=O)cc4)sc23)c1,7.853872,6.3471163043975825,1.5067555179595953,0.6129032258064516,c1ccc(Nc2nc3ncnc(Nc4ccccc4)c3s2)cc1,active
Clc1cccc(Nc2ncnc3nc(Nc4ccccc4)sc23)c1,7.5686364,7.290993868509928,0.27764254887898776,0.5576923076923077,c1ccc(Nc2nc3ncnc(Nc4ccccc4)c3s2)cc1,active
Fc1ccc(Nc2ncnc3nc(Nc4ccccc4)sc23)cc1Cl,7.229148,7.497065020336045,0.2679171092642676,0.7017543859649122,c1ccc(Nc2nc3ncnc(Nc4ccccc4)c3s2)cc1,active
NS(=O)(=O)c1ccc(Nc2nc3ncnc(Nc4c(F)cccc4F)c3s2)cc1,6.7281585,5.475897580782572,1.2522608931859338,0.6065573770491803,c1ccc(Nc2nc3ncnc(Nc4ccccc4)c3s2)cc1,middle
NS(=O)(=O)c1ccc(Nc2nc3ncnc(Nc4ccc(F)c(Cl)c4)c3s2)cc1,8.045757,7.064463126606412,0.9812941670947595,0.6875,c1ccc(Nc2nc3ncnc(Nc4ccccc4)c3s2)cc1,active
NS(=O)(=O)c1ccc(Nc2nc3ncnc(Nc4cccc(Br)c4)c3s2)cc1,8.0,6.574898204803467,1.4251017951965332,0.6129032258064516,c1ccc(Nc2nc3ncnc(Nc4ccccc4)c3s2)cc1,active
NS(=O)(=O)c1ccc(Nc2nc3ncnc(Nc4cccc(Cl)c4)c3s2)cc1,8.1549015,6.548812090555827,1.6060894139607749,0.6461538461538462,c1ccc(Nc2nc3ncnc(Nc4ccccc4)c3s2)cc1,active
NS(=O)(=O)c1ccc(Nc2nc3ncnc(Nc4ccccc4)c3s2)cc1,7.086186,5.585037625630696,1.5011483065287274,0.6909090909090909,c1ccc(Nc2nc3ncnc(Nc4ccccc4)c3s2)cc1,active
C#Cc1cccc(Nc2nc(N)nc3[nH]c(CCc4ccccn4)cc23)c1,4.701147,6.722366491953532,2.0212194124857588,0.5970149253731343,c1ccc(Nc2ncnc3[nH]c(CCc4ccccn4)cc23)cc1,inactive
CC(C)(C)C(=O)Nc1nc(Nc2ccc(F)c(Br)c2)c2cc(CCc3ccccn3)[nH]c2n1,5.2676063,6.7409763786527845,1.4733701202604506,0.5277777777777778,c1ccc(Nc2ncnc3[nH]c(CCc4ccccn4)cc23)cc1,inactive
CC(C)(C)C(=O)Nc1nc(Nc2ccc(F)c(C(F)(F)F)c2)c2cc(CCc3ccccn3)[nH]c2n1,4.5702477,6.630404405593872,2.0601567554473874,0.5405405405405406,c1ccc(Nc2ncnc3[nH]c(CCc4ccccn4)cc23)cc1,inactive
CC(C)(C)C(=O)Nc1nc(Nc2ccc(F)c(Cl)c2)c2cc(CCc3ccccn3)[nH]c2n1,4.787812,6.739045923550924,1.9512336905797323,0.5205479452054794,c1ccc(Nc2ncnc3[nH]c(CCc4ccccn4)cc23)cc1,inactive
CC(C)(C)C(=O)Nc1nc(Nc2cccc(C(F)(F)F)c2)c2cc(CCc3ccccn3)[nH]c2n1,4.89279,6.620332807699839,1.7275429670015967,0.4675324675324675,c1ccc(Nc2ncnc3[nH]c(CCc4ccccn4)cc23)cc1,inactive
Nc1nc(Nc2ccc(F)c(Br)c2)c2cc(CCc3ccccn3)[nH]c2n1,4.0660067,6.6497788084877865,2.5837721480263607,0.7543859649122807,c1ccc(Nc2ncnc3[nH]c(CCc4ccccn4)cc23)cc1,inactive
Nc1nc(Nc2ccc(F)c(C(F)(F)F)c2)c2cc(CCc3ccccn3)[nH]c2n1,4.806875,6.551323134104411,1.7444479052225752,0.7666666666666667,c1ccc(Nc2ncnc3[nH]c(CCc4ccccn4)cc23)cc1,inactive
Nc1nc(Nc2ccc(F)c(Cl)c2)c2cc(CCc3ccccn3)[nH]c2n1,3.956245,6.675808392365774,2.7195634468396506,0.7586206896551724,c1ccc(Nc2ncnc3[nH]c(CCc4ccccn4)cc23)cc1,inactive
Nc1nc(Nc2cccc(Br)c2)c2cc(CCc3ccccn3)[nH]c2n1,6.5228786,6.7155217822392785,0.1926431353886926,0.7454545454545455,c1ccc(Nc2ncnc3[nH]c(CCc4ccccn4)cc23)cc1,middle
Nc1nc(Nc2cccc(C(F)(F)F)c2)c2cc(CCc3ccccn3)[nH]c2n1,4.7144427,6.571962866783142,1.857520136833191,0.5970149253731343,c1ccc(Nc2ncnc3[nH]c(CCc4ccccn4)cc23)cc1,inactive
CC(=O)NC(Cc1c(SSc2[nH]c3ccccc3c2CC(NC(C)=O)C(=O)NCc2ccccc2)[nH]c2ccccc12)C(=O)NCc1ccccc1,4.29243,4.656173243522644,0.36374331951141325,0.5961538461538461,O=C(CCc1c(SSc2[nH]c3ccccc3c2CCC(=O)NCc2ccccc2)[nH]c2ccccc12)NCc1ccccc1,inactive
CC(=O)OC(Cc1c(SSc2[nH]c3ccccc3c2CC(OC(C)=O)C(=O)NCc2ccccc2)[nH]c2ccccc12)C(=O)NCc1ccccc1,4.552842,4.594023926258087,0.04118178606033318,0.5849056603773585,O=C(CCc1c(SSc2[nH]c3ccccc3c2CCC(=O)NCc2ccccc2)[nH]c2ccccc12)NCc1ccccc1,inactive
COC(=O)c1ccc(CNC(=O)CCc2c(SSc3[nH]c4ccccc4c3CCC(=O)NCc3ccc(C(=O)OC)c(O)c3)[nH]c3ccccc23)cc1O,4.0,4.784007340802086,0.784007340802086,0.5964912280701754,O=C(CCc1c(SSc2[nH]c3ccccc3c2CCC(=O)NCc2ccccc2)[nH]c2ccccc12)NCc1ccccc1,inactive
COC(=O)c1ccc(CNC(=O)CCc2c(SSc3[nH]c4ccccc4c3CCC(=O)NCc3ccc(C(=O)OC)cc3)[nH]c3ccccc23)cc1,4.3565474,4.578164450062645,0.22161709441078958,0.660377358490566,O=C(CCc1c(SSc2[nH]c3ccccc3c2CCC(=O)NCc2ccccc2)[nH]c2ccccc12)NCc1ccccc1,inactive
NC(Cc1c(SSc2[nH]c3ccccc3c2CC(N)C(=O)NCc2ccccc2)[nH]c2ccccc12)C(=O)NCc1ccccc1,5.1307683,4.556619044939677,0.5741492541631059,0.6458333333333334,O=C(CCc1c(SSc2[nH]c3ccccc3c2CCC(=O)NCc2ccccc2)[nH]c2ccccc12)NCc1ccccc1,inactive
O=C(CCc1c(SSc2[nH]c3ccccc3c2CCC(=O)NCc2ccc(C(=O)O)c(O)c2)[nH]c2ccccc12)NCc1ccc(C(=O)O)c(O)c1,5.070581,4.856341245704226,0.21423971361584204,0.6363636363636364,O=C(CCc1c(SSc2[nH]c3ccccc3c2CCC(=O)NCc2ccccc2)[nH]c2ccccc12)NCc1ccccc1,inactive
O=C(CCc1c(SSc2[nH]c3ccccc3c2CCC(=O)NCc2ccc(C(=O)O)cc2)[nH]c2ccccc12)NCc1ccc(C(=O)O)cc1,5.1307683,4.6058964504135975,0.5248718486891857,0.7346938775510204,O=C(CCc1c(SSc2[nH]c3ccccc3c2CCC(=O)NCc2ccccc2)[nH]c2ccccc12)NCc1ccccc1,inactive
O=C(CCc1c(SSc2[nH]c3ccccc3c2CCC(=O)NCc2ccccc2)[nH]c2ccccc12)NCc1ccccc1,6.070581,4.5347749694188435,1.5358059899012249,0.8604651162790697,O=C(CCc1c(SSc2[nH]c3ccccc3c2CCC(=O)NCc2ccccc2)[nH]c2ccccc12)NCc1ccccc1,middle
O=C(NCc1ccccc1)C(O)Cc1c(SSc2[nH]c3ccccc3c2CC(O)C(=O)NCc2ccccc2)[nH]c2ccccc12,4.853872,4.532753643989563,0.32111817836761514,0.6595744680851063,O=C(CCc1c(SSc2[nH]c3ccccc3c2CCC(=O)NCc2ccccc2)[nH]c2ccccc12)NCc1ccccc1,inactive
COC(=O)c1ccc(C(=O)N(C)[C@H]2C[C@@H]3O[C@](C)([C@H]2OC)n2c4ccccc4c4c5c(c6c7ccccc7n3c6c42)C(=O)NC5)cc1,5.1307683,5.347226907412211,0.21645860830942798,0.8205128205128205,O=C(NC1CC2OC(C1)n1c3ccccc3c3c4c(c5c6ccccc6n2c5c31)CNC4=O)c1ccccc1,inactive
CO[C@@H]1[C@H](N(C)C(=O)c2ccccc2)C[C@H]2O[C@]1(C)n1c3ccccc3c3c4c(c5c6ccccc6n2c5c31)C(=O)NC4,5.5228786,5.431936802864075,0.09094184398651084,0.8717948717948718,O=C(NC1CC2OC(C1)n1c3ccccc3c3c4c(c5c6ccccc6n2c5c31)CNC4=O)c1ccccc1,inactive
CO[C@H]1[C@@H](N(C)C(=O)c2ccc(C(=O)O)cc2)C[C@@H]2O[C@@]1(C)n1c3ccccc3c3c4c(c5c6ccccc6n2c5c31)C(=O)NC4,6.958607,5.439688510894776,1.5189186859130857,0.8181818181818182,O=C(NC1CC2OC(C1)n1c3ccccc3c3c4c(c5c6ccccc6n2c5c31)CNC4=O)c1ccccc1,middle
CO[C@H]1[C@@H](N(C)C(=O)c2ccc(Cl)cc2)C[C@@H]2O[C@@]1(C)n1c3ccccc3c3c4c(c5c6ccccc6n2c5c31)C(=O)NC4,5.154902,5.35841504573822,0.20351306438446048,0.8181818181818182,O=C(NC1CC2OC(C1)n1c3ccccc3c3c4c(c5c6ccccc6n2c5c31)CNC4=O)c1ccccc1,inactive
CO[C@H]1[C@@H](N(C)C(=O)c2cccc(Cl)c2)C[C@@H]2O[C@@]1(C)n1c3ccccc3c3c4c(c5c6ccccc6n2c5c31)C(=O)NC4,5.337242,5.337207630475362,3.449598948179755e-05,0.8095238095238095,O=C(NC1CC2OC(C1)n1c3ccccc3c3c4c(c5c6ccccc6n2c5c31)CNC4=O)c1ccccc1,inactive
CO[C@H]1[C@@H](N(C)C(=O)c2cccc([N+](=O)[O-])c2)C[C@@H]2O[C@@]1(C)n1c3ccccc3c3c4c(c5c6ccccc6n2c5c31)C(=O)NC4,5.318759,5.3347621854146325,0.01600322087605832,0.7816091954022989,O=C(NC1CC2OC(C1)n1c3ccccc3c3c4c(c5c6ccccc6n2c5c31)CNC4=O)c1ccccc1,inactive
CO[C@H]1[C@@H](N(C)C(=O)c2ccccc2)C[C@@H]2O[C@@]1(C)n1c3ccccc3c3c4c(c5c6ccccc6n2c5c31)C(=O)NC4,5.7212462,5.431936802864075,0.28930943965911826,0.8717948717948718,O=C(NC1CC2OC(C1)n1c3ccccc3c3c4c(c5c6ccccc6n2c5c31)CNC4=O)c1ccccc1,inactive
CO[C@H]1[C@@H](N(C)C(=O)c2ccccc2Cl)C[C@@H]2O[C@@]1(C)n1c3ccccc3c3c4c(c5c6ccccc6n2c5c31)C(=O)NC4,5.3279023,5.384735789696376,0.056833472649256755,0.8181818181818182,O=C(NC1CC2OC(C1)n1c3ccccc3c3c4c(c5c6ccccc6n2c5c31)CNC4=O)c1ccccc1,inactive
COc1ccc(C(=O)N(C)[C@H]2C[C@@H]3O[C@](C)([C@H]2OC)n2c4ccccc4c4c5c(c6c7ccccc7n3c6c42)C(=O)NC5)cc1,5.4436975,5.325974647204081,0.11772280534108504,0.8076923076923077,O=C(NC1CC2OC(C1)n1c3ccccc3c3c4c(c5c6ccccc6n2c5c31)CNC4=O)c1ccccc1,inactive
CC(C)N1C=C([C@@H](Nc2cc(Cl)c3ncc(C#N)c(Nc4ccc(F)c(Cl)c4)c3c2)c2cncs2)NN1,7.853872,8.115364194711049,0.2614923723538709,0.8125,C1=C(C(Nc2ccc3nccc(Nc4ccccc4)c3c2)c2cncs2)NNN1,active
Cc1ncsc1[C@H](Nc1cc(Cl)c2ncc(C#N)c(Nc3ccc(Cl)c(Cl)c3F)c2c1)C1=CN(C(C)C)NN1,7.7695513,7.927322044372558,0.15777076721191374,0.75,C1=C(C(Nc2ccc3nccc(Nc4ccccc4)c3c2)c2cncs2)NNN1,active
Cc1ncsc1[C@H](Nc1cc(Cl)c2ncc(C#N)c(Nc3ccc(Cl)c(Cl)c3F)c2c1)C1=CNNN1,7.6777806,7.842037924130758,0.16425729592641236,0.7530864197530864,C1=C(C(Nc2ccc3nccc(Nc4ccccc4)c3c2)c2cncs2)NNN1,active
Cc1ncsc1[C@H](Nc1cc(Cl)c2ncc(C#N)c(Nc3ccc(F)c(Cl)c3)c2c1)C1=CN(C(C)C)NN1,8.2218485,8.10346621910731,0.11838226874669466,0.7647058823529411,C1=C(C(Nc2ccc3nccc(Nc4ccccc4)c3c2)c2cncs2)NNN1,active
Cc1ncsc1[C@H](Nc1cc(Cl)c2ncc(C#N)c(Nc3cccc(Cl)c3F)c2c1)C1=CN(C(C)(C)C)NN1,8.39794,7.9756970739364625,0.4222426080703734,0.6875,C1=C(C(Nc2ccc3nccc(Nc4ccccc4)c3c2)c2cncs2)NNN1,active
Cc1ncsc1[C@H](Nc1cc(Cl)c2ncc(C#N)c(Nc3cccc(Cl)c3F)c2c1)C1=CN(C(C)C)NN1,8.2218485,8.012365581989288,0.20948290586471607,0.75,C1=C(C(Nc2ccc3nccc(Nc4ccccc4)c3c2)c2cncs2)NNN1,active
Cc1ncsc1[C@H](Nc1cc(Cl)c2ncc(C#N)c(Nc3cccc(Cl)c3F)c2c1)C1=CNNN1,8.30103,7.949283269246419,0.3517468897501628,0.7530864197530864,C1=C(C(Nc2ccc3nccc(Nc4ccccc4)c3c2)c2cncs2)NNN1,active
N#Cc1cnc2c(Cl)cc(N[C@H](C3=CNNN3)c3cncs3)cc2c1Nc1ccc(F)c(Cl)c1,8.1549015,8.065668512185415,0.08923299233118698,0.7375,C1=C(C(Nc2ccc3nccc(Nc4ccccc4)c3c2)c2cncs2)NNN1,active
COc1cc2ncnc(Nc3cc(NC(=O)c4cccc(N(C)C)c4)ccc3Cl)c2cc1OC,4.537602,6.921223824765948,2.3836218769815245,0.5633802816901409,O=C(Nc1cccc(Nc2ncnc3ccccc23)c1)c1ccccc1,inactive
COc1cc2ncnc(Nc3cc(NC(=O)c4ccccc4)c(F)cc3F)c2cc1OC,6.309804,7.019744338671367,0.7099403759638472,0.6296296296296297,O=C(Nc1cccc(Nc2ncnc3ccccc23)c1)c1ccccc1,middle
COc1cc2ncnc(Nc3cc(NC(=O)c4ccccc4)ccc3Cl)c2cc1OC,4.958607,6.852346785333422,1.8937395885255608,0.625,O=C(Nc1cccc(Nc2ncnc3ccccc23)c1)c1ccccc1,inactive
COc1cc2ncnc(Nc3ccc(C)c(NC(=O)c4ccccc4)c3)c2cc1OC,5.49485,6.813305560217964,1.318455401526558,0.7636363636363637,O=C(Nc1cccc(Nc2ncnc3ccccc23)c1)c1ccccc1,inactive
COc1cc2ncnc(Nc3ccc(Cl)c(NC(=O)c4cccc(N(C)C)c4)c3)c2cc1OC,6.0,7.1400369150903495,1.1400369150903495,0.6323529411764706,O=C(Nc1cccc(Nc2ncnc3ccccc23)c1)c1ccccc1,middle
COc1cc2ncnc(Nc3ccc(Cl)c(NC(=O)c4ccccc4)c3)c2cc1OC,5.6575775,6.984829751120674,1.3272522364722361,0.7049180327868853,O=C(Nc1cccc(Nc2ncnc3ccccc23)c1)c1ccccc1,inactive
COc1cc2ncnc(Nc3cccc(NC(=O)c4ccccc4)c3)c2cc1OC,5.251812,7.023159937461217,1.771347956260045,0.6875,O=C(Nc1cccc(Nc2ncnc3ccccc23)c1)c1ccccc1,inactive
COc1cc2ncnc(Nc3cccc(NC(=O)c4ccccc4)c3F)c2cc1OC,5.552842,7.605776056342655,2.0529339161449007,0.6296296296296297,O=C(Nc1cccc(Nc2ncnc3ccccc23)c1)c1ccccc1,inactive
CC1CNCCN(Cc2ccn3ncnc(Nc4ccc5c(cnn5Cc5cccc(F)c5)c4)c23)C1,6.8860564,6.868648630777995,0.01740779240926127,0.8513513513513513,c1ccc(Cn2ncc3cc(Nc4ncnn5ccc(CN6CCCNCC6)c45)ccc32)cc1,middle
CN1CCCN(Cc2ccn3ncnc(Nc4ccc5c(cnn5Cc5cccc(F)c5)c4)c23)CC1,6.8860564,6.655543082555135,0.23051334063212092,0.9420289855072463,c1ccc(Cn2ncc3cc(Nc4ncnn5ccc(CN6CCCNCC6)c45)ccc32)cc1,middle
COC1CNCCN(Cc2ccn3ncnc(Nc4ccc5c(cnn5Cc5cccc(F)c5)c4)c23)C1,6.7212462,6.557978673643536,0.16326756887965743,0.8076923076923077,c1ccc(Cn2ncc3cc(Nc4ncnn5ccc(CN6CCCNCC6)c45)ccc32)cc1,middle
COc1cn2ncnc(Nc3ccc4c(cnn4Cc4cccc(F)c4)c3)c2c1CN1CCCNCC1,6.7212462,6.91319464855724,0.1919484060340464,0.7831325301204819,c1ccc(Cn2ncc3cc(Nc4ncnn5ccc(CN6CCCNCC6)c45)ccc32)cc1,middle
CS(=O)(=O)N1CCCN(Cc2ccn3ncnc(Nc4ccc5c(cnn5Cc5cccc(F)c5)c4)c23)CC1,6.6777806,6.480468276341756,0.19731235186258989,0.8133333333333334,c1ccc(Cn2ncc3cc(Nc4ncnn5ccc(CN6CCCNCC6)c45)ccc32)cc1,middle
Fc1cccc(Cn2ncc3cc(Nc4ncnn5ccc(CN6CCCNCC6)c45)ccc32)c1,7.481486,6.796724052429199,0.6847617912292483,0.9420289855072463,c1ccc(Cn2ncc3cc(Nc4ncnn5ccc(CN6CCCNCC6)c45)ccc32)cc1,active
O[C@@H]1CNCCN(Cc2ccn3ncnc(Nc4ccc5c(cnn5Cc5cccc(F)c5)c4)c23)C1,6.69897,6.947445339494283,0.2484754984908646,0.8513513513513513,c1ccc(Cn2ncc3cc(Nc4ncnn5ccc(CN6CCCNCC6)c45)ccc32)cc1,middle
O[C@H]1CNCCN(Cc2ccn3ncnc(Nc4ccc5c(cnn5Cc5cccc(F)c5)c4)c23)C1,7.5850267,6.947445339494283,0.6375814015335495,0.8513513513513513,c1ccc(Cn2ncc3cc(Nc4ncnn5ccc(CN6CCCNCC6)c45)ccc32)cc1,active
C=CC(=O)N1CCCC(n2nc(-c3ccc(Oc4ccccc4)cc3)c3c(N)ncnc32)C1,8.886057,7.195005631420346,1.6910512686040677,0.8548387096774194,c1ccc(Oc2ccc(-c3nn(C4CCCNC4)c4ncncc34)cc2)cc1,active
C=CC(=O)N1CCC[C@@H](n2nc(-c3ccc(Oc4ccccc4)cc3)c3c(N)ncnc32)C1,8.101297,7.195005631420346,0.9062917471196927,0.8548387096774194,c1ccc(Oc2ccc(-c3nn(C4CCCNC4)c4ncncc34)cc2)cc1,active
C=CC(=O)N1CCC[C@H](n2nc(-c3ccc(Oc4ccccc4)cc3)c3c(N)ncnc32)C1,8.920818,7.195005631420346,1.7258126974370755,0.8548387096774194,c1ccc(Oc2ccc(-c3nn(C4CCCNC4)c4ncncc34)cc2)cc1,active
C=CC(=O)N1CCC[C@H](n2nc(-c3ccc(Oc4ccccc4)cc3C)c3c(N)ncnc32)C1,6.705534,6.403028130107455,0.30250585121578677,0.6944444444444444,c1ccc(Oc2ccc(-c3nn(C4CCCNC4)c4ncncc34)cc2)cc1,middle
CC#CC(=O)N1CCC[C@@H](n2nc(-c3ccc(Oc4ccccc4)cc3)c3c(N)ncnc32)C1,6.3612113,5.95024517997106,0.4109661199251802,0.6756756756756757,c1ccc(Oc2ccc(-c3nn(C4CCCNC4)c4ncncc34)cc2)cc1,middle
CC(C)(C)/C=C(\C#N)C(=O)N1CCC[C@@H](n2nc(-c3ccc(Oc4ccccc4)cc3F)c3c(N)ncnc32)C1,6.434152,6.227841682275136,0.20631044403712018,0.8620689655172413,c1ccc(Oc2ccc(-c3nn(C4CCCNC4)c4ncncc34)cc2)cc1,middle
CN(C)C/C=C/C(=O)N1CCC[C@@H](n2nc(-c3ccc(Oc4ccccc4)cc3)c3c(N)ncnc32)C1,7.31158,6.430660270955828,0.8809199101659981,0.8714285714285714,c1ccc(Oc2ccc(-c3nn(C4CCCNC4)c4ncncc34)cc2)cc1,active
CN(C/C=C/C(=O)N1CCCC(n2nc(-c3ccc(Oc4ccccc4)cc3)c3c(N)ncnc32)C1)CCO,7.127844,6.378712611410354,0.7491312454011698,0.7435897435897436,c1ccc(Oc2ccc(-c3nn(C4CCCNC4)c4ncncc34)cc2)cc1,active
CCOc1cc2ncnc(Nc3ccc(F)c(Cl)c3)c2cc1NC(=O)/C=C/CN1CC[C@@H]1COC,8.69897,8.432621377362144,0.2663484636412736,0.8860759493670886,O=C(C=CCN1CCC1)Nc1ccc2ncnc(Nc3ccccc3)c2c1,active
CCOc1cc2ncnc(Nc3ccc(F)c(Cl)c3)c2cc1NC(=O)/C=C/CN1CC[C@H]1COC,8.107905,8.432621377362144,0.3247159894837264,0.8860759493670886,O=C(C=CCN1CCC1)Nc1ccc2ncnc(Nc3ccccc3)c2c1,active
COCCOc1cc2ncnc(Nc3ccc(F)c(Cl)c3)c2cc1NC(=O)/C=C/CN1CC[C@@H]1COC,8.853872,8.206986816368405,0.6468854828259314,0.875,O=C(C=CCN1CCC1)Nc1ccc2ncnc(Nc3ccccc3)c2c1,active
COCCOc1cc2ncnc(Nc3ccc(F)c(Cl)c3)c2cc1NC(=O)/C=C/CN1CC[C@H]1COC,8.236572,8.206986816368405,0.029585449256595453,0.875,O=C(C=CCN1CCC1)Nc1ccc2ncnc(Nc3ccccc3)c2c1,active
COC[C@@H]1CCN1C/C=C/C(=O)Nc1cc2c(Nc3ccc(F)c(Cl)c3)ncnc2cc1OC,7.6675615,8.21177182415932,0.5442102930924246,0.8961038961038961,O=C(C=CCN1CCC1)Nc1ccc2ncnc(Nc3ccccc3)c2c1,active
COC[C@H]1CCN1C/C=C/C(=O)Nc1cc2c(Nc3ccc(F)c(Cl)c3)ncnc2cc1OC,8.79588,8.21177182415932,0.5841084935286691,0.8961038961038961,O=C(C=CCN1CCC1)Nc1ccc2ncnc(Nc3ccccc3)c2c1,active
COc1cc2ncnc(Nc3ccc(F)c(Cl)c3)c2cc1NC(=O)/C=C/CN1CCC1CO,8.638272,8.219438214737272,0.418834070724154,0.8571428571428571,O=C(C=CCN1CCC1)Nc1ccc2ncnc(Nc3ccccc3)c2c1,active
CN(C)c1ccc(Nc2ncnc3cc(-c4ccccc4)sc23)cc1,7.026872,6.964951775868734,0.06192038218180329,0.6071428571428571,c1ccc(Nc2ncnc3cc(-c4ccccc4)sc23)cc1,active
COc1cc(Nc2ncnc3cc(-c4ccc(Br)cc4)sc23)cc(OC)c1OC,6.4867826,7.177831523153518,0.6910489723417506,0.6851851851851852,c1ccc(Nc2ncnc3cc(-c4ccccc4)sc23)cc1,middle
COc1cc(Nc2ncnc3cc(-c4ccc(C)cc4)sc23)cc(OC)c1OC,6.0228786,7.158493965996637,1.1356153191460514,0.6981132075471698,c1ccc(Nc2ncnc3cc(-c4ccccc4)sc23)cc1,middle
COc1cc(Nc2ncnc3cc(-c4ccc(Cl)cc4)sc23)cc(OC)c1OC,6.5638375,7.142833822038438,0.578996293809678,0.6851851851851852,c1ccc(Nc2ncnc3cc(-c4ccccc4)sc23)cc1,middle
COc1cc(Nc2ncnc3cc(-c4ccc(I)cc4)sc23)cc(OC)c1OC,8.0,7.343488417201573,0.6565115827984274,0.6851851851851852,c1ccc(Nc2ncnc3cc(-c4ccccc4)sc23)cc1,active
COc1cc(Nc2ncnc3cc(-c4ccccc4)sc23)cc(OC)c1OC,7.6382723,7.246269679069519,0.3920026063919071,0.7450980392156863,c1ccc(Nc2ncnc3cc(-c4ccccc4)sc23)cc1,active
COc1ccc(-c2cc3ncnc(Nc4cc(OC)c(OC)c(OC)c4)c3s2)cc1,7.2839966,7.038664351304372,0.24533223072687793,0.6981132075471698,c1ccc(Nc2ncnc3cc(-c4ccccc4)sc23)cc1,active
CC(C)(C)CNc1c(C#N)cnc2c(C#N)cc(N[C@H](C3=CN(C45CC(C4)C5)NN3)c3cccc4cnccc34)cc12,8.69897,8.778794374465942,0.07982453346252427,0.8333333333333334,C1=C(C(Nc2ccc3ncccc3c2)c2cccc3cnccc23)NNN1C12CC(C1)C2,active
CC(C)(C)CNc1c(C#N)cnc2c(Cl)cc(N[C@H](C3=CN(C45CC(C4)C5)NN3)c3cccc4cnccc34)cc12,8.39794,8.62345494588216,0.22551526387532483,0.8390804597701149,C1=C(C(Nc2ccc3ncccc3c2)c2cccc3cnccc23)NNN1C12CC(C1)C2,active
COc1nccc2c([C@H](Nc3cc(C#N)c4ncc(C#N)c(NCC(C)(C)C(F)(F)F)c4c3)C3=CN(C45CC(C4)C5)NN3)cccc12,8.522879,8.647164533933005,0.12428588708241861,0.8461538461538461,C1=C(C(Nc2ccc3ncccc3c2)c2cccc3cnccc23)NNN1C12CC(C1)C2,active
COc1nccc2c([C@H](Nc3cc(C#N)c4ncc(C#N)c(NCC(C)(C)C)c4c3)C3=CN(C45CC(C4)C5)NN3)cccc12,8.522879,8.605153698921203,0.08227505207061725,0.8390804597701149,C1=C(C(Nc2ccc3ncccc3c2)c2cccc3cnccc23)NNN1C12CC(C1)C2,active
COc1nccc2c([C@H](Nc3cc(Cl)c4ncc(C#N)c(NCC(C)(C)C(F)(F)F)c4c3)C3=CN(C45CC(C4)C5)NN3)cccc12,8.2218485,8.120885078112284,0.1009634097417198,0.8526315789473684,C1=C(C(Nc2ccc3ncccc3c2)c2cccc3cnccc23)NNN1C12CC(C1)C2,active
COc1nccc2c([C@H](Nc3cc(Cl)c4ncc(C#N)c(NCC(C)(C)C)c4c3)C3=CN(C45CC(C4)C5)NN3)cccc12,8.1549015,8.145108853975932,0.009792650540669356,0.8444444444444444,C1=C(C(Nc2ccc3ncccc3c2)c2cccc3cnccc23)NNN1C12CC(C1)C2,active
COc1cc2c(Nc3ccc(NC(=O)c4ccc(C)cc4)cc3)ncnc2cc1OCCCN1CCN(C)CC1,6.161151,6.135025787565444,0.02612514474656802,0.855072463768116,O=C(Nc1ccc(Nc2ncnc3cc(OCCCN4CCNCC4)ccc23)cc1)c1ccccc1,middle
COc1cc2c(Nc3ccc(NC(=O)c4ccc(Cl)cc4)cc3)ncnc2cc1OCCCN1CCN(C)CC1,5.876148,6.125723711013793,0.2495754871368403,0.8656716417910447,O=C(Nc1ccc(Nc2ncnc3cc(OCCCN4CCNCC4)ccc23)cc1)c1ccccc1,inactive
COc1cc2c(Nc3ccc(NC(=O)c4cccc(Cl)c4)cc3)ncnc2cc1OCCCN1CCN(C)CC1,6.823909,6.583502267201742,0.24040653864542616,0.863013698630137,O=C(Nc1ccc(Nc2ncnc3cc(OCCCN4CCNCC4)ccc23)cc1)c1ccccc1,middle
COc1cc2c(Nc3ccc(NC(=O)c4ccccc4)cc3)ncnc2cc1OCCCN1CCN(C)CC1,6.8860564,6.461245497597589,0.42481092558966704,0.8529411764705882,O=C(Nc1ccc(Nc2ncnc3cc(OCCCN4CCNCC4)ccc23)cc1)c1ccccc1,middle
COc1cc2c(Nc3ccc(NC(=O)c4ccccc4Cl)cc3)ncnc2cc1OCCCN1CCN(C)CC1,7.69897,6.5399264864391755,1.1590433545642425,0.7746478873239436,O=C(Nc1ccc(Nc2ncnc3cc(OCCCN4CCNCC4)ccc23)cc1)c1ccccc1,active
COc1ccc(C(=O)Nc2ccc(Nc3ncnc4cc(OCCCN5CCN(C)CC5)c(OC)cc34)cc2)cc1,5.954677,6.207312700165644,0.25263559521569245,0.7571428571428571,O=C(Nc1ccc(Nc2ncnc3cc(OCCCN4CCNCC4)ccc23)cc1)c1ccccc1,inactive
C#Cc1cccc(Nc2ncnc3cc4c(cc23)N(CCCN2CCCCC2)C(=O)CO4)c1,6.674895,6.919165703455607,0.24427089373270672,0.8714285714285714,O=C1COc2cc3ncnc(Nc4ccccc4)c3cc2N1CCCN1CCCCC1,middle
Cc1cccc(Nc2ncnc3cc4c(cc23)N(CCCN2CCCCC2)C(=O)CO4)c1,6.3408446,6.605546899523055,0.26470226832798627,0.8656716417910447,O=C1COc2cc3ncnc(Nc4ccccc4)c3cc2N1CCCN1CCCCC1,middle
O=C1COc2cc3ncnc(Nc4ccc(F)c(Cl)c4)c3cc2N1CCCN1CCCCC1,6.860436,7.23021478758918,0.36977882491217784,0.8695652173913043,O=C1COc2cc3ncnc(Nc4ccccc4)c3cc2N1CCCN1CCCCC1,middle
O=C1COc2cc3ncnc(Nc4cccc(Br)c4)c3cc2N1CCCN1CCCCC1,7.004365,7.117805116971334,0.11344014962514226,0.8636363636363636,O=C1COc2cc3ncnc(Nc4ccccc4)c3cc2N1CCCN1CCCCC1,active
O=C1COc2cc3ncnc(Nc4cccc(Cl)c4)c3cc2N1CCCN1CCCCC1,6.9359164,6.982819619859968,0.046903196062360486,0.8656716417910447,O=C1COc2cc3ncnc(Nc4ccccc4)c3cc2N1CCCN1CCCCC1,middle
O=C1COc2cc3ncnc(Nc4cccc(F)c4)c3cc2N1CCCN1CCCCC1,6.337242,6.598745762507121,0.2615036360422769,0.8656716417910447,O=C1COc2cc3ncnc(Nc4ccccc4)c3cc2N1CCCN1CCCCC1,middle
C=CC(=O)Nc1cc(Nc2ncc(F)c(-c3ccc4cc(C(=O)N(C)C)n(C(C)C)c4c3)n2)ccc1N1CCN(C(C)C)CC1,7.221849,7.237067073186239,0.015218108495076876,0.6170212765957447,c1cc(-c2ccc3cc[nH]c3c2)nc(Nc2ccc(N3CCNCC3)cc2)n1,active
C=CC(=O)Nc1cc(Nc2ncc(F)c(-c3ccc4cc(C(=O)N(C)C)n(C(C)C)c4c3)n2)ccc1N1CCN(C)CC1,6.5833597,7.293255127271016,0.7098954089482623,0.6170212765957447,c1cc(-c2ccc3cc[nH]c3c2)nc(Nc2ccc(N3CCNCC3)cc2)n1,middle
C=CC(=O)Nc1cc(Nc2ncc(F)c(-c3ccc4cc(C(=O)NC)n(C(C)C)c4c3)n2)c(OC)cc1N1CCN(C(C)C)CC1,6.896938,7.447879372384812,0.5509415252473611,0.5918367346938775,c1cc(-c2ccc3cc[nH]c3c2)nc(Nc2ccc(N3CCNCC3)cc2)n1,middle
C=CC(=O)Nc1cc(Nc2ncc(F)c(-c3ccc4cc(C(=O)NC)n(C(C)C)c4c3)n2)c(OC)cc1N1CCN(C)CC1,7.070581,7.457585146903992,0.38700418758392363,0.5918367346938775,c1cc(-c2ccc3cc[nH]c3c2)nc(Nc2ccc(N3CCNCC3)cc2)n1,active
C=CC(=O)Nc1cc(Nc2ncc(F)c(-c3ccc4cc(C(=O)NC)n(C(C)C)c4c3)n2)ccc1N1CCN(C(C)C)CC1,7.29243,7.222276784578959,0.07015313943227142,0.6966292134831461,c1cc(-c2ccc3cc[nH]c3c2)nc(Nc2ccc(N3CCNCC3)cc2)n1,active
C=CC(=O)Nc1cc(Nc2ncc(F)c(-c3ccc4cc(C(=O)NC)n(C(C)C)c4c3)n2)ccc1N1CCN(C)CC1,6.6272674,7.301435378392537,0.6741680177052816,0.6966292134831461,c1cc(-c2ccc3cc[nH]c3c2)nc(Nc2ccc(N3CCNCC3)cc2)n1,middle
C=CC(=O)Nc1cccc(Nc2nc(Nc3ccc(N4CCOCC4)cc3OC(F)F)ncc2C(F)(F)F)c1,7.69897,7.419500393867493,0.27946944713592536,0.8024691358024691,c1ccc(Nc2ccnc(Nc3ccc(N4CCOCC4)cc3)n2)cc1,active
C=CC(=O)Nc1cccc(Nc2nc(Nc3ccc(N4CCOCC4)cc3OC)ncc2C(F)(F)F)c1,7.69897,7.585023938814799,0.11394590218861911,0.84,c1ccc(Nc2ccnc(Nc3ccc(N4CCOCC4)cc3)n2)cc1,active
C=CC(=O)Nc1cccc(Nc2nc(Nc3ccc(N4CCOCC4)cc3OC)ncc2Cl)c1,7.723362,7.411238050460815,0.31212391853332555,0.8194444444444444,c1ccc(Nc2ccnc(Nc3ccc(N4CCOCC4)cc3)n2)cc1,active
CNC(=O)c1ccccc1Nc1nc(Nc2ccc(N3CCOCC3)cc2OC)ncc1Cl,6.2596374,7.616878306070964,1.3572409502665206,0.6410256410256411,c1ccc(Nc2ccnc(Nc3ccc(N4CCOCC4)cc3)n2)cc1,middle
COc1cc(N2CCOCC2)ccc1Nc1ncc(Cl)c(Nc2ccccc2NS(C)(=O)=O)n1,7.324876,7.768703538576762,0.4438277069727583,0.8307692307692308,c1ccc(Nc2ccnc(Nc3ccc(N4CCOCC4)cc3)n2)cc1,active
O=C(NO)c1ccccc1Nc1nc(Nc2ccc(N3CCOCC3)cc2)ncc1Cl,6.933674,7.239652816454569,0.30597895781199114,0.8135593220338984,c1ccc(Nc2ccnc(Nc3ccc(N4CCOCC4)cc3)n2)cc1,middle
CC(C)c1ccc(Nc2nc(N)nc3c2-c2ccccc2C3)cc1,4.37059,4.501948196093242,0.1313579861323042,0.4807692307692308,c1ccc(Nc2ncnc3c2-c2ccccc2C3)cc1,inactive
Nc1nc2c(c(Nc3ccc(Cl)cc3)n1)-c1ccccc1C2,4.5850267,4.541024691263835,0.04400204976399724,0.5102040816326531,c1ccc(Nc2ncnc3c2-c2ccccc2C3)cc1,inactive
Nc1nc2c(c(Nc3ccc(Cl)cc3F)n1)-c1ccccc1C2,4.931814,4.871423099835714,0.06039109388987196,0.5084745762711864,c1ccc(Nc2ncnc3c2-c2ccccc2C3)cc1,inactive
Nc1nc2c(c(Nc3ccc(F)cc3)n1)-c1ccccc1C2,3.5589335,4.449549527963002,0.8906160314877827,0.5102040816326531,c1ccc(Nc2ncnc3c2-c2ccccc2C3)cc1,inactive
Nc1nc2c(c(Nc3cccc(Br)c3)n1)-c1ccccc1C2,4.617983,4.778525908788045,0.16054304440816214,0.6938775510204082,c1ccc(Nc2ncnc3c2-c2ccccc2C3)cc1,inactive
Nc1nc2c(c(Nc3cccc(Cl)c3)n1)-c1ccccc1C2,4.707744,4.6669821405410765,0.040761981010437154,0.68,c1ccc(Nc2ncnc3c2-c2ccccc2C3)cc1,inactive
Cn1ccc2c([C@H](Nc3cc(C#N)c4ncc(C#N)c(NCC(C)(C)C)c4c3)C3=CN(C4(C(F)(F)F)CC4)NN3)ccnc21,7.920819,8.339721221923828,0.4189024162292476,0.797752808988764,C1=C(C(Nc2ccc3ncccc3c2)c2ccnc3[nH]ccc23)NNN1C1CC1,active
Cn1ccc2c([C@H](Nc3cc(C#N)c4ncc(C#N)c(NCC(C)(C)C)c4c3)C3=CN(C4(C(F)F)CC4)NN3)ccnc21,8.30103,8.665981890360515,0.36495173136393255,0.8255813953488372,C1=C(C(Nc2ccc3ncccc3c2)c2ccnc3[nH]ccc23)NNN1C1CC1,active
Cn1ccc2c([C@H](Nc3cc(Cl)c4ncc(C#N)c(NCC(C)(C)C)c4c3)C3=CN(C4(C(F)(F)F)CC4)NN3)ccnc21,7.537602,8.040540410677592,0.5029384628931677,0.8043478260869565,C1=C(C(Nc2ccc3ncccc3c2)c2ccnc3[nH]ccc23)NNN1C1CC1,active
Cn1ccc2c([C@H](Nc3cc(Cl)c4ncc(C#N)c(NCC(C)(C)C)c4c3)C3=CN(C4(C(F)F)CC4)NN3)ccnc21,7.7447276,8.309882820106688,0.5651552085649403,0.8314606741573034,C1=C(C(Nc2ccc3ncccc3c2)c2ccnc3[nH]ccc23)NNN1C1CC1,active
Cn1ccc2c([C@H](Nc3cc(Cl)c4ncc(C#N)c(NCC(C)(C)C)c4c3)C3=CN(C4CC4)NN3)ccnc21,8.522879,8.544478152592976,0.021599505742390335,0.7840909090909091,C1=C(C(Nc2ccc3ncccc3c2)c2ccnc3[nH]ccc23)NNN1C1CC1,active
CN1C(=O)C(=C(C#N)C#N)c2cc(O)ccc21,4.5850267,5.675420900795195,1.0903941597673628,0.2926829268292683,C=C1C(=O)Nc2ccccc21,inactive
COc1cc2c(cc1O)NC(=O)C2=C(C#N)C#N,4.221849,4.7515497414271035,0.5297007767359414,0.4,C=C1C(=O)Nc2ccccc21,inactive
N#CC(C#N)=C1C(=O)Nc2cc(O)c(O)cc21,5.5624695,4.813219146728516,0.7492503356933593,0.48484848484848486,C=C1C(=O)Nc2ccccc21,inactive
N#CC(C#N)=C1C(=O)Nc2ccc(O)cc21,4.951545,4.455438655588362,0.49610610606935257,0.45714285714285713,C=C1C(=O)Nc2ccccc21,inactive
N#CC(C#N)=C1C(=O)Nc2ccc([N+](=O)[O-])cc21,4.39794,4.57471613963445,0.1767759807904561,0.4,C=C1C(=O)Nc2ccccc21,inactive
COc1cc(N2CCC(N3CCN(C)CC3)CC2)c(C)cc1Nc1nccc(-n2cc(CNC(C)CO)c(-c3ccccc3)n2)n1,7.3478503,7.040932023525238,0.3069182991981503,0.5612244897959183,c1ccc(-c2ccn(-c3ccnc(Nc4ccc(N5CCC(N6CCNCC6)CC5)cc4)n3)n2)cc1,active
COc1cc(N2CCC(N3CCN(C)CC3)CC2)c(C)cc1Nc1nccc(-n2cc(CNC(CO)C(C)C)c(-c3ccccc3)n2)n1,7.152304,7.10133218050003,0.05097199201583891,0.55,c1ccc(-c2ccn(-c3ccnc(Nc4ccc(N5CCC(N6CCNCC6)CC5)cc4)n3)n2)cc1,active
COc1cc(N2CCC(N3CCN(C)CC3)CC2)c(C)cc1Nc1nccc(-n2cc(CNCCO)c(-c3ccccc3)n2)n1,7.2815814,7.316955252488454,0.03537385066350307,0.5894736842105263,c1ccc(-c2ccn(-c3ccnc(Nc4ccc(N5CCC(N6CCNCC6)CC5)cc4)n3)n2)cc1,active
COc1cc(N2CCC(N3CCN(C)CC3)CC2)c(C)cc1Nc1nccc(-n2cc(CN[C@@H](C)CO)c(-c3ccccc3)n2)n1,7.478078,7.040932023525238,0.43714586496353114,0.5612244897959183,c1ccc(-c2ccn(-c3ccnc(Nc4ccc(N5CCC(N6CCNCC6)CC5)cc4)n3)n2)cc1,active
COc1cc(N2CCC(N3CCN(C)CC3)CC2)c(C)cc1Nc1nccc(-n2cc(CN[C@H](C)CO)c(-c3ccccc3)n2)n1,7.1435733,7.040932023525238,0.10264126062393153,0.5612244897959183,c1ccc(-c2ccn(-c3ccnc(Nc4ccc(N5CCC(N6CCNCC6)CC5)cc4)n3)n2)cc1,active
CN(C)Cc1ccc(-c2cc3ncnc(Nc4ccc(OCc5cccc(F)c5)c(Cl)c4)c3s2)o1,8.69897,8.017546821567747,0.6814230194356714,0.75,c1ccc(COc2ccc(Nc3ncnc4cc(-c5ccco5)sc34)cc2)cc1,active
CS(=O)(=O)CCNCc1ccc(-c2cc3ncnc(Nc4ccc(OCc5cccc(F)c5)c(Cl)c4)c3s2)o1,9.0,8.104203224976857,0.8957967750231433,0.8192771084337349,c1ccc(COc2ccc(Nc3ncnc4cc(-c5ccco5)sc34)cc2)cc1,active
Fc1cccc(COc2ccc(Nc3ncnc4cc(-c5ccco5)sc34)cc2Cl)c1,8.0,7.954025514125824,0.04597448587417574,0.7794117647058824,c1ccc(COc2ccc(Nc3ncnc4cc(-c5ccco5)sc34)cc2)cc1,active
N#CCNCc1ccc(-c2cc3ncnc(Nc4ccc(OCc5cccc(F)c5)c(Cl)c4)c3s2)o1,8.522879,7.7423648867077315,0.7805137601428545,0.7142857142857143,c1ccc(COc2ccc(Nc3ncnc4cc(-c5ccco5)sc34)cc2)cc1,active
OCc1ccc(-c2cc3ncnc(Nc4ccc(OCc5cccc(F)c5)c(Cl)c4)c3s2)o1,8.522879,8.014265161885156,0.50861348496543,0.7564102564102564,c1ccc(COc2ccc(Nc3ncnc4cc(-c5ccco5)sc34)cc2)cc1,active
C=CC(=O)Nc1cc(Nc2cc(-n3c(SC)nnc3-c3ccc(F)cc3)ccn2)c(OC)cc1N(C)CCN(C)C,7.2073355,7.540536121765772,0.33320064965883844,0.6739130434782609,c1ccc(Nc2cc(-n3cnnc3-c3ccccc3)ccn2)cc1,active
C=CC(=O)Nc1cc(Nc2cc(-n3c(SC)nnc3-c3ccc(F)cc3)ccn2)ccc1N(C)CCN(C)C,6.738998,7.162967170185513,0.4239692339367336,0.5463917525773195,c1ccc(Nc2cc(-n3cnnc3-c3ccccc3)ccn2)cc1,middle
C=CC(=O)Nc1ccc(OC)c(Nc2cc(-n3c(SC)nnc3-c3ccc(F)cc3)ccn2)c1,6.790305,7.318747634887695,0.5284424972534181,0.7051282051282052,c1ccc(Nc2cc(-n3cnnc3-c3ccccc3)ccn2)cc1,middle
C=CC(=O)Nc1cccc(Nc2cc(-n3c(CCCO)nnc3-c3ccc(F)cc3)ccn2)c1,6.7758193,7.001236872778998,0.22541757117377337,0.4819277108433735,c1ccc(Nc2cc(-n3cnnc3-c3ccccc3)ccn2)cc1,middle
C=CC(=O)Nc1cccc(Nc2cc(-n3c(SC)nnc3-c3ccc(F)cc3)ccn2)c1,6.6300426,7.0531399449772305,0.42309739202923247,0.5862068965517241,c1ccc(Nc2cc(-n3cnnc3-c3ccccc3)ccn2)cc1,middle
Brc1cccc(Nc2ncnc3cc(OCCCN4CCOCC4)c4c(c23)OCCO4)c1,7.733298,7.516808863321939,0.2164889615376797,0.6025641025641025,c1ccc(Nc2ncnc3cc(OCCCN4CCOCC4)c4c(c23)OCCO4)cc1,active
Clc1cccc(Nc2ncnc3cc(OCCCN4CCOCC4)c4c(c23)OCCO4)c1,7.6585655,7.639872874471876,0.01869264676835858,0.6714285714285714,c1ccc(Nc2ncnc3cc(OCCCN4CCOCC4)c4c(c23)OCCO4)cc1,active
FC(F)(F)c1cccc(Nc2ncnc3cc(OCCCN4CCOCC4)c4c(c23)OCCO4)c1,7.012423,7.253135548167758,0.24071250968509172,0.6944444444444444,c1ccc(Nc2ncnc3cc(OCCCN4CCOCC4)c4c(c23)OCCO4)cc1,active
Fc1ccc(Nc2ncnc3cc(OCCCN4CCOCC4)c4c(c23)OCCO4)cc1Cl,7.5873713,7.620950156847636,0.033578807512919084,0.7272727272727273,c1ccc(Nc2ncnc3cc(OCCCN4CCOCC4)c4c(c23)OCCO4)cc1,active
Fc1cccc(Nc2ncnc3cc(OCCCN4CCOCC4)c4c(c23)OCCO4)c1,7.0763416,7.276028490543366,0.19968686151504578,0.6811594202898551,c1ccc(Nc2ncnc3cc(OCCCN4CCOCC4)c4c(c23)OCCO4)cc1,active
C#Cc1cccc(Nc2ncnc3cc(OC)c(NC4CN(C(=O)C=C)C4)cc23)c1,8.958608,7.939519129753114,1.0190885438919057,0.855072463768116,c1ccc(Nc2ncnc3ccc(NC4CNC4)cc23)cc1,active
C=CC(=O)N1CC(Nc2cc3c(Nc4ccc(F)c(Cl)c4)ncnc3cc2OC)C1,9.309895,8.389400854110718,0.9204937076568598,0.8529411764705882,c1ccc(Nc2ncnc3ccc(NC4CNC4)cc23)cc1,active
C=CC(=O)N1CC(Nc2cc3c(Nc4ccc(F)c(Cl)c4)ncnc3cc2OCCOC)C1,8.920818,8.49972058025996,0.42109774859746274,0.8648648648648649,c1ccc(Nc2ncnc3ccc(NC4CNC4)cc23)cc1,active
C=CC(=O)N1CC(Nc2cc3c(Nc4cccc(Br)c4)ncnc3cc2OC)C1,8.6575775,8.42571727397707,0.23186024067136835,0.8484848484848485,c1ccc(Nc2ncnc3ccc(NC4CNC4)cc23)cc1,active
C=CC(=O)N1CC(Nc2cc3c(Nc4cccc(C(C)=O)c4)ncnc3cc2OC)C1,9.137862,7.268064153618282,1.8697980518870887,0.8507462686567164,c1ccc(Nc2ncnc3ccc(NC4CNC4)cc23)cc1,active
CCS(=O)(=O)n1cc(-c2ccnc(Nc3ccc4c(ccn4CCN(C)C)c3)n2)c2ccccc21,7.7703037,7.063755717012619,0.7065480091836704,0.5975609756097561,c1ccc2c(-c3ccnc(Nc4ccc5[nH]ccc5c4)n3)c[nH]c2c1,active
CCS(=O)(=O)n1cc(-c2nc(Nc3ccc4c(ccn4CCN(C)C)c3)ncc2C(F)(F)F)c2ccccc21,7.7212462,7.0264065027236935,0.6948397397994999,0.44554455445544555,c1ccc2c(-c3ccnc(Nc4ccc5[nH]ccc5c4)n3)c[nH]c2c1,active
CCS(=O)(=O)n1cc(-c2nc(Nc3ccc4c(ccn4CCN(C)C)c3)ncc2Cl)c2ccccc21,7.7078342,7.008367710908254,0.6994665328661602,0.45652173913043476,c1ccc2c(-c3ccnc(Nc4ccc5[nH]ccc5c4)n3)c[nH]c2c1,active
CN(C)CCn1ccc2cc(Nc3ncc([N+](=O)[O-])c(-c4cn(C)c5ccccc45)n3)ccc21,7.0,6.700185080210368,0.2998149197896316,0.425531914893617,c1ccc2c(-c3ccnc(Nc4ccc5[nH]ccc5c4)n3)c[nH]c2c1,active
CN(C)CCn1ccc2cc(Nc3nccc(-c4c[nH]c5ccccc45)n3)cc(N)c21,7.5228786,6.777137737803989,0.7457409090465967,0.47126436781609193,c1ccc2c(-c3ccnc(Nc4ccc5[nH]ccc5c4)n3)c[nH]c2c1,active
CCOc1cc2ncc(C#N)c(Nc3ccc(OCc4ccccn4)c(Cl)c3)c2cc1NC(=O)/C=C/[C@@H]1CCCN1,8.2218485,6.817211038165621,1.4046374496883827,0.7444444444444445,O=C(C=CC1CCCN1)Nc1ccc2nccc(Nc3ccc(OCc4ccccn4)cc3)c2c1,active
CCOc1cc2ncc(C#N)c(Nc3ccc(OCc4ccccn4)c(Cl)c3)c2cc1NC(=O)/C=C/[C@@H]1CCCN1C,7.318759,7.323400210804408,0.004641246265833843,0.7362637362637363,O=C(C=CC1CCCN1)Nc1ccc2nccc(Nc3ccc(OCc4ccccn4)cc3)c2c1,active
CCOc1cc2ncc(C#N)c(Nc3ccc(OCc4ccccn4)c(Cl)c3)c2cc1NC(=O)/C=C/[C@@H]1C[C@@H](O)CN1C,7.229148,7.148007829454209,0.08114008161756825,0.7282608695652174,O=C(C=CC1CCCN1)Nc1ccc2nccc(Nc3ccc(OCc4ccccn4)cc3)c2c1,active
CCOc1cc2ncc(C#N)c(Nc3ccc(OCc4ccccn4)c(Cl)c3)c2cc1NC(=O)/C=C/[C@H]1CCCN1C,7.8860564,7.323400210804408,0.5626562123828478,0.7362637362637363,O=C(C=CC1CCCN1)Nc1ccc2nccc(Nc3ccc(OCc4ccccn4)cc3)c2c1,active
COc1cc(/C=C(\C#N)C(=O)NCCCCNC(=O)/C(C#N)=C/c2cc(Br)c(O)c(OC)c2)cc(Br)c1O,3.9913998,5.281648200617896,1.2902484356032478,0.6938775510204082,O=C(C=Cc1ccccc1)NCCCCNC(=O)C=Cc1ccccc1,inactive
COc1cc(/C=C(\C#N)C(=O)NCCCCNC(=O)/C(C#N)=C/c2cc(OC)c(O)c([N+](=O)[O-])c2)cc([N+](=O)[O-])c1O,4.3360143,5.11230907842848,0.7762948076460097,0.6346153846153846,O=C(C=Cc1ccccc1)NCCCCNC(=O)C=Cc1ccccc1,inactive
N#C/C(=C\c1cc(O)c(O)c(O)c1)C(=O)NCCCCNC(=O)/C(C#N)=C/c1cc(O)c(O)c(O)c1,5.449815,5.764577905980367,0.3147631095326133,0.7804878048780488,O=C(C=Cc1ccccc1)NCCCCNC(=O)C=Cc1ccccc1,inactive
N#C/C(=C\c1ccc(O)c(O)c1)C(=O)NCCCCNC(=O)/C(C#N)=C/c1ccc(O)c(O)c1,5.79419,5.509997666586011,0.28419226337614756,0.972972972972973,O=C(C=Cc1ccccc1)NCCCCNC(=O)C=Cc1ccccc1,inactive
CC(=O)N1CCC(c2ccc(Nc3nc(N4CCC[C@@H](NC(=O)N5CCCCC5)C4)nnc3C(N)=O)cc2)CC1,5.2596374,6.2009091491169395,0.9412717933124961,0.8169014084507042,O=C(NC1CCCN(c2nncc(Nc3ccc(C4CCNCC4)cc3)n2)C1)N1CCCCC1,inactive
CCC(=O)N1CCC(c2ccc(Nc3nc(N4CCC[C@@H](NC(=O)N5CCCCC5)C4)nnc3C(N)=O)cc2)CC1,5.2596374,6.152684773074256,0.8930474172698126,0.7866666666666666,O=C(NC1CCCN(c2nncc(Nc3ccc(C4CCNCC4)cc3)n2)C1)N1CCCCC1,inactive
N#CCC(=O)N1CCC(c2ccc(Nc3nc(N4CCC[C@@H](NC(=O)N5CCCCC5)C4)nnc3C(N)=O)cc2)CC1,5.2596374,6.17138345003128,0.911746094226837,0.7848101265822784,O=C(NC1CCCN(c2nncc(Nc3ccc(C4CCNCC4)cc3)n2)C1)N1CCCCC1,inactive
NC(=O)c1nnc(N2CCC[C@@H](NC(=O)N3CCCCC3)C2)nc1Nc1ccc(C2CCN(C=O)CC2)cc1,5.2596374,5.967609473334419,0.7079721175299758,0.8055555555555556,O=C(NC1CCCN(c2nncc(Nc3ccc(C4CCNCC4)cc3)n2)C1)N1CCCCC1,inactive
C=CC(=O)Nc1cc2c(Nc3ccc(Br)cc3F)ncnc2cc1OCCNC(=O)C1CCCN1,5.7090755,7.251761070887247,1.5426856199900305,0.8026315789473685,O=C(NCCOc1ccc2c(Nc3ccccc3)ncnc2c1)C1CCCN1,inactive
C=CC(=O)Nc1cc2c(Nc3ccc(Br)cc3F)ncnc2cc1OCCNC(=O)C1CCCN1C,7.39047,7.495155118889279,0.10468509096569534,0.782051282051282,O=C(NCCOc1ccc2c(Nc3ccccc3)ncnc2c1)C1CCCN1,active
C=CC(=O)Nc1cc2c(Nc3ccc(Br)cc3F)ncnc2cc1OCCNC(=O)C1CCCN1C(=O)CC,6.707744,7.3916298368242055,0.6838857152726918,0.7654320987654321,O=C(NCCOc1ccc2c(Nc3ccccc3)ncnc2c1)C1CCCN1,middle
C=CC(=O)Nc1cc2c(Nc3ccc(Br)cc3F)ncnc2cc1OCCNC(=O)C1CCCN1C(C)=O,7.60206,7.602436807420519,0.0003769662645130012,0.7625,O=C(NCCOc1ccc2c(Nc3ccccc3)ncnc2c1)C1CCCN1,active
CC(=O)c1ccc(NC(=O)c2cc3ccccc3[nH]2)cc1,4.30103,4.624891634782156,0.32386147578557356,0.7560975609756098,O=C(Nc1ccccc1)c1cc2ccccc2[nH]1,inactive
CC(=O)c1cccc(NC(=O)c2cc3ccccc3[nH]2)c1,4.2441254,4.582229724725088,0.3381043585141503,0.7857142857142857,O=C(Nc1ccccc1)c1cc2ccccc2[nH]1,inactive
CC(O)c1ccc(NC(=O)c2cc3ccccc3[nH]2)cc1,4.455932,4.5868728685379025,0.13094072818756075,0.7674418604651163,O=C(Nc1ccccc1)c1cc2ccccc2[nH]1,inactive
CC(O)c1cccc(NC(=O)c2cc3ccccc3[nH]2)c1,4.468521,4.688942343393961,0.2204212252298987,0.7777777777777778,O=C(Nc1ccccc1)c1cc2ccccc2[nH]1,inactive
C=CC(=O)Nc1ccc(-n2c(=O)cnc3cnc(Nc4ccc(N5CCN(C)CC5)cc4)nc32)cc1,5.929118,6.565219866673152,0.6361017102400464,0.8225806451612904,O=c1cnc2cnc(Nc3ccc(N4CCNCC4)cc3)nc2n1-c1ccccc1,inactive
C=CC(=O)Nc1ccc(-n2c(=O)cnc3cnc(Nc4ccc(N5CCN(C)CC5)cc4OC)nc32)cc1,6.4141073,7.261476549201541,0.8473692265086701,0.7125,O=c1cnc2cnc(Nc3ccc(N4CCNCC4)cc3)nc2n1-c1ccccc1,middle
C=CC(=O)Nc1cccc(-n2c(=O)cnc3cnc(Nc4ccc(N5CCN(C)CC5)cc4)nc32)c1,8.919017,8.018129137992858,0.9008877000808724,0.8507462686567164,O=c1cnc2cnc(Nc3ccc(N4CCNCC4)cc3)nc2n1-c1ccccc1,active
C=CC(=O)Nc1cccc(-n2c(=O)cnc3cnc(Nc4ccc(N5CCN(C)CC5)cc4OC)nc32)c1,8.609424,7.868114878336589,0.7413087590535481,0.8311688311688312,O=c1cnc2cnc(Nc3ccc(N4CCNCC4)cc3)nc2n1-c1ccccc1,active
COc1ccc(CCCCCn2cc(CCN)c3cc(OCCc4ccc(O)cc4)ccc32)cc1,5.3565474,5.949977287702331,0.5934299320504755,0.75,c1ccc(CCCCCn2ccc3cc(OCCc4ccccc4)ccc32)cc1,inactive
COc1ccc(CCOc2ccc3c(c2)c(CCN)cn3CCCCCc2ccc(SC)cc2)cc1,5.610834,5.806132179831816,0.1952980581277144,0.5970149253731343,c1ccc(CCCCCn2ccc3cc(OCCc4ccccc4)ccc32)cc1,inactive
CSc1ccc(CCCCCn2cc(CCN)c3cc(OCCc4ccc(O)cc4)ccc32)cc1,5.7166986,5.893187578258951,0.17648893171354096,0.6119402985074627,c1ccc(CCCCCn2ccc3cc(OCCc4ccccc4)ccc32)cc1,inactive
NCCc1cn(CCCCCc2ccccc2)c2ccc(OCCc3ccc(O)cc3)cc12,5.787812,5.94019545717173,0.15238322420053851,0.7166666666666667,c1ccc(CCCCCn2ccc3cc(OCCc4ccccc4)ccc32)cc1,inactive
C/C=C/C(=O)Nc1cc(Nc2ncc(Cl)c(N3CCc4sccc4C3)n2)c(OC)cc1N(C)CCN(C)C,6.4524713,7.754948461850484,1.3024772055943803,0.5208333333333334,c1ccc(Nc2nccc(N3CCc4sccc4C3)n2)cc1,middle
C=C(Cl)C(=O)Nc1cc(Nc2ncc(Cl)c(N3CCc4sccc4C3)n2)c(OC)cc1N(C)CCN(C)C,7.0163736,7.354186166445415,0.3378125321070362,0.5257731958762887,c1ccc(Nc2nccc(N3CCc4sccc4C3)n2)cc1,active
C=CC(=O)Nc1cc(Nc2ncc(Cl)c(N3CCc4sccc4C3)n2)c(OC)cc1N(C)CCN(C)C,8.19382,7.834948632717133,0.3588713669776915,0.6111111111111112,c1ccc(Nc2nccc(N3CCc4sccc4C3)n2)cc1,active
CCC(=O)Nc1cc(Nc2ncc(Cl)c(N3CCc4sccc4C3)n2)c(OC)cc1N(C)CCN(C)C,6.7695513,7.128049308458964,0.3584980312983195,0.5052631578947369,c1ccc(Nc2nccc(N3CCc4sccc4C3)n2)cc1,middle
C=CC(=O)Nc1cccc(Oc2nc(Nc3ccc(N4CCN(C)CC4)c(F)c3)nc3[nH]ccc23)c1,8.711254,7.7559177488750874,0.9553363709979594,0.6753246753246753,c1ccc(Oc2nc(Nc3ccc(N4CCNCC4)cc3)nc3[nH]ccc23)cc1,active
C=CC(=O)Nc1cccc(Oc2nc(Nc3ccc(N4CCN(C)CC4)c(N)c3)nc3[nH]ccc23)c1,8.678273,7.692602704366048,0.9856704966227214,0.6753246753246753,c1ccc(Oc2nc(Nc3ccc(N4CCNCC4)cc3)nc3[nH]ccc23)cc1,active
C=CC(=O)Nc1cccc(Oc2nc(Nc3ccc(N4CCN(C)CC4)c([N+](=O)[O-])c3)nc3[nH]ccc23)c1,8.068338,7.704781514803568,0.36355687936147074,0.65,c1ccc(Oc2nc(Nc3ccc(N4CCNCC4)cc3)nc3[nH]ccc23)cc1,active
C=CC(=O)Nc1cccc(Oc2nc(Nc3ccc(N4CCN(C)CC4)cc3)nc3[nH]ccc23)c1,8.39794,7.8036514377594,0.5942882442474362,0.7222222222222222,c1ccc(Oc2nc(Nc3ccc(N4CCNCC4)cc3)nc3[nH]ccc23)cc1,active
CN(C)c1nc(N/N=C/c2cc(Br)c(O)c(Br)c2O)nc(Nc2ccc(F)cc2)n1,4.8868933,5.634743357234531,0.7478500848346288,0.26506024096385544,C(=NNc1ncnc(Nc2ccccc2)n1)c1ccccc1,inactive
CNc1nc(N/N=C/c2ccc(O)cc2)nc(Nc2ccccc2)n1,4.5128617,5.447222747008006,0.9343610183397928,0.3114754098360656,C(=NNc1ncnc(Nc2ccccc2)n1)c1ccccc1,inactive
CNc1nc(N/N=C\c2ccc(OC)cc2)nc(Nc2ccccc2)n1,4.5086384,5.582820879220963,1.0741824972629548,0.4067796610169492,C(=NNc1ncnc(Nc2ccccc2)n1)c1ccccc1,inactive
CC(C)(C)CNc1c(C#N)cnc2c(C#N)cc(N[C@H](C3=CN(C4(C(F)(F)F)CC4)NN3)c3cccc4c3CNC4)cc12,8.522879,8.46356480439504,0.059313842455546606,0.7790697674418605,C1=C(C(Nc2ccc3ncccc3c2)c2cccc3c2CNC3)NNN1C1CC1,active
CC(C)(C)CNc1c(C#N)cnc2c(Cl)cc(N[C@H](C3=CN(C4(C(F)F)CC4)NN3)c3cccc4c3CNC4)cc12,8.69897,8.287684229214987,0.4112856117884309,0.7931034482758621,C1=C(C(Nc2ccc3ncccc3c2)c2cccc3c2CNC3)NNN1C1CC1,active
CC(C)(C)CNc1c(C#N)cnc2c(Cl)cc(N[C@H](C3=CN(C4CC4)NN3)c3cccc4c3CNC4)cc12,8.69897,8.610548386573791,0.08842145442962668,0.7790697674418605,C1=C(C(Nc2ccc3ncccc3c2)c2cccc3c2CNC3)NNN1C1CC1,active
CC(C)(C)CNc1c(C#N)cnc2c(C#N)cc(N[C@H](C3=CN(C4(C(F)(F)F)CC4)NN3)c3cccn4nccc34)cc12,8.39794,8.303456614812216,0.09448306719461996,0.7906976744186046,C1=C(C(Nc2ccc3ncccc3c2)c2cccn3nccc23)NNN1C1CC1,active
CC(C)(C)CNc1c(C#N)cnc2c(Cl)cc(N[C@H](C3=CN(C4(C(F)(F)F)CC4)NN3)c3cccn4nccc34)cc12,7.958607,7.836221475601196,0.12238572120666547,0.8409090909090909,C1=C(C(Nc2ccc3ncccc3c2)c2cccn3nccc23)NNN1C1CC1,active
CC(C)(C)CNc1c(C#N)cnc2c(Cl)cc(N[C@H](C3=CN(C4(C(F)F)CC4)NN3)c3cccn4nccc34)cc12,8.30103,8.297585869232813,0.0034442897637685377,0.813953488372093,C1=C(C(Nc2ccc3ncccc3c2)c2cccn3nccc23)NNN1C1CC1,active
COC(=O)C1=Cc2c(ncnc2Nc2ccc(Oc3cccc(C(F)(F)F)c3)c(Cl)c2)NCC1,6.958607,7.303557030352334,0.3449498335444723,0.675,C1=Cc2c(ncnc2Nc2ccc(Oc3ccccc3)cc2)NCC1,middle
CS(=O)(=O)CCNC(=O)C1=Cc2c(ncnc2Nc2ccc(Oc3cccc(C(F)(F)F)c3)c(Cl)c2)NCC1,7.124939,7.38484272989962,0.25990376505586976,0.7032967032967034,C1=Cc2c(ncnc2Nc2ccc(Oc3ccccc3)cc2)NCC1,active
O=C(NCCO)C1=Cc2c(ncnc2Nc2ccc(Oc3cccc(C(F)(F)F)c3)c(Cl)c2)NCC1,7.4202166,7.354748533718169,0.06546802664560047,0.686046511627907,C1=Cc2c(ncnc2Nc2ccc(Oc3ccccc3)cc2)NCC1,active
CCOc1cc2ncnc(Nc3ccc(OCc4cccc(F)c4)c(Cl)c3)c2cc1NC(=O)/C=C/CN1C[C@@H]2OCCO[C@@H]2C1,7.1861787,7.679551867458556,0.49337318322393653,0.8,O=C(C=CCN1CC2OCCOC2C1)Nc1ccc2ncnc(Nc3ccc(OCc4ccccc4)cc3)c2c1,active
COc1cc2ncnc(Nc3ccc(OCc4cccc(F)c4)c(Cl)c3)c2cc1NC(=O)/C=C/CN1C[C@@H]2OCCO[C@@H]2C1,7.3524384,7.476229349560208,0.12379089970058921,0.788235294117647,O=C(C=CCN1CC2OCCOC2C1)Nc1ccc2ncnc(Nc3ccc(OCc4ccccc4)cc3)c2c1,active
O=C(/C=C/CN1C[C@@H]2OCCO[C@@H]2C1)Nc1ccc2ncnc(Nc3ccc(OCc4cccc(F)c4)c(Cl)c3)c2c1,7.1614246,7.310009781837463,0.14858514499664288,0.6790123456790124,O=C(C=CCN1CC2OCCOC2C1)Nc1ccc2ncnc(Nc3ccc(OCc4ccccc4)cc3)c2c1,active
C=CC(=O)Nc1cc2c(Nc3ccc(Br)c(Cl)c3F)ncnc2cc1OCCNC(=O)CCN1CCCCC1,7.920819,7.718757008711496,0.20206179698308446,0.8,O=C(CCN1CCCCC1)NCCOc1ccc2c(Nc3ccccc3)ncnc2c1,active
C=CC(=O)Nc1cc2c(Nc3ccc(Br)c(F)c3F)ncnc2cc1OCCNC(=O)CCN1CCCCC1,6.0486627,7.487966980139413,1.4393043176333098,0.7349397590361446,O=C(CCN1CCCCC1)NCCOc1ccc2c(Nc3ccccc3)ncnc2c1,middle
C=CC(=O)Nc1cc2c(Nc3ccc(Br)cc3F)ncnc2cc1OCCNC(=O)CCN1CCCCC1,7.853872,7.585966724554698,0.26790509780247973,0.868421052631579,O=C(CCN1CCCCC1)NCCOc1ccc2c(Nc3ccccc3)ncnc2c1,active
COc1cc2nc(C)nc(NNCC(=O)Nc3ccc(Cl)cc3)c2cc1OC,9.714442,9.06067332903544,0.6537689240773528,0.532258064516129,O=C(CNNc1ncnc2ccccc12)Nc1ccccc1,active
COc1cc2nc(C)nc(NNCC(=O)Nc3ccccc3)c2cc1OC,8.777284,9.023870910008748,0.24658724149068156,0.6181818181818182,O=C(CNNc1ncnc2ccccc12)Nc1ccccc1,active
COc1ccc(NC(=O)CNNc2nc(C)nc3cc(OC)c(OC)cc23)cc1,9.281498,8.591808164914449,0.689689790407817,0.5254237288135594,O=C(CNNc1ncnc2ccccc12)Nc1ccccc1,active
CCN(CC)CCn1ncc2cc(Nc3nccc(-c4cn(S(=O)(=O)CC)c5ccccc45)n3)cc(NC(=O)C3CC3)c21,7.5850267,6.843209699789683,0.7418170412381491,0.5894736842105263,O=C(Nc1cc(Nc2nccc(-c3c[nH]c4ccccc34)n2)cc2cn[nH]c12)C1CC1,active
CCS(=O)(=O)n1cc(-c2ccnc(Nc3cc(NC(=O)C4CC4)c4c(cnn4CCN(C)C)c3)n2)c2ccccc21,7.7447276,7.056644143263499,0.6880834682782488,0.5957446808510638,O=C(Nc1cc(Nc2nccc(-c3c[nH]c4ccccc34)n2)cc2cn[nH]c12)C1CC1,active
[2H]C([2H])([2H])n1cc(-c2ccnc(Nc3cc(NC(=O)C4CC4)c4c(cnn4CCN(C)C)c3)n2)c2ccccc21,6.5833597,6.747377749178144,0.1640180308553898,0.5161290322580645,O=C(Nc1cc(Nc2nccc(-c3c[nH]c4ccccc34)n2)cc2cn[nH]c12)C1CC1,middle
Nc1ccc(C#Cc2cc(F)c3c(c2)C(=O)N(C(C(=O)Nc2nccs2)c2ncn4c2CCC4)C3)cn1,6.447075,6.923788199882659,0.4767133097459402,0.7674418604651163,O=C(Nc1nccs1)C(c1ncn2c1CCC2)N1Cc2ccc(C#Cc3cccnc3)cc2C1=O,middle
O=C(Nc1nccs1)C(c1ncn2c1CCC2)N1Cc2c(F)cc(C#Cc3cccnc3)cc2C1=O,7.5221562,7.571167859633763,0.04901162107785506,0.7558139534883721,O=C(Nc1nccs1)C(c1ncn2c1CCC2)N1Cc2ccc(C#Cc3cccnc3)cc2C1=O,active
O=C(Nc1nccs1)C(c1ncn2c1CCC2)N1Cc2ccc(C#Cc3cccnc3)cc2C1=O,6.337242,7.066303990973367,0.7290618645085232,0.8648648648648649,O=C(Nc1nccs1)C(c1ncn2c1CCC2)N1Cc2ccc(C#Cc3cccnc3)cc2C1=O,middle
CC(C)Oc1cc(Nc2ccnc(-c3cnn(S(=O)(=O)C4CC4)c3)n2)ncc1-c1cnn(C)c1,8.119789,7.947056096440269,0.17273302709488725,0.8055555555555556,O=S(=O)(C1CC1)n1cc(-c2nccc(Nc3ccc(-c4cn[nH]c4)cn3)n2)cn1,active
CC[C@H](C)Nc1cc(Nc2ccnc(-c3cnn(S(=O)(=O)C4CC4)c3)n2)ncc1-c1cnn(C)c1,7.2072697,7.696624389326762,0.4893547207476603,0.6790123456790124,O=S(=O)(C1CC1)n1cc(-c2nccc(Nc3ccc(-c4cn[nH]c4)cn3)n2)cn1,active
CC[C@H](C)Oc1cc(Nc2ccnc(-c3cnn(S(=O)(=O)C4CC4)c3)n2)ncc1-c1cnn(C)c1,8.121302,7.8813035595606244,0.2399980914403521,0.6962025316455697,O=S(=O)(C1CC1)n1cc(-c2nccc(Nc3ccc(-c4cn[nH]c4)cn3)n2)cn1,active
COc1ccc(NC(=S)NNc2nncc3ccccc23)cc1,7.275724,7.479367000261942,0.20364306608835836,0.574468085106383,S=C(NNc1nncc2ccccc12)Nc1ccccc1,active
S=C(NNc1nncc2ccccc12)Nc1ccc(Cl)cc1,7.19382,7.455910267829895,0.2620902681350712,0.6,S=C(NNc1nncc2ccccc12)Nc1ccccc1,active
S=C(NNc1nncc2ccccc12)Nc1ccccc1,7.1870866,7.377446435292562,0.19035985310872405,0.6585365853658537,S=C(NNc1nncc2ccccc12)Nc1ccccc1,active
CCN1CCN(Cc2ccc(-c3cc4c(N[C@@H](C)c5ccccc5)ncnc4[nH]3)cc2)CC1,7.721849,9.044429853757222,1.3225808890660602,0.6949152542372882,c1ccc(CNc2ncnc3[nH]c(-c4ccc(CN5CCNCC5)cc4)cc23)cc1,active
CCN1CCN(Cc2ccc(-c3cc4c(N[C@H](C)c5ccccc5)ncnc4[nH]3)cc2)CC1,8.69897,9.044429853757222,0.34546001275380434,0.6949152542372882,c1ccc(CNc2ncnc3[nH]c(-c4ccc(CN5CCNCC5)cc4)cc23)cc1,active
O=C(CCCCCN1CCN(Cc2ccc(-c3cc4c(NCc5ccccc5)ncnc4[nH]3)cc2)CC1)NO,7.0,7.273401167922549,0.2734011679225494,0.7,c1ccc(CNc2ncnc3[nH]c(-c4ccc(CN5CCNCC5)cc4)cc23)cc1,active
C=CC(=O)Nc1cccc(-c2c(C)sc3ncnc(N[C@H](CO)c4ccccc4)c23)c1,6.435295,7.3677537707222855,0.9324586657418168,0.8333333333333334,c1ccc(CNc2ncnc3scc(-c4ccccc4)c23)cc1,middle
C=CC(=O)Nc1cccc(-c2c(Cl)sc3ncnc(N[C@H](CO)c4ccccc4)c23)c1,6.5290456,7.279890851020816,0.7508452692031886,0.8333333333333334,c1ccc(CNc2ncnc3scc(-c4ccccc4)c23)cc1,middle
C=CC(=O)Nc1cccc(-c2csc3ncnc(N[C@H](CO)c4ccccc4)c23)c1,6.360724,7.271219585418701,0.9104956130981448,0.7246376811594203,c1ccc(CNc2ncnc3scc(-c4ccccc4)c23)cc1,middle
C#Cc1cc2c(Nc3ccc(OCc4cccc(F)c4)c(Cl)c3)ncnc2s1,7.1487417,7.325715776125589,0.17697405401865574,0.7058823529411765,c1ccc(COc2ccc(Nc3ncnc4sccc34)cc2)cc1,active
C[C@H](N)C#Cc1cc2c(Nc3ccc(OCc4cccc(F)c4)c(Cl)c3)ncnc2s1,7.161151,7.471022215635057,0.30987128332304525,0.6835443037974683,c1ccc(COc2ccc(Nc3ncnc4sccc34)cc2)cc1,active
Fc1cccc(COc2ccc(Nc3ncnc4sc(Br)cc34)cc2Cl)c1,6.590067,7.29510863608784,0.705041726297801,0.7424242424242424,c1ccc(COc2ccc(Nc3ncnc4sccc34)cc2)cc1,middle
C=CC(=O)Nc1cccc(Nc2nc(Nc3ccc(OCCN4CCOCC4)cc3)ncc2Cl)c1,7.02365,7.081054863929748,0.05740469455718955,0.782608695652174,c1ccc(Nc2ccnc(Nc3ccc(OCCN4CCOCC4)cc3)n2)cc1,active
C=CC(=O)Nc1ccccc1Nc1nc(Nc2ccc(OCCN3CCOCC3)cc2)ncc1Cl,7.8728952,7.6251141409079235,0.2477810998757679,0.9242424242424242,c1ccc(Nc2ccnc(Nc3ccc(OCCN4CCOCC4)cc3)n2)cc1,active
O=C(NO)c1ccccc1Nc1nc(Nc2ccc(OCCN3CCOCC3)cc2)ncc1Cl,8.959793,7.423527678251267,1.5362654125690458,0.9230769230769231,c1ccc(Nc2ccnc(Nc3ccc(OCCN4CCOCC4)cc3)n2)cc1,active
C=CC(=O)N[C@@H]1CCN(c2nc(Nc3ccccc3)nc3cnc(Nc4ccc(N5CCN(C)CC5)cn4)cc23)C1,7.8822107,7.41628285762999,0.4659278738763577,0.7073170731707317,c1ccc(Nc2nc(N3CCCC3)c3cc(Nc4ccc(N5CCNCC5)cn4)ncc3n2)cc1,active
C=CC(=O)N[C@H]1CCN(c2nc(Nc3ccccc3)nc3cnc(Nc4ccc(N5CCN(C)CC5)cn4)cc23)C1,7.576754,7.41628285762999,0.16047123554017606,0.7073170731707317,c1ccc(Nc2nc(N3CCCC3)c3cc(Nc4ccc(N5CCNCC5)cn4)ncc3n2)cc1,active
CN1CCN(c2ccc(Nc3cc4c(N5CCCC5)nc(Nc5ccccc5)nc4cn3)nc2)CC1,7.8544264,7.347177373886108,0.5072490100860598,0.765625,c1ccc(Nc2nc(N3CCCC3)c3cc(Nc4ccc(N5CCNCC5)cn4)ncc3n2)cc1,active
CC(=O)Nc1ccc(-c2cc3c(Nc4ccc(Oc5cccc(C(F)(F)F)c5)c(Cl)c4)ncnc3s2)cc1,7.3214817,6.939837007522583,0.3816446971893308,0.7894736842105263,c1ccc(Oc2ccc(Nc3ncnc4sc(-c5ccccc5)cc34)cc2)cc1,active
CS(=O)(=O)Nc1ccc(-c2cc3c(Nc4ccc(Oc5cccc(C(F)(F)F)c5)c(Cl)c4)ncnc3s2)cc1,7.326979,7.35250897301568,0.02552981270684196,0.7,c1ccc(Oc2ccc(Nc3ncnc4sc(-c5ccccc5)cc34)cc2)cc1,active
Nc1ccc(-c2cc3c(Nc4ccc(Oc5cccc(C(F)(F)F)c5)c(Cl)c4)ncnc3s2)cc1,7.669586,7.399736759079827,0.2698494225607977,0.7333333333333333,c1ccc(Oc2ccc(Nc3ncnc4sc(-c5ccccc5)cc34)cc2)cc1,active
C=CC(=O)Nc1cccc(Oc2nc(Nc3ccc(N4CCCN(C(=O)OC(C)(C)C)CC4)cc3OC)ncc2C(F)(F)F)c1,7.69897,7.38839147122701,0.3105783697764082,0.8181818181818182,c1ccc(Oc2ccnc(Nc3ccc(N4CCCNCC4)cc3)n2)cc1,active
C=CC(=O)Nc1cccc(Oc2nc(Nc3ccc(N4CCCN(C(=O)OC(C)(C)C)CC4)cc3OC)ncc2Cl)c1,7.223362,7.42949220530192,0.2061302363077795,0.7529411764705882,c1ccc(Oc2ccnc(Nc3ccc(N4CCCNCC4)cc3)n2)cc1,active
C=CC(=O)Nc1cccc(Oc2nc(Nc3ccc(N4CCCN(C(C)=O)CC4)cc3OC)ncc2SC)c1,7.5771656,7.4391786006291705,0.13798700300852484,0.6853932584269663,c1ccc(Oc2ccnc(Nc3ccc(N4CCCNCC4)cc3)n2)cc1,active
COc1ccc(Sc2sc3nc(N)nc(N)c3c2C)cc1OC,4.8218865,5.30502391854922,0.48313737908999155,0.36923076923076925,c1ccc(Sc2cc3cncnc3s2)cc1,inactive
COc1cccc(Sc2sc3nc(N)nc(N)c3c2C)c1,4.982549,5.323429115215937,0.34087992469469697,0.4098360655737705,c1ccc(Sc2cc3cncnc3s2)cc1,inactive
COc1ccccc1Sc1sc2nc(N)nc(N)c2c1C,4.982549,5.032625510295232,0.05007631977399196,0.41935483870967744,c1ccc(Sc2cc3cncnc3s2)cc1,inactive
C#Cc1nn([C@@H]2CCCN(C(=O)C=C)C2)c2ncnc(N)c12,6.0884976,6.737614606963263,0.6491169682608708,0.7704918032786885,c1ncc2cnn(C3CCCNC3)c2n1,middle
C=CC(=O)N1CCC[C@@H](n2nc(I)c3c(N)ncnc32)C1,7.69897,6.818882002247705,0.8800878387557134,0.7166666666666667,c1ncc2cnn(C3CCCNC3)c2n1,active
C=CC(=O)N1CCC[C@@H](n2ncc3c(N)ncnc32)C1,5.69897,6.858987944655949,1.160018103652531,0.6031746031746031,c1ncc2cnn(C3CCCNC3)c2n1,inactive
COc1cc(/C=N/c2c(C#N)nc3c(-c4cc(OC)c(OC)c(OC)c4)nc4ccccc4n23)cc(OC)c1OC,6.675265,6.311030113061269,0.36423472229639664,0.38961038961038963,C(=Nc1cnc2c(-c3ccccc3)nc3ccccc3n12)c1ccccc1,middle
COc1cccc(/C=N/c2c(C#N)nc3c(-c4cc(OC)c(OC)c(OC)c4)nc4ccccc4n23)c1,7.119701,6.272353528499603,0.8473473801612856,0.32941176470588235,C(=Nc1cnc2c(-c3ccccc3)nc3ccccc3n12)c1ccccc1,active
Cc1nc(F)ccc1[C@H](Nc1cc(Cl)c2ncc(C#N)c(NC3CCOC3(C)C)c2c1)C1=CN(C2(C(F)F)CC2)NN1,8.460409,7.891872133247437,0.5685370311812736,0.8695652173913043,C1=C(C(Nc2ccc3nccc(NC4CCOC4)c3c2)c2cccnc2)NNN1C1CC1,active
Cc1nc(F)ccc1[C@H](Nc1cc(Cl)c2ncc(C#N)c(N[C@@H]3CCOC3(C)C)c2c1)C1=CN(C2(C(F)F)CC2)NN1,6.701147,7.891872133247437,1.1907250537796639,0.8695652173913043,C1=C(C(Nc2ccc3nccc(NC4CCOC4)c3c2)c2cccnc2)NNN1C1CC1,middle
CC1(C)COCCC1Nc1c(C#N)cnc2c(C#N)cc(N[C@H](C3=CN(C4(C(F)(F)F)CC4)NN3)c3cccc4ncsc34)cc12,8.048455,7.995986640453339,0.05246859788894653,0.7473684210526316,C1=C(C(Nc2ccc3nccc(NC4CCOCC4)c3c2)c2cccc3ncsc23)NNN1C1CC1,active
CC1(C)COCC[C@H]1Nc1c(C#N)cnc2c(C#N)cc(N[C@H](C3=CN(C4(C(F)(F)F)CC4)NN3)c3cccc4ncsc34)cc12,8.69897,7.995986640453339,0.7029832005500793,0.7473684210526316,C1=C(C(Nc2ccc3nccc(NC4CCOCC4)c3c2)c2cccc3ncsc23)NNN1C1CC1,active
CC(C)N1C=C([C@@H](Nc2cc(Cl)c3ncc(C#N)c(Nc4ccc(F)c(Cl)c4)c3c2)c2cccc3c2CN(C2COC2)C3)NN1,8.045757,8.097921946843465,0.05216465314229346,0.9010989010989011,C1=C(C(Nc2ccc3nccc(Nc4ccccc4)c3c2)c2cccc3c2CN(C2COC2)C3)NNN1,active
N#Cc1cnc2c(Cl)cc(N[C@H](C3=CNNN3)c3cccc4c3CN(C3COC3)C4)cc2c1Nc1ccc(F)c(Cl)c1,7.60206,8.060561305999755,0.4585014648437493,0.7666666666666667,C1=C(C(Nc2ccc3nccc(Nc4ccccc4)c3c2)c2cccc3c2CN(C2COC2)C3)NNN1,active
CC(C)(C)N1CCC(N2C=C([C@@H](Nc3cc(Cl)c4ncc(C#N)c(Nc5ccc(Cl)c(Cl)c5F)c4c3)c3csc4c3CCN(C3COC3)C4)NN2)CC1,8.1549015,8.109445256392162,0.045456248124439824,0.780952380952381,C1=C(C(Nc2ccc3nccc(Nc4ccccc4)c3c2)c2csc3c2CCN(C2COC2)C3)NNN1C1CCNCC1,active
CC(C)(C)N1CCC(N2C=C([C@@H](Nc3cc(Cl)c4ncc(C#N)c(Nc5cccc(Cl)c5F)c4c3)c3csc4c3CCN(C3COC3)C4)NN2)CC1,8.69897,8.350799511591593,0.34817032941182546,0.7980769230769231,C1=C(C(Nc2ccc3nccc(Nc4ccccc4)c3c2)c2csc3c2CCN(C2COC2)C3)NNN1C1CCNCC1,active
N#Cc1cnc2c(Cl)cc(N[C@@H](C3=CN(c4ccccc4)NN3)c3cccnc3)cc2c1Nc1cnc(F)c(F)c1,8.1549015,8.017345169822374,0.1375563346942279,0.7926829268292683,C1=C(C(Nc2ccc3nccc(Nc4cccnc4)c3c2)c2cccnc2)NNN1c1ccccc1,active
N#Cc1cnc2c(Cl)cc(N[C@H](C3=CN(c4ccccc4)NN3)c3cccnc3)cc2c1Nc1cnc(F)c(F)c1,7.958607,8.017345169822374,0.058737973014512335,0.7926829268292683,C1=C(C(Nc2ccc3nccc(Nc4cccnc4)c3c2)c2cccnc2)NNN1c1ccccc1,active
C#Cc1cccc(Nc2ncnc3cc4c(cc23)N(C(=O)/C=C/CN2CCN(C)CC2)CCO4)c1,6.951893,7.909846896807353,0.9579540440241496,0.8783783783783784,O=C(C=CCN1CCNCC1)N1CCOc2cc3ncnc(Nc4ccccc4)c3cc21,middle
CN1CCN(C/C=C/C(=O)N2CCOc3cc4ncnc(Nc5ccc(F)c(Cl)c5)c4cc32)CC1,7.5633397,7.811248993555705,0.24790928332010953,0.8767123287671232,O=C(C=CCN1CCNCC1)N1CCOc2cc3ncnc(Nc4ccccc4)c3cc21,active
CC(C)(/C=C(/C#N)C(=O)N1CCC[C@@H]1Cn1nc(-c2ccc(Oc3ccccc3)cc2F)c2c(N)ncnc21)N1CCOCC1,5.5228786,6.370221448527443,0.8473428016768567,0.6470588235294118,O=C(C=CCN1CCOCC1)N1CCCC1Cn1nc(-c2ccc(Oc3ccccc3)cc2)c2cncnc21,inactive
Nc1ncnc2c1c(-c1ccc(Oc3ccccc3)cc1)nn2C[C@@H]1CCCN1C(=O)/C=C/CN1CCOCC1,5.2049546,7.0018372070297366,1.7968825828537112,0.759493670886076,O=C(C=CCN1CCOCC1)N1CCCC1Cn1nc(-c2ccc(Oc3ccccc3)cc2)c2cncnc21,inactive
C[N+](C)(C/C=C/C(=O)Nc1ccc2ncnc(Nc3cccc(Br)c3)c2c1)Cc1ccc([N+](=O)[O-])cc1,9.6575775,8.468549350544258,1.1890281641041796,0.75,O=C(C=CC[NH2+]Cc1ccccc1)Nc1ccc2ncnc(Nc3ccccc3)c2c1,active
C[N+](C)(C/C=C/C(=O)Nc1ccc2ncnc(Nc3cccc(Br)c3)c2c1)Cc1ccccc1[N+](=O)[O-],9.6575775,8.327231991997472,1.3303455226509655,0.75,O=C(C=CC[NH2+]Cc1ccccc1)Nc1ccc2ncnc(Nc3ccccc3)c2c1,active
CN(C)c1ccc(/C=C/C(=O)c2ccc3ncc(C(N)=O)c(Nc4ccc(Cl)cc4)c3c2)cc1,5.277119,6.03370212925805,0.7565829695595641,0.3493975903614458,O=C(C=Cc1ccccc1)c1ccc2nccc(Nc3ccccc3)c2c1,inactive
NC(=O)c1cnc2ccc(C(=O)/C=C/c3ccc(Cl)cc3)cc2c1Nc1ccc(Br)cc1,5.3165927,5.9594161803192565,0.642823486990399,0.4342105263157895,O=C(C=Cc1ccccc1)c1ccc2nccc(Nc3ccccc3)c2c1,inactive
O=C(/C=C/c1ccc(Br)s1)Nc1ccc2ncnc(Nc3cccc(Cl)c3)c2c1,5.6197886,5.835546355247498,0.21575770854949994,0.746031746031746,O=C(C=Cc1cccs1)Nc1ccc2ncnc(Nc3ccccc3)c2c1,inactive
O=C(/C=C/c1cccs1)Nc1ccc2ncnc(Nc3cccc(Cl)c3)c2c1,5.055517,5.943015508651733,0.8874983119964597,0.7377049180327869,O=C(C=Cc1cccs1)Nc1ccc2ncnc(Nc3ccccc3)c2c1,inactive
C#Cc1cccc(Nc2ncnc3cc(OCCOC)c(OCCOC(=O)CCCCC[N+]4=C(/C=C/C=C/C=C/C=C5/N(CCCC)c6ccc(OC)cc6C5(C)C)C(C)(C)c5cc(C(F)(F)F)ccc54)cc23)c1,6.9065785,7.4194840534793,0.5129055126772979,0.453125,O=C(CCCCC[N+]1=C(C=CC=CC=CC=C2Cc3ccccc3N2)Cc2ccccc21)OCCOc1ccc2ncnc(Nc3ccccc3)c2c1,middle
C#Cc1cccc(Nc2ncnc3cc(OCCOC)c(OCCOC(=O)CCCCC[N+]4=C(/C=C/C=C/C=C/C=C5/N(CCCC)c6ccccc6C5(C)C)C(C)(C)c5cc(C(F)(F)F)ccc54)cc23)c1,6.6882463,7.557481127076677,0.8692348769240894,0.4351145038167939,O=C(CCCCC[N+]1=C(C=CC=CC=CC=C2Cc3ccccc3N2)Cc2ccccc21)OCCOc1ccc2ncnc(Nc3ccccc3)c2c1,middle
CCOC(=O)C1CCN(CCC(=O)c2ccc(OCc3ccccc3)cc2)CC1,6.5228786,5.902654532599071,0.6202241142515152,0.6363636363636364,O=C(CCN1CCCCC1)c1ccc(OCc2ccccc2)cc1,middle
O=C(CCN1CCCCC1)c1ccc(OCc2ccccc2)cc1,5.7447276,5.819074358788748,0.07434674724699963,0.7777777777777778,O=C(CCN1CCCCC1)c1ccc(OCc2ccccc2)cc1,inactive
CCOc1cc2ncnc(Nc3ccc(F)c(Cl)c3)c2cc1NC(=O)CCN1CCOCC1,9.537602,8.351761259237925,1.185841165383657,0.8591549295774648,O=C(CCN1CCOCC1)Nc1ccc2ncnc(Nc3ccccc3)c2c1,active
O=C(CCN1CCOCC1)Nc1ccc2ncnc(Nc3cccc(Br)c3)c2c1,9.29243,8.240566397905349,1.0518635261058815,0.8360655737704918,O=C(CCN1CCOCC1)Nc1ccc2ncnc(Nc3ccccc3)c2c1,active
CCOc1cc2ncnc(Nc3ccc(F)c(Cl)c3)c2cc1NC(=O)COC(=O)c1c(C)cccc1C,7.3565474,8.236331089602578,0.8797837339507222,0.7857142857142857,O=C(COC(=O)c1ccccc1)Nc1ccc2ncnc(Nc3ccccc3)c2c1,active
CCOc1cc2ncnc(Nc3ccc(F)c(Cl)c3)c2cc1NC(=O)COC(=O)c1ccccc1,7.60206,8.177987959914738,0.575928118758732,0.8088235294117647,O=C(COC(=O)c1ccccc1)Nc1ccc2ncnc(Nc3ccccc3)c2c1,active
CCOc1cc2ncnc(Nc3ccc(F)c(Cl)c3)c2cc1OC(=O)CSc1nc2cc(OC)ccc2s1,6.705534,7.5711091989941055,0.8655752176708633,0.6875,O=C(CSc1nc2ccccc2s1)Oc1ccc2ncnc(Nc3ccccc3)c2c1,middle
CCOc1cc2ncnc(Nc3ccc(F)c(Cl)c3)c2cc1OC(=O)CSc1nc2ccccc2s1,7.080922,7.774642203383976,0.6937200766139568,0.7466666666666667,O=C(CSc1nc2ccccc2s1)Oc1ccc2ncnc(Nc3ccccc3)c2c1,active
O=C(Cc1csc2nc3ccccc3n12)Nc1cccc(O)c1,4.2596374,5.761719482739767,1.5020821269353233,0.6545454545454545,O=C(Cc1csc2nc3ccccc3n12)Nc1ccccc1,inactive
O=C(Cc1csc2nc3ccccc3n12)Nc1ccccc1O,4.2596374,5.680305016835531,1.4206676610310875,0.76,O=C(Cc1csc2nc3ccccc3n12)Nc1ccccc1,inactive
CC(C)(O)Cn1/c(=N/C(=O)c2cc(F)cc(-c3cccnc3)c2)[nH]c2ccccc21,6.102373,6.122283706665039,0.019910583496093537,0.7272727272727273,O=C(N=c1[nH]c2ccccc2[nH]1)c1cccc(-c2cccnc2)c1,middle
CC(C)(O)Cn1/c(=N/C(=O)c2cccc(-c3cccnc3)c2)[nH]c2ccccc21,5.853872,6.080798877080282,0.22692705472310415,0.8333333333333334,O=C(N=c1[nH]c2ccccc2[nH]1)c1cccc(-c2cccnc2)c1,inactive
O=C(NCCN1CCOCC1)Nc1ccc2ncnc(Nc3ccc(F)c(Cl)c3)c2c1,7.275724,7.052145195802053,0.22357873837153086,0.84375,O=C(NCCN1CCOCC1)Nc1ccc2ncnc(Nc3ccccc3)c2c1,active
O=C(NCCN1CCOCC1)Nc1ccc2ncnc(Nc3cccc(Br)c3)c2c1,7.7074556,7.553082608779271,0.1543730262915295,0.8412698412698413,O=C(NCCN1CCOCC1)Nc1ccc2ncnc(Nc3ccccc3)c2c1,active
CC1=C(C(=O)Nc2cccc([N+](=O)[O-])c2)C(c2ccc(O)cc2O)NC(Nc2ccc(S(=O)(=O)Nc3nc(C)cc(C)n3)cc2)=N1,4.097997,5.005253116289775,0.9072559277216596,0.6710526315789473,O=C(Nc1ccccc1)C1=CN=C(Nc2ccc(S(=O)(=O)Nc3ncccn3)cc2)NC1c1ccccc1,inactive
CC1=C(C(=O)Nc2cccc([N+](=O)[O-])c2)C(c2ccc(O)cc2O)NC(Nc2ccc(S(=O)(=O)Nc3ncccn3)cc2)=N1,4.0540395,6.764261934492323,2.710222456190321,0.68,O=C(Nc1ccccc1)C1=CN=C(Nc2ccc(S(=O)(=O)Nc3ncccn3)cc2)NC1c1ccccc1,inactive
COc1cc2c(Nc3ccc(NC(=O)Nc4cccc(Cl)c4)cc3)ncnc2cc1OCc1ccccc1,5.3326406,6.561206558227539,1.2285659103393556,0.7164179104477612,O=C(Nc1ccccc1)Nc1ccc(Nc2ncnc3cc(OCc4ccccc4)ccc23)cc1,inactive
COc1cc2c(Nc3ccc(NC(=O)Nc4ccccc4)cc3)ncnc2cc1OCc1ccccc1,5.532688,6.491690841356913,0.9590027004877726,0.7540983606557377,O=C(Nc1ccccc1)Nc1ccc(Nc2ncnc3cc(OCc4ccccc4)ccc23)cc1,inactive
C=CC(=O)N(C)Cc1ccc(Oc2nc(Nc3cccc(OCCN4CCCC4=O)c3)ncc2F)cc1,5.978811,5.912239214685228,0.06657157251569945,0.825,O=C1CCCN1CCOc1cccc(Nc2nccc(Oc3ccccc3)n2)c1,inactive
C=CC(=O)Nc1cccc(Oc2nc(Nc3cccc(OCCN4CCCC4=O)c3)ncc2F)c1,7.2596374,7.05757777203454,0.20205958376990374,0.8309859154929577,O=C1CCCN1CCOc1cccc(Nc2nccc(Oc3ccccc3)n2)c1,active
CN1C(C)(C)CC(Oc2ccc(C(=O)N[C@@H]3[C@H]4Oc5ccc(Oc6ccnc7c6CCC(=O)N7)cc5[C@@H]34)cc2C(F)(F)F)CC1(C)C,7.8717613,8.257551285213893,0.38578996319240844,0.7553191489361702,O=C1CCc2c(Oc3ccc4c(c3)C3C(NC(=O)c5ccc(OC6CCNCC6)cc5)C3O4)ccnc2N1,active
CN1CCC(Oc2ccc(C(=O)N[C@@H]3[C@H]4Oc5ccc(Oc6ccnc7c6CCC(=O)N7)cc5[C@@H]34)cc2C(F)(F)F)CC1,9.619789,8.69480290582445,0.9249862177107069,0.8021978021978022,O=C1CCc2c(Oc3ccc4c(c3)C3C(NC(=O)c5ccc(OC6CCNCC6)cc5)C3O4)ccnc2N1,active
CCN1CCN(Cc2cc(C(=O)N[C@@H]3[C@H]4Oc5ccc(Oc6ccnc7c6CCC(=O)N7)cc5[C@@H]34)cc(C(F)(F)F)c2)CC1,8.638272,8.475577208624946,0.16269507683647966,0.782608695652174,O=C1CCc2c(Oc3ccc4c(c3)C3C(NC(=O)c5cccc(CN6CCNCC6)c5)C3O4)ccnc2N1,active
CCN1CCN(Cc2cc(F)cc(C(=O)N[C@@H]3[C@H]4Oc5ccc(Oc6ccnc7c6CCC(=O)N7)cc5[C@@H]34)c2)CC1,8.1549015,8.690346206135219,0.5354447016186175,0.7954545454545454,O=C1CCc2c(Oc3ccc4c(c3)C3C(NC(=O)c5cccc(CN6CCNCC6)c5)C3O4)ccnc2N1,active
CC(C)c1nn(C(C)C)c2cc(Nc3ccnc(-c4cnn(S(=O)(=O)C5CC5)c4)n3)ncc12,5.6197886,7.441288773642645,1.8215001269446471,0.7534246575342466,O=S(=O)(C1CC1)n1cc(-c2nccc(Nc3cc4[nH]ncc4cn3)n2)cn1,inactive
CC(C)n1nc(N)c2cnc(Nc3ccnc(-c4cnn(S(=O)(=O)C5CC5)c4)n3)cc21,7.145365,7.356497018496196,0.21113178030649848,0.7534246575342466,O=S(=O)(C1CC1)n1cc(-c2nccc(Nc3cc4[nH]ncc4cn3)n2)cn1,active
CNC(=O)c1nc(-c2ccc(Cl)c(S(=O)(=O)Nc3cccc(F)c3C)c2)cnc1N,6.387216,5.965418377876282,0.42179771327972393,0.25510204081632654,O=S(=O)(Nc1ccccc1)c1cccc(-c2cnccn2)c1,middle
CNC(=O)c1nc(-c2ccc(Cl)c(S(=O)(=O)Nc3cccc(F)c3F)c2)cnc1N,6.131356,6.094523500336542,0.03683226214514779,0.25773195876288657,O=S(=O)(Nc1ccccc1)c1cccc(-c2cnccn2)c1,middle
CCC(=O)Nc1cc2c(Nc3ccc4c(ccn4S(=O)(=O)c4ccccc4)c3)ncnc2cc1OC,6.8961964,6.9437499507268265,0.047553585370381235,0.7333333333333333,O=S(=O)(c1ccccc1)n1ccc2cc(Nc3ncnc4ccccc34)ccc21,middle
CCOc1cc2ncnc(Nc3ccc4c(ccn4S(=O)(=O)c4ccccc4)c3)c2cc1NC(=O)/C=C/CN(C)C,7.6080484,7.474343742264641,0.13370469676123786,0.8,O=S(=O)(c1ccccc1)n1ccc2cc(Nc3ncnc4ccccc34)ccc21,active
COC(=O)Cn1cc(-c2cccc(Cl)c2)c(=O)c2c(O)cc(OC)cc21,6.048455,5.5789639982647365,0.4694912400775486,0.7049180327868853,O=c1c(-c2ccccc2)c[nH]c2ccccc12,middle
COc1cc(O)c2c(=O)c(-c3cccc(Cl)c3)cn(C)c2c1,6.146215,5.5768300746281945,0.5693848873774208,0.7017543859649122,O=c1c(-c2ccccc2)c[nH]c2ccccc12,middle
CC(C)(C)CNc1ncnc2c(Br)cc(N[C@H](c3cn(C4(C(F)(F)F)CC4)nn3)c3cccc4ncsc34)cc12,8.09691,7.91392274538676,0.18298773129781054,0.5888888888888889,c1cc(C(Nc2ccc3ncncc3c2)c2cn(C3CC3)nn2)c2scnc2c1,active
CC(C)(C)CNc1ncnc2c(C#N)cc(N[C@H](c3cn(C4(C(F)(F)F)CC4)nn3)c3cccc4ncsc34)cc12,8.481486,8.467282991409302,0.014203329086303285,0.6304347826086957,c1cc(C(Nc2ccc3ncncc3c2)c2cn(C3CC3)nn2)c2scnc2c1,active
Cn1ncc2c(Oc3ccc(Nc4ncnc5ccn(CCO)c45)cc3Cl)cccc21,7.4436975,7.832726397779253,0.38902894523408715,0.7222222222222222,c1cc(Oc2ccc(Nc3ncnc4cc[nH]c34)cc2)c2cn[nH]c2c1,active
OCCn1ccc2ncnc(Nc3ccc(Oc4cccc5[nH]ncc45)c(Cl)c3)c21,8.721247,8.070556361675262,0.6506903576850895,0.7941176470588235,c1cc(Oc2ccc(Nc3ncnc4cc[nH]c34)cc2)c2cn[nH]c2c1,active
CN1CCN(c2ccc(Nc3nccc(-n4ccnc4-c4ccc(F)cc4)n3)cc2)CC1,7.2006593,7.33870237827301,0.13804310321807822,0.5571428571428572,c1ccc(-c2nccn2-c2ccnc(Nc3ccc(N4CCNCC4)cc3)n2)cc1,active
COc1cc(N2CCN(C)CC2)ccc1Nc1nccc(-n2ccnc2-c2ccc(F)cc2)n1,6.8961964,7.19758063978619,0.30138427442974436,0.68,c1ccc(-c2nccn2-c2ccnc(Nc3ccc(N4CCNCC4)cc3)n2)cc1,middle
C=CC(=O)Nc1cccc(-c2c(C)oc3ncnc(N[C@H](CO)c4ccccc4)c23)c1,6.5431886,7.1578956377241365,0.6147070657942049,0.8333333333333334,c1ccc(CNc2ncnc3occ(-c4ccccc4)c23)cc1,middle
C=CC(=O)Nc1cccc(-c2coc3ncnc(N[C@H](CO)c4ccccc4)c23)c1,6.798603,7.343387533823649,0.544784475962321,0.75,c1ccc(CNc2ncnc3occ(-c4ccccc4)c23)cc1,middle
Cc1c(Nc2ccc(OCc3cccc(F)c3)c(Cl)c2)ncnc1-c1ccccc1,4.69897,6.907311038653056,2.208341197649638,0.6666666666666666,c1ccc(COc2ccc(Nc3cc(-c4ccccc4)ncn3)cc2)cc1,inactive
Fc1cccc(COc2ccc(Nc3cc(-c4ccccc4)ncn3)cc2Cl)c1,5.920819,6.03729625278049,0.11647744708591024,0.8103448275862069,c1ccc(COc2ccc(Nc3cc(-c4ccccc4)ncn3)cc2)cc1,inactive
O=C(/C=C/c1ccc(-c2ccc3ncnc(Nc4ccc(OCc5cccc(F)c5)c(Cl)c4)c3c2)cc1)NO,7.7447276,7.915409078598023,0.17068146705627463,0.7922077922077922,c1ccc(COc2ccc(Nc3ncnc4ccc(-c5ccccc5)cc34)cc2)cc1,active
O=C(/C=C/c1cccc(-c2ccc3ncnc(Nc4ccc(OCc5cccc(F)c5)c(Cl)c4)c3c2)c1)NO,7.0228786,7.816153627898957,0.7932749810483708,0.7721518987341772,c1ccc(COc2ccc(Nc3ncnc4ccc(-c5ccccc5)cc34)cc2)cc1,active
COc1cc(N2CCN(C)CC2)c(-c2cn[nH]c2)cc1Nc1ncc(Cl)c(Nc2ccccc2P(C)(C)=O)n1,9.638272,8.981145137151083,0.6571271483103427,0.8846153846153846,c1ccc(Nc2ccnc(Nc3ccc(N4CCNCC4)c(-c4cn[nH]c4)c3)n2)cc1,active
COc1cc(N2CCN(C)CC2)c(-c2cnn(C)c2)cc1Nc1ncc(Cl)c(Nc2ccccc2P(C)(C)=O)n1,8.481486,8.743768610954284,0.26228229045867835,0.8831168831168831,c1ccc(Nc2ccnc(Nc3ccc(N4CCNCC4)c(-c4cn[nH]c4)c3)n2)cc1,active
CC#CC(=O)N1CCC[C@@H](Nc2nnc(C(N)=O)c(Nc3ccc(S(C)(=O)=O)cc3)n2)C1,5.2596374,5.654482873280843,0.3948455174763996,0.6708860759493671,c1ccc(Nc2cnnc(NC3CCCNC3)n2)cc1,inactive
CN(C)C/C=C/C(=O)N1CCC[C@@H](Nc2nnc(C(N)=O)c(Nc3ccc(S(C)(=O)=O)cc3)n2)C1,6.2596374,6.072821661101447,0.18681569470299664,0.8783783783783784,c1ccc(Nc2cnnc(NC3CCCNC3)n2)cc1,middle
Brc1cccc(Nc2ncnc3cc(NCCCn4ccnc4)ncc23)c1,9.29243,8.314854677783117,0.9775752462281133,0.6818181818181818,c1ccc(Nc2ncnc3cc(NCCCn4ccnc4)ncc23)cc1,active
Cc1cccc(Nc2ncnc3cc(NCCCn4ccnc4)ncc23)c1,8.455932,8.07266206767824,0.38326959583494435,0.6923076923076923,c1ccc(Nc2ncnc3cc(NCCCn4ccnc4)ncc23)cc1,active
C=CC(=O)N1CCC(Oc2cc3c(Nc4ccc(Cl)c(Cl)c4F)ncnc3cc2O[C@@H]2CCN(C)C2)CC1,8.982966,8.562666130149175,0.42030029288549287,0.8356164383561644,c1ccc(Nc2ncnc3cc(OC4CCNC4)c(OC4CCNCC4)cc23)cc1,active
C=CC(=O)N1CCC(Oc2cc3c(Nc4ccc(Cl)c(Cl)c4F)ncnc3cc2O[C@H]2CCN(C)C2)CC1,8.777284,8.562666130149175,0.2146175383688913,0.8356164383561644,c1ccc(Nc2ncnc3cc(OC4CCNC4)c(OC4CCNCC4)cc23)cc1,active
C#CC(=O)N1CC(c2cnn3c(C(N)=O)c(-c4ccc(Oc5ccc(OC)cc5)cc4)[nH]c23)C1,7.0540395,5.9310209398799465,1.1230185384220555,0.84375,c1ccc(Oc2ccc(-c3cn4ncc(C5CNC5)c4[nH]3)cc2)cc1,active
C#CC(=O)N1CC(c2cnn3c(C(N)=O)c(-c4ccc(Oc5ccccc5)cc4)[nH]c23)C1,7.471083,5.965358612537384,1.5057245516777042,0.8870967741935484,c1ccc(Oc2ccc(-c3cn4ncc(C5CNC5)c4[nH]3)cc2)cc1,active
COc1cc(Nc2ncnc3ccc(-c4cn(CCCCCC(=O)NO)nn4)cc23)ccc1Oc1ccccc1,8.236572,7.6225981292951674,0.6139741363298326,0.7294117647058823,c1ccc(Oc2ccc(Nc3ncnc4ccc(-c5c[nH]nn5)cc34)cc2)cc1,active
COc1cc(Nc2ncnc3ccc(-c4cn(CCCCCCC(=O)NO)nn4)cc23)ccc1Oc1ccccc1,7.935542,7.6225981292951674,0.3129439773332505,0.7294117647058823,c1ccc(Oc2ccc(Nc3ncnc4ccc(-c5c[nH]nn5)cc34)cc2)cc1,active
CC1(C)OCc2c(Nc3n[nH]c4c(Cl)cccc34)nc(-c3cn[nH]c3C(F)F)nc21,6.4317985,6.062235515117646,0.36956294298171954,0.4675324675324675,c1ccc2c(Nc3nc(-c4cn[nH]c4)nc4c3COC4)n[nH]c2c1,middle
CC1(C)OCc2c(Nc3n[nH]c4ccccc34)nc(-c3cn[nH]c3)nc21,6.221849,5.917750922838847,0.30409804185231515,0.6666666666666666,c1ccc2c(Nc3nc(-c4cn[nH]c4)nc4c3COC4)n[nH]c2c1,middle
Cc1nc(F)ccc1[C@H](Nc1cc(C#N)c2ncnc(NCC(C)(C)C)c2c1)c1cn(C2(C(F)F)CC2)nn1,8.769551,8.511075167655944,0.25847610950470035,0.6966292134831461,c1cncc(C(Nc2ccc3ncncc3c2)c2cn(C3CC3)nn2)c1,active
Cc1nc(F)ccc1[C@H](Nc1cc(Cl)c2ncnc(NCC(C)(C)C)c2c1)c1cn(C2(C(F)F)CC2)nn1,8.721247,8.22612070571241,0.4951260136479423,0.7209302325581395,c1cncc(C(Nc2ccc3ncncc3c2)c2cn(C3CC3)nn2)c1,active
Cc1cncc(COc2ccc(Nc3ncnn4ccc(CN5CCC(N)CC5)c34)cc2Cl)c1,7.070581,7.216979240046606,0.1463982807265376,0.7361111111111112,c1cncc(COc2ccc(Nc3ncnn4ccc(CN5CCCCC5)c34)cc2)c1,active
NC1CCN(Cc2ccn3ncnc(Nc4ccc(OCc5cccnc5)c(Cl)c4)c23)CC1,6.823909,7.2400675670305885,0.41615876118342054,0.76,c1cncc(COc2ccc(Nc3ncnn4ccc(CN5CCCCC5)c34)cc2)c1,middle
Cc1ncnc(Nc2ccc(OCc3cccc(F)c3)c(Cl)c2)c1C#CCCN1CCOCC1,7.8860564,7.373694744110107,0.5123616790771486,0.9166666666666666,C(#Cc1cncnc1Nc1ccc(OCc2ccccc2)cc1)CCN1CCOCC1,active
Cc1ncnc(Nc2ccc(OCc3cccc(F)c3)c(Cl)c2)c1C#Cc1ccc(CN2CCCC2)o1,7.102373,7.397490579287211,0.2951174561182661,0.7792207792207793,C(#Cc1cncnc1Nc1ccc(OCc2ccccc2)cc1)c1ccc(CN2CCCC2)o1,active
Nc1nccc(C#Cc2cncnc2Nc2ccc(OCc3cccc(F)c3)c(Cl)c2)n1,7.49485,7.284079809188842,0.2107703495025639,0.7746478873239436,C(#Cc1cncnc1Nc1ccc(OCc2ccccc2)cc1)c1ccncn1,active
COc1cc2ncnc(C#CC(C)(C)N(C)c3ccccc3)c2cc1OC,7.09691,6.557628377013737,0.5392816228336752,0.6415094339622641,C(#Cc1ncnc2ccccc12)CNc1ccccc1,active
CCOc1cc2ncnc(C#Cc3[nH]ccc3-c3ccccc3)c2cc1OCC,8.0,7.490262079901164,0.5097379200988357,0.55,C(#Cc1ncnc2ccccc12)c1[nH]ccc1-c1ccccc1,active
C=CC(=O)N1CC[C@H](n2cc(-c3ccncc3)c(-c3cccc(/C=C/c4ncc(C5CC5)o4)c3)n2)C1,7.05061,6.849448480076259,0.20116158538394568,0.9,C(=Cc1ncc(C2CC2)o1)c1cccc(-c2nn(C3CCNC3)cc2-c2ccncc2)c1,active
Cn1c(-c2csc(N/N=C\c3ccncc3)n2)nc2ccccc21,6.244575,6.455223608016968,0.21064858436584455,0.8571428571428571,C(=NNc1nc(-c2nc3ccccc3[nH]2)cs1)c1ccncc1,middle
Oc1ccc(/C=N/Nc2nc3ccccc3c3nncn23)cc1,6.161151,6.072710066901313,0.08844086541069895,0.32,C(=NNc1nc2ccccc2c2nncn12)c1ccccc1,middle
COc1cc2nc(C)nc(N/N=C/c3cc(CN4CCCCC4)c(O)c(OC)c3)c2cc1OC,8.432974,7.837569521268208,0.5954043404261276,0.5555555555555556,C(=NNc1ncnc2ccccc12)c1cccc(CN2CCCCC2)c1,active
COc1cc(-c2nc3ccccc3n3c(/N=C/c4ccsc4)c(C#N)nc23)cc(OC)c1OC,7.0741725,6.267421229839325,0.8067512669563293,0.3614457831325301,C(=Nc1cnc2c(-c3ccccc3)nc3ccccc3n12)c1ccsc1,active
COc1ccc(/C=N/c2nnc3c4ccccc4nc(Nc4ccc(C)cc4N)n23)cc1O,5.368556,6.329737312634786,0.9611812899907433,0.34177215189873417,C(=Nc1nnc2c3ccccc3nc(Nc3ccccc3)n12)c1ccccc1,inactive
N#CCCC(Nc1c(C#N)cnc2c(Cl)cc(N[C@H](C3=CN(C4C5CN(C6COC6)CC54)NN3)c3csc4c3CCN(C3COC3)C4)cc12)c1ccccc1,8.69897,8.120729037890356,0.5782408031130615,0.9042553191489362,C1=C(C(Nc2ccc3nccc(NCc4ccccc4)c3c2)c2csc3c2CCN(C2COC2)C3)NNN1C1C2CN(C3COC3)CC21,active
CC(C)(C)N1CCC(N2C=C([C@@H](Nc3cc(Cl)c4ncc(C#N)c(Nc5ccc(F)c(Cl)c5)c4c3)c3ccc4ncsc4c3)NN2)CC1,8.093543,8.096404932339986,0.0028618796666464164,0.9111111111111111,C1=C(C(Nc2ccc3nccc(Nc4ccccc4)c3c2)c2ccc3ncsc3c2)NNN1C1CCNCC1,active
CC(C)N1C=C([C@@H](Nc2cc(Cl)c3ncc(C#N)c(Nc4ccc(F)c(Cl)c4)c3c2)c2cccc3c2CNN3C)NN1,7.920819,8.198662319183349,0.2778435134887687,0.7931034482758621,C1=C(C(Nc2ccc3nccc(Nc4ccccc4)c3c2)c2cccc3c2CNN3)NNN1,active
Cc1ncsc1[C@H](Nc1cc(Cl)c2ncc(C#N)c(Nc3ccc(Cl)c(Cl)c3F)c2c1)C1=CN(C2COC2)NN1,7.920819,7.973856142361959,0.05303733666737909,0.8131868131868132,C1=C(C(Nc2ccc3nccc(Nc4ccccc4)c3c2)c2cncs2)NNN1C1COC1,active
CC(C)N1C=C([C@@H](Nc2cc(Cl)c3ncc(C#N)c(Nc4ccc(F)c(Cl)c4)c3c2)c2csc(N3CCOCC3)n2)NN1,7.853872,8.004345435142517,0.15047361278533877,0.8222222222222222,C1=C(C(Nc2ccc3nccc(Nc4ccccc4)c3c2)c2csc(N3CCOCC3)n2)NNN1,active
N#Cc1cnc2c(Cl)cc(N[C@H](C3=CN(CCN4CCOCC4)NN3)c3cscn3)cc2c1Nc1ccc(F)c(Cl)c1,7.920819,7.936735849380494,0.015917043685913512,0.797752808988764,C1=C(C(Nc2ccc3nccc(Nc4ccccc4)c3c2)c2cscn2)NNN1CCN1CCOCC1,active
CC(C)(C)CNc1c(C#N)cnc2c(Cl)cc(N[C@H](C3=CN(C4(C(F)F)CC4)NN3)c3cccc4c3NNC4)cc12,8.1549015,7.979087701241175,0.1758138032754264,0.7954545454545454,C1=C(C(Nc2ccc3ncccc3c2)c2cccc3c2NNC3)NNN1C1CC1,active
CC(C)(C)CNc1c(C#N)cnc2c(Cl)cc(N[C@H](C3=CN(C4CC4)NN3)c3cncc4cnccc34)cc12,7.552842,8.739623263676961,1.1867811234792072,0.8765432098765432,C1=C(C(Nc2ccc3ncccc3c2)c2cncc3cnccc23)NNN1C1CC1,active
CCC(=O)N1CCC[C@@H](N2CC(c3cccc(F)c3Cl)=C(C)c3cnc(Nc4ccc(N5CCN(C)CC5)c(C)c4)nc32)C1,6.8699045,7.275492139157795,0.40558762103035395,0.68,C1=C(c2ccccc2)CN(C2CCCNC2)c2nc(Nc3ccc(N4CCNCC4)cc3)ncc21,middle
CCOc1ccc(C2C(C#N)=C(N)OC3C2C(C)=NN3c2ccc(Cl)cc2)cc1,9.677781,6.083820301691691,3.5939608033498125,0.3472222222222222,C1=CC(c2ccccc2)C2C=NN(c3ccccc3)C2O1,active
C1=CC2=C(Cc3nnc(Cc4nc5ccccc5[nH]4)o3)CNC2C=C1,4.0644927,4.739113084475199,0.6746203819910681,0.5471698113207547,C1=CC2=C(Cc3nnc(Cc4nc5ccccc5[nH]4)o3)CNC2C=C1,inactive
CNC1=CC2N=CN(C)/C(=N\c3cccc(Br)c3)C2C=N1,8.508638,5.554799526267581,2.953838855690427,0.2537313432835821,C1=CC2N=CNC(=Nc3ccccc3)C2C=N1,active
NNC(=O)/C=C1/Nc2ccc(Br)cc2NC1=O,6.434648,5.138368048111598,1.296279988845189,0.36538461538461536,C=C1Nc2ccccc2NC1=O,middle
Cc1cc(Nc2ncc3c(n2)N([C@H]2CCN(C(=O)C4CCCC4)C2)C(=O)N(c2ccccc2Cl)C3)ccc1N1CCN(C)CC1,7.5934596,7.6601047288046935,0.06664512263403921,0.987012987012987,O=C(C1CCCC1)N1CCC(N2C(=O)N(c3ccccc3)Cc3cnc(Nc4ccc(N5CCNCC5)cc4)nc32)C1,active
Cc1cc(Nc2ncnc3cc(O)c(NC(=O)/C=C/[C@H]4CCCN4C)cc23)ccc1Oc1ccn2ccnc2c1,8.636388,8.415615420341492,0.2207724046707149,0.8505747126436781,O=C(C=CC1CCCN1)Nc1ccc2ncnc(Nc3ccc(Oc4ccn5ccnc5c4)cc3)c2c1,active
O=C(/C=C/CN1CCCOCC1)N1CCCc2c(sc3ncnc(Nc4ccc(Cl)c(Cl)c4)c23)C1,9.0,7.666567199230194,1.3334328007698062,0.7093023255813954,O=C(C=CCN1CCCOCC1)N1CCCc2c(sc3ncnc(Nc4ccccc4)c23)C1,active
CCOc1cc2ncnc(Nc3ccc(NS(=O)(=O)c4ccccc4)cc3)c2cc1NC(=O)/C=C/CN1CCN(C)CC1,6.747561,7.200963753064474,0.45340277512868266,0.8933333333333333,O=C(C=CCN1CCNCC1)Nc1ccc2ncnc(Nc3ccc(NS(=O)(=O)c4ccccc4)cc3)c2c1,middle
O=C(/C=C/CNC1CCC1)Nc1ccc2ncnc3c2c1C=CN3c1ccc(OCc2ccccn2)c(Cl)c1,8.89963,9.02812441666921,0.12849482377370158,0.9487179487179487,O=C(C=CCNC1CCC1)Nc1ccc2ncnc3c2c1C=CN3c1ccc(OCc2ccccn2)cc1,active
O=C(/C=C/CNC1CCOCC1)Nc1cc2c(Nc3ccc(F)c(Cl)c3)ncnc2s1,7.59691,7.584224798573388,0.012685201274024394,0.7466666666666667,O=C(C=CCNC1CCOCC1)Nc1cc2c(Nc3ccccc3)ncnc2s1,active
CC(C)(CN1CCOCC1)NC/C=C/C(=O)N1CCc2c(sc3ncnc(Nc4ccc(F)c(Cl)c4)c23)C1,9.0,7.874848833878835,1.1251511661211646,0.6704545454545454,O=C(C=CCNCCN1CCOCC1)N1CCc2c(sc3ncnc(Nc4ccccc4)c23)C1,active
CCOc1cc2ncc(C#N)c(Nc3ccc(F)c(Cl)c3)c2cc1NC(=O)/C=C/CNCc1cn(CCF)nn1,8.200246,7.994012920061747,0.20623293717702218,0.7802197802197802,O=C(C=CCNCc1c[nH]nn1)Nc1ccc2nccc(Nc3ccccc3)c2c1,active
O=C(/C=C/CNCc1ncccn1)Nc1cc2c(Nc3ccc(F)c(Cl)c3)ncnc2s1,7.6782737,7.667041559749181,0.011232118076747177,0.7297297297297297,O=C(C=CCNCc1ncccn1)Nc1cc2c(Nc3ccccc3)ncnc2s1,active
Cn1ncc([N+](=O)[O-])c1C[N+](C)(C)C/C=C/C(=O)Nc1ccc2ncnc(Nc3cccc(Br)c3)c2c1,9.6575775,8.717067515231944,0.9405099994164932,0.7804878048780488,O=C(C=CC[NH2+]Cc1ccn[nH]1)Nc1ccc2ncnc(Nc3ccccc3)c2c1,active
Nc1ccccc1NC(=O)/C=C/c1ccc(-c2ccc3ncnc(Nc4ccc(OCc5cccc(F)c5)c(Cl)c4)c3c2)cc1,7.537602,7.732057825724284,0.19445587793985997,0.8023255813953488,O=C(C=Cc1ccc(-c2ccc3ncnc(Nc4ccc(OCc5ccccc5)cc4)c3c2)cc1)Nc1ccccc1,active
Nc1ccccc1NC(=O)/C=C/c1cccc(-c2ccc3ncnc(Nc4ccc(OCc5cccc(F)c5)c(Cl)c4)c3c2)c1,7.309804,7.590926095114814,0.2811221324072948,0.7931034482758621,O=C(C=Cc1cccc(-c2ccc3ncnc(Nc4ccc(OCc5ccccc5)cc4)c3c2)c1)Nc1ccccc1,active
N#C/C(=C\c1ccc(O)c(O)c1)C(=O)N1CCN(c2ccccc2)CC1,4.8130846,5.727119936943054,0.9140353345870968,0.7906976744186046,O=C(C=Cc1ccccc1)N1CCN(c2ccccc2)CC1,inactive
O=C(/C=C/c1ccccc1)N1CCc2c(sc3ncnc(N[C@H](CO)c4ccccc4)c23)C1,5.4555597,6.6305104268656825,1.1749506963358973,0.803030303030303,O=C(C=Cc1ccccc1)N1CCc2c(sc3ncnc(NCc4ccccc4)c23)C1,inactive
N#C/C(=C\c1ccc(O)c(O)c1)C(=O)NCCCCCCCCCCNC(=O)/C(C#N)=C/c1ccc(O)c(O)c1,5.8860564,5.406159508001235,0.4798969151860213,1.0,O=C(C=Cc1ccccc1)NCCCCCCCCCCNC(=O)C=Cc1ccccc1,inactive
O=C(/C=C/c1ccc(O)c(O)c1)OCCc1ccccc1,5.9978337,5.065555621782939,0.9322781070073445,0.525,O=C(C=Cc1ccccc1)OCCc1ccccc1,inactive
CNc1nc(C)c(C(=O)/C=C/c2nccs2)s1,6.592439,5.69370902856191,0.8987301460901893,0.5918367346938775,O=C(C=Cc1nccs1)c1cncs1,middle
CCOc1cc2ncc(C#N)c(Nc3ccc(OCc4cccc(F)c4)c(Cl)c3)c2cc1NC(=O)CCCCC1CCSS1,7.3912582,7.329773052003649,0.061485187742444936,0.6701030927835051,O=C(CCCCC1CCSS1)Nc1ccc2nccc(Nc3ccc(OCc4ccccc4)cc3)c2c1,active
CN1CCN(CCC(=O)Nc2ccc3ncnc(Nc4cccc(Br)c4)c3c2)CC1,9.638272,8.34985338528951,1.2884189001719157,0.85,O=C(CCN1CCNCC1)Nc1ccc2ncnc(Nc3ccccc3)c2c1,active
COc1cc(N2CCN(C)CC2)ccc1Nc1ncc(Cl)c(Oc2ccc(NC(=O)CCOCc3ccccc3)cc2)n1,5.7772837,5.765128658612569,0.012155009905497671,0.8780487804878049,O=C(CCOCc1ccccc1)Nc1ccc(Oc2ccnc(Nc3ccc(N4CCNCC4)cc3)n2)cc1,inactive
COC1CCN(c2nccc(Nc3cc4c(cn3)nc(COCCN3CCN(CCOCC(=O)N[C@H](C(=O)N5C[C@H](O)C[C@H]5C(=O)N[C@@H](C)c5ccc(-c6scnc6C)cc5)C(C)(C)C)CC3)n4C(C)C)n2)CC1,4.920819,5.298962290419472,0.3781434847248919,0.9743589743589743,O=C(COCCN1CCN(CCOCc2nc3cnc(Nc4ccnc(N5CCCCC5)n4)cc3[nH]2)CC1)NCC(=O)N1CCCC1C(=O)NCc1ccc(-c2cncs2)cc1,inactive
Cc1ncsc1-c1ccc(CNC(=O)[C@@H]2C[C@@H](O)CN2C(=O)[C@@H](NC(=O)COCCOCCOCCOCC#Cc2cccc3c2C(=O)N(C(C(=O)Nc2nccs2)c2cc(F)ccc2O)C3)C(C)(C)C)cc1,5.979304,6.081208541837946,0.10190470501543647,0.8809523809523809,O=C(COCCOCCOCCOCC#Cc1cccc2c1C(=O)N(C(C(=O)Nc1nccs1)c1ccccc1)C2)NCC(=O)N1CCCC1C(=O)NCc1ccc(-c2cncs2)cc1,inactive
Cc1ncsc1-c1ccc([C@H](C)NC(=O)[C@H]2C[C@H](O)CN2C(=O)[C@@H](NC(=O)COCCOCCOCCOCCOC2CCN(c3nccc(Nc4cc5c(cn4)nc(C)n5C(C)C)n3)CC2)C(C)(C)C)cc1,4.853872,4.916771206651415,0.06289938429423714,0.8403361344537815,O=C(COCCOCCOCCOCCOC1CCN(c2nccc(Nc3cc4[nH]cnc4cn3)n2)CC1)NCC(=O)N1CCCC1C(=O)NCc1ccc(-c2cncs2)cc1,inactive
COC1CCN(c2nccc(Nc3cc4c(cn3)nc(COCCOCCOCCOCC(=O)N[C@H](C(=O)N3C[C@@H](O)C[C@@H]3C(=O)N[C@@H](C)c3ccc(-c5scnc5C)cc3)C(C)(C)C)n4C(C)C)n2)CC1,4.8283944,5.135646687772539,0.3072522747781541,1.0,O=C(COCCOCCOCCOCc1nc2cnc(Nc3ccnc(N4CCCCC4)n3)cc2[nH]1)NCC(=O)N1CCCC1C(=O)NCc1ccc(-c2cncs2)cc1,inactive
COc1cc(N2CCN(C)CC2)ccc1Nc1ncc(Cl)c(Oc2ccccc2NC(=O)COCc2ccccc2)n1,6.4089355,5.809855527877808,0.5990800189971921,0.8701298701298701,O=C(COCc1ccccc1)Nc1ccccc1Oc1ccnc(Nc2ccc(N3CCNCC3)cc2)n1,middle
CC[C@H](C(=O)N1CCCC[C@@H]1C(=O)O[C@H](CCc1ccc(OC)c(OC)c1)c1cccc(OCC(=O)NCCC(=O)N2CCN(CCCOc3cc4c(Nc5ccc(F)c(Cl)c5)ncnc4cc3OC)CC2)c1)c1cc(OC)c(OC)c(OC)c1,7.8860564,7.454257644781992,0.4317987784052635,0.45901639344262296,O=C(COc1cccc(C(CCc2ccccc2)OC(=O)C2CCCCN2C(=O)Cc2ccccc2)c1)NCCC(=O)N1CCN(CCCOc2ccc3ncnc(Nc4ccccc4)c3c2)CC1,active
CN1C(=O)c2ccc(NC(=O)CSc3nc4cc5ccccc5cc4c(=O)n3-c3ccc(S(N)(=O)=O)cc3)cc2C1=O,6.19382,6.284528799215952,0.09070879952112776,0.726027397260274,O=C(CSc1nc2cc3ccccc3cc2c(=O)n1-c1ccccc1)Nc1ccc2c(c1)C(=O)NC2=O,middle
O=C(Cc1ccccc1)Nc1cccc(-c2nc3n(c2-c2ccnc(Nc4ccc(N5CCOCC5)cc4)n2)CCS3)c1,7.315114,6.972974597613017,0.3421394236882529,0.7469879518072289,O=C(Cc1ccccc1)Nc1cccc(-c2nc3n(c2-c2ccnc(Nc4ccc(N5CCOCC5)cc4)n2)CCS3)c1,active
C#Cc1cccc(Nc2ncnc3cc(OCCOC(=O)C(C)c4ccc(CC(C)C)cc4)c(OCCOC)cc23)c1,8.045757,7.6411667100588465,0.40459058364232536,0.7692307692307693,O=C(Cc1ccccc1)OCCOc1ccc2c(Nc3ccccc3)ncnc2c1,active
C#Cc1cccc(Nc2ncnc3cc(OCCOC(=O)Cc4c(C)n(C(=O)c5ccc(Cl)cc5)c5ccc(OC)cc45)c(OCCOC(=O)Cc4c(C)n(C(=O)c5ccc(Cl)cc5)c5ccc(OC)cc45)cc23)c1,7.481486,7.393852257940504,0.08763358571794289,0.9647058823529412,O=C(Cc1cn(C(=O)c2ccccc2)c2ccccc12)OCCOc1cc2ncnc(Nc3ccccc3)c2cc1OCCOC(=O)Cc1cn(C(=O)c2ccccc2)c2ccccc12,active
Nc1ncnc2c1ncn2CC(=O)c1c[nH]c2ccccc12,4.455932,4.48096614519755,0.025034004847208635,0.7169811320754716,O=C(Cn1cnc2cncnc21)c1c[nH]c2ccccc12,inactive
O=C(Cn1sccc1=O)Nc1ccc2ncnc(Nc3cccc(Br)c3)c2c1,9.443698,8.11421939002143,1.3294785393608937,0.7164179104477612,O=C(Cn1sccc1=O)Nc1ccc2ncnc(Nc3ccccc3)c2c1,active
Cc1nc(F)ccc1[C@H](Nc1cc(Cl)c2ncc(C#N)c(NCC(C)(C)C)c2c1)C1=CN(C2(C(=O)N3CCCC3)CC2)NN1,8.30103,8.411977149645487,0.11094699064890534,0.9032258064516129,O=C(N1CCCC1)C1(N2C=C(C(Nc3ccc4ncccc4c3)c3cccnc3)NN2)CC1,active
COc1ccccc1-c1cc(C(=O)/N=c2\[nH]c3cc(C4CCCN(C(C)=O)C4)ccc3n2CC(C)(C)O)ccn1,8.1405,8.024253770245448,0.11624629841910306,0.9487179487179487,O=C(N=c1[nH]c2ccc(C3CCCNC3)cc2[nH]1)c1ccnc(-c2ccccc2)c1,active
Cc1cc(C(=O)/N=c2\[nH]c3ccc(CN4CCN(C)CC4)cc3n2CC(C)(C)O)cc(-c2cnn(C)c2)n1,6.505396,7.803073282241821,1.2976773929595948,0.868421052631579,O=C(N=c1[nH]c2ccc(CN3CCNCC3)cc2[nH]1)c1ccnc(-c2cn[nH]c2)c1,middle
O=C(/N=c1\[nH]c2ccccc2n1[C@H]1CC[C@@H](O)CC1)c1ccnc(-c2coc3cccnc23)c1,6.689126,7.341352385282517,0.652226370573044,0.7058823529411765,O=C(N=c1[nH]c2ccccc2n1C1CCCCC1)c1ccnc(-c2coc3cccnc23)c1,middle
COc1ccccc1C(=O)NC1(c2ccc(-c3nn(C4CCCC4)c4ncnc(N)c34)cc2)CC1,5.2596374,5.850399021572537,0.5907616657680936,0.726027397260274,O=C(NC1(c2ccc(-c3nn(C4CCCC4)c4ncncc34)cc2)CC1)c1ccccc1,inactive
NC(=O)c1ncc(N2CCC[C@@H](NC(=O)C3CC3)C2)nc1Nc1ccc(C2CCN(C3CCCC3)CC2)cc1,5.2596374,6.251685034434001,0.9920476786295573,0.9692307692307692,O=C(NC1CCCN(c2cncc(Nc3ccc(C4CCN(C5CCCC5)CC4)cc3)n2)C1)C1CC1,inactive
NC(=O)c1ncc(N2CCC[C@@H](NC(=O)c3cncc(F)c3)C2)nc1Nc1ccc(C2CCN(C3CCCC3)CC2)cc1,6.2596374,6.311805890666114,0.0521685348616705,0.7948717948717948,O=C(NC1CCCN(c2cncc(Nc3ccc(C4CCN(C5CCCC5)CC4)cc3)n2)C1)c1cccnc1,middle
CCOc1ccc(C(=O)N[C@@H]2CCCN(c3nnc(C(N)=O)c(Nc4ccc(C5=NCCN5C)cc4)n3)C2)cc1,5.2596374,5.678625265757243,0.4189879099527998,0.7560975609756098,O=C(NC1CCCN(c2nncc(Nc3ccc(C4=NCCN4)cc3)n2)C1)c1ccccc1,inactive
O=C(NCCN1CCCC1)c1cc2cnnc(Nc3ccc(OCc4cccc(F)c4)c(Cl)c3)c2[nH]1,4.8198743,5.445323509216308,0.625449222564697,0.7469879518072289,O=C(NCCN1CCCC1)c1cc2cnnc(Nc3ccc(OCc4ccccc4)cc3)c2[nH]1,inactive
Cc1ncsc1-c1ccc(CNC(=O)[C@@H]2C[C@@H](O)CN2C(=O)[C@H](C(C)C)N2Cc3ccccc3C2=O)c(OCCOCCN2CCN(Cc3ccc(-c4cc5c(NCc6ccccc6Cl)ncnc5[nH]4)cc3)CC2)c1,5.721849,5.749975509261331,0.028126544570168832,1.0,O=C(NCc1ccc(-c2cncs2)cc1OCCOCCN1CCN(Cc2ccc(-c3cc4c(NCc5ccccc5)ncnc4[nH]3)cc2)CC1)C1CCCN1C(=O)CN1Cc2ccccc2C1=O,inactive
Cc1ncsc1-c1ccc(CNC(=O)[C@@H]2C[C@@H](O)CN2C(=O)[C@H](C(C)C)N2Cc3ccccc3C2=O)c(OCCOCCOCC#Cc2cccc3c2C(=O)N([C@@H](C(=O)Nc2nccs2)c2cc(F)ccc2O)C3)c1,5.4063807,5.568672587404174,0.16229193402282593,1.0,O=C(NCc1ccc(-c2cncs2)cc1OCCOCCOCC#Cc1cccc2c1C(=O)N(C(C(=O)Nc1nccs1)c1ccccc1)C2)C1CCCN1C(=O)CN1Cc2ccccc2C1=O,inactive
Cc1ncsc1-c1ccc(CNC(=O)[C@@H]2C[C@@H](O)CN2C(=O)[C@H](C(C)C)N2Cc3ccccc3C2=O)c(OCCOCCOCCOCCOCCN2CCN(Cc3ccc(-c4cc5c(NCc6ccccc6Cl)ncnc5[nH]4)cc3)CC2)c1,5.4051147,5.749975509261331,0.3448608585350126,1.0,O=C(NCc1ccc(-c2cncs2)cc1OCCOCCOCCOCCOCCN1CCN(Cc2ccc(-c3cc4c(NCc5ccccc5)ncnc4[nH]3)cc2)CC1)C1CCCN1C(=O)CN1Cc2ccccc2C1=O,inactive
COc1ccccc1C(=O)NCc1ccc(-c2nn(C3C=CCCC3)c3ncnc(N)c23)cc1,7.2596374,5.563340202861362,1.6962971529430817,0.7808219178082192,O=C(NCc1ccc(-c2nn(C3C=CCCC3)c3ncncc23)cc1)c1ccccc1,active
COc1ccccc1C(=O)NCc1ccc(-n2nc(C3CCCC3)c3ncnc(N)c32)cc1,7.2596374,5.991167524973551,1.2684698308308926,0.5769230769230769,O=C(NCc1ccc(-n2nc(C3CCCC3)c3ncncc32)cc1)c1ccccc1,active
O=C(N/N=C1\CC2(CCCC2)Oc2ccccc21)Nc1ccc(Cl)cc1,5.7212462,5.18416261461046,0.5370836279127333,0.3835616438356164,O=C(NN=C1CC2(CCCC2)Oc2ccccc21)Nc1ccccc1,inactive
O=C(N/N=C/c1cccs1)N1CCc2ncnc(Nc3ccc(F)c(Cl)c3)c2C1,7.20412,7.49669371234046,0.2925735531912901,0.7714285714285715,O=C(NN=Cc1cccs1)N1CCc2ncnc(Nc3ccccc3)c2C1,active
CN1CCN(CCOc2cc3ncnc(Nc4ccc(F)c(Cl)c4)c3cc2NC(=O)c2cc([N+](=O)[O-])ccc2F)CC1,7.920819,8.05100188891093,0.13018308321634997,0.9358974358974359,O=C(Nc1cc2c(Nc3ccccc3)ncnc2cc1OCCN1CCNCC1)c1ccccc1,active
O=C(Nc1ccc2ncnc(Nc3cccc(Cl)c3)c2c1)C1CCCCC1,8.184872,7.001316384474436,1.183555289109548,0.8135593220338984,O=C(Nc1ccc2ncnc(Nc3ccccc3)c2c1)C1CCCCC1,active
C=CC(=O)N1CC[C@H](n2cc(-c3ccncc3)c(-c3cccc(NC(=O)c4ccc5c(c4)CN(C)C5=O)c3)n2)C1,5.537602,6.279999981456332,0.7423980336719085,0.6966292134831461,O=C(Nc1cccc(-c2nn(C3CCNC3)cc2-c2ccncc2)c1)c1ccc2c(c1)CNC2=O,inactive
COc1cc2c(Oc3ccc(NC(=O)C4(C(=O)Nc5ccc(F)cc5)CC4)cc3F)ccnc2cc1OCCCN1CCOCC1,5.522881,6.004554642041525,0.4816736110051476,0.6333333333333333,O=C(Nc1ccccc1)C1(C(=O)Nc2ccc(Oc3ccnc4cc(OCCCN5CCOCC5)ccc34)cc2)CC1,inactive
COc1cc2nccc(Oc3ccc(NC(=O)C4(C(=O)Nc5ccc(F)cc5)CC4)cc3)c2cc1OC,6.6478176,6.049159022702112,0.5986585889922242,0.7068965517241379,O=C(Nc1ccccc1)C1(C(=O)Nc2ccc(Oc3ccnc4ccccc34)cc2)CC1,middle
NC(=O)c1nnc(N2CCC[C@@H](NC(=O)Nc3ccccc3)C2)nc1Nc1ccc(C(=O)N2CCOCC2)cc1,5.2596374,6.0248661814795605,0.7652288256751172,0.6987951807228916,O=C(Nc1ccccc1)NC1CCCN(c2nncc(Nc3ccc(C(=O)N4CCOCC4)cc3)n2)C1,inactive
O=C(Nc1ccccc1)NN1C(=O)c2c(c3c4cccc(O)c4n(C4OC(CO)C(O)C(O)C4O)c3c3[nH]c4c(O)cccc4c23)C1=O,4.0222764,4.141449310779572,0.11917290925979618,0.7534246575342466,O=C(Nc1ccccc1)NN1C(=O)c2c(c3c4ccccc4n(C4CCCCO4)c3c3[nH]c4ccccc4c23)C1=O,inactive
O=C(Nc1ccc(-c2ccc3c(=O)[nH]cnc3c2)cc1)Nc1ccc(F)c(F)c1,7.005243,6.682338929971059,0.3229038945833844,0.3333333333333333,O=C(Nc1ccccc1)Nc1ccc(-c2ccc3c(=O)[nH]cnc3c2)cc1,active
O=C(Nc1ccccc1)Nc1cccc(-c2nc3sccn3c2-c2ccnc(Nc3ccc(N4CCOCC4)cc3)n2)c1,7.0,6.9527031596501665,0.0472968403498335,0.8311688311688312,O=C(Nc1ccccc1)Nc1cccc(-c2nc3sccn3c2-c2ccnc(Nc3ccc(N4CCOCC4)cc3)n2)c1,active
CCN(CC)CCCCNc1ncc2cc(-c3c(Cl)cccc3Cl)c(NC(=O)Nc3ccccc3)nc2n1,6.0,6.053981639332242,0.05398163933224165,0.8208955223880597,O=C(Nc1ccccc1)Nc1nc2ncncc2cc1-c1ccccc1,middle
Nc1ccccc1NC(=O)c1ccc(-c2ccc3ncnc(Nc4ccc(OCc5cccc(F)c5)c(Cl)c4)c3c2)o1,8.537602,7.916396015564599,0.6212064090569829,0.7948717948717948,O=C(Nc1ccccc1)c1ccc(-c2ccc3ncnc(Nc4ccc(OCc5ccccc5)cc4)c3c2)o1,active
CN(C)C/C=C/C(=O)N1CCC[C@@H](n2nc(C(=O)Nc3nc4cc(-c5cccs5)ccc4o3)c3c(N)ncnc32)C1,6.8326826,7.320168635580276,0.4874860260221707,0.7849462365591398,O=C(Nc1nc2cc(-c3cccs3)ccc2o1)c1nn(C2CCCNC2)c2ncncc12,middle
C=CC(=O)N1CC(n2nc(C(=O)Nc3nc4cc(F)ccc4o3)c3c(N)ncnc32)C1,7.686133,7.249807307197936,0.43632560066949555,0.8873239436619719,O=C(Nc1nc2ccccc2o1)c1nn(C2CNC2)c2ncncc12,active
CN1CCN(c2ccc(-c3ccc4c(c3)CCN(C(C(=O)Nc3nccs3)c3cccc(F)c3)C4=O)cc2)CC1,8.958608,7.947660295963288,1.010947377681732,0.8873239436619719,O=C(Nc1nccs1)C(c1ccccc1)N1CCc2cc(-c3ccc(N4CCNCC4)cc3)ccc2C1=O,active
CN1CCC(c2ccc(-c3ccc4c(c3)C(=O)N(C(C(=O)Nc3nccs3)c3cccc(F)c3)CC4)cc2)CC1,8.49485,9.0200030930837,0.5251529343922936,0.8918918918918919,O=C(Nc1nccs1)C(c1ccccc1)N1CCc2ccc(-c3ccc(C4CCNCC4)cc3)cc2C1=O,active
CN1CCN(c2ccc(-c3ccc4c(=O)n(C(C(=O)Nc5nccs5)c5ccccc5)cnc4c3)cc2)CC1,8.508638,8.521672430038452,0.013034048080443839,0.8805970149253731,O=C(Nc1nccs1)C(c1ccccc1)n1cnc2cc(-c3ccc(N4CCNCC4)cc3)ccc2c1=O,active
CN1CCC(c2ccc(-c3cnc4ncn(C(C(=O)Nc5nccs5)c5ccccc5)c(=O)c4c3)cc2)CC1,8.721247,8.915649964014689,0.19440324465433712,0.8108108108108109,O=C(Nc1nccs1)C(c1ccccc1)n1cnc2ncc(-c3ccc(C4CCNCC4)cc3)cc2c1=O,active
O=C(O[C@H]1CN[C@H](C#Cc2cc3ncnc(Nc4ccc5c(cnn5S(=O)(=O)c5cccc(F)c5)c4)c3s2)C1)N1CCOCC1,6.6382723,6.863846065203349,0.22557377974192327,0.7722772277227723,O=C(OC1CNC(C#Cc2cc3ncnc(Nc4ccc5c(cnn5S(=O)(=O)c5ccccc5)c4)c3s2)C1)N1CCOCC1,middle
CCOC(=O)CCCn1c(=O)oc2cc3ncnc(Nc4ccc(C(=O)OCc5ccc(Cl)cc5)cc4)c3cc21,6.180456,5.900203485488891,0.28025267601013226,0.6627906976744186,O=C(OCc1ccccc1)c1ccc(Nc2ncnc3cc4oc(=O)[nH]c4cc23)cc1,middle
COc1cc2ncnc(Nc3cccc(Cl)c3F)c2cc1OC(=O)N1CCOCC1,8.387217,8.122924685133826,0.2642918828593377,0.8333333333333334,O=C(Oc1ccc2ncnc(Nc3ccccc3)c2c1)N1CCOCC1,active
O=C(c1ccccc1)c1cc2ncnc(Nc3ccc4[nH]ccc4c3)c2s1,8.045757,8.181932276089986,0.13617498238881431,0.6724137931034483,O=C(c1ccccc1)c1cc2ncnc(Nc3ccc4[nH]ccc4c3)c2s1,active
Cn1c(SSc2c(C(=O)c3ccco3)c3ccccc3n2C)c(C(=O)c2ccco2)c2ccccc21,5.113509,5.519712765216827,0.4062035870552059,0.6136363636363636,O=C(c1ccco1)c1c(SSc2[nH]c3ccccc3c2C(=O)c2ccco2)[nH]c2ccccc12,inactive
Cc1[nH]c(-c2ccccc2)c(-c2ccccc2)c1C(=O)c1cn(-c2ccccc2)nc1-c1ccccc1,5.59176,5.4798973910013835,0.11186276753743485,0.7647058823529411,O=C(c1cn(-c2ccccc2)nc1-c1ccccc1)c1c[nH]c(-c2ccccc2)c1-c1ccccc1,inactive
NC(=O)C1=C(N)C(=O)C=C(Nc2ccccc2O)C1=O,5.5850267,4.6509641234079995,0.9340626176198326,0.24324324324324326,O=C1C=CC(=O)C(Nc2ccccc2)=C1,inactive
CN1CCC(c2ccc3c(c2)[nH]/c(=N\C(=O)c2ccnc(-c4cnn(C)c4)c2)n3CC(C)(C)O)CC1=O,7.1007266,7.14807466456625,0.04734806010458037,0.8311688311688312,O=C1CC(c2ccc3[nH]c(=NC(=O)c4ccnc(-c5cn[nH]c5)c4)[nH]c3c2)CCN1,active
CC(C)n1c(COCCN2CCN(c3ccc(OCCCN4CCN(c5ccc6c(c5)C(=O)N(C5CCC(=O)NC5=O)C6=O)CC4)cc3)CC2)nc2cnc(Nc3ccnc(-c4cnn(S(=O)(=O)C5CC5)c4)n3)cc21,8.008774,7.115964873631795,0.8928089300791422,0.7391304347826086,O=C1CCC(N2C(=O)c3ccc(N4CCN(CCCOc5ccc(N6CCN(CCOCc7nc8cnc(Nc9ccnc(-c%10cnn(S(=O)(=O)C%11CC%11)c%10)n9)cc8[nH]7)CC6)cc5)CC4)cc3C2=O)C(=O)N1,active
O=C1CCC(N2C(=O)c3ccc(OCCOCCOCCOCCOCCOCC#Cc4cccc5c4C(=O)N([C@@H](C(=O)Nc4nccs4)c4cc(F)ccc4O)C5)cc3C2=O)C(=O)N1,5.0120544,5.742308609451565,0.7302541660921902,1.0,O=C1CCC(N2C(=O)c3ccc(OCCOCCOCCOCCOCCOCC#Cc4cccc5c4C(=O)N(C(C(=O)Nc4nccs4)c4ccccc4)C5)cc3C2=O)C(=O)N1,inactive
O=C1CCC(N2C(=O)c3cccc(NCCOCCOCCOc4ccc(-c5cc6c(NCc7ccccc7Cl)ncnc6[nH]5)cc4)c3C2=O)C(=O)N1,5.2441254,5.843293791400062,0.5991684251891245,1.0,O=C1CCC(N2C(=O)c3cccc(NCCOCCOCCOc4ccc(-c5cc6c(NCc7ccccc7)ncnc6[nH]5)cc4)c3C2=O)C(=O)N1,inactive
O=C1CCC(N2C(=O)c3cccc(NCCOCCc4ccc(-c5cc6c(NCc7ccccc7Cl)ncnc6[nH]5)cc4)c3C2=O)C(=O)N1,7.6927624,6.409027123861843,1.283735251016087,0.8764044943820225,O=C1CCC(N2C(=O)c3cccc(NCCOCCc4ccc(-c5cc6c(NCc7ccccc7)ncnc6[nH]5)cc4)c3C2=O)C(=O)N1,active
COc1ccccc1C(=O)NCc1ccc(-c2nn(C3CCC(=O)CC3)c3ncnc(N)c23)cc1,6.2596374,5.78011799706353,0.4795193587409132,0.9130434782608695,O=C1CCC(n2nc(-c3ccc(CNC(=O)c4ccccc4)cc3)c3cncnc32)CC1,middle
C=CC(=O)Nc1cccc(Nc2nc(Nc3cccc(OCCCN4CCCC4=O)c3)ncc2F)c1,6.2596374,7.1856011867523195,0.9259638309478762,0.9253731343283582,O=C1CCCN1CCCOc1cccc(Nc2nccc(Nc3ccccc3)n2)c1,middle
COc1cc(CC(=O)N2CC(=O)N[C@@H](Cc3ccccc3)C(=O)N(CC(N)=O)C(=O)CCSCc3ccc(cc3)C(=O)N[C@@H](CCCCN)CN(C(=O)CCC3CCCCC3)CC(=O)N[C@@H](Cc3ccccc3)CN(C(=O)CCc3ccccc3)CC(=O)N[C@@H](Cc3ccccc3)C2)cc(OC)c1,4.7520266,4.989728786547979,0.23770222862561585,0.19708029197080293,O=C1CCSCc2ccc(cc2)C(=O)NCCN(C(=O)CCC2CCCCC2)CC(=O)NC(Cc2ccccc2)CN(C(=O)CCc2ccccc2)CC(=O)NC(Cc2ccccc2)CN(C(=O)Cc2ccccc2)CC(=O)NC(Cc2ccccc2)C(=O)N1,inactive
O=C1CN(Cc2ccn3ncnc(Nc4ccc5c(cnn5Cc5cccc(F)c5)c4)c23)CCN1,6.455932,6.627390155394872,0.1714580150445304,0.8571428571428571,O=C1CN(Cc2ccn3ncnc(Nc4ccc5c(cnn5Cc5ccccc5)c4)c23)CCN1,middle
O=C1CSC(NN=C2CCCCCCC2)=N1,4.5686364,4.571751295119996,0.003114877731079879,1.0,O=C1CSC(NN=C2CCCCCCC2)=N1,inactive
O=C1Cc2ccc(Oc3ccc(Nc4ncnc5ccn(CCO)c45)cc3Cl)cc2N1,5.6382723,7.701209001541137,2.0629367160797116,0.7333333333333333,O=C1Cc2ccc(Oc3ccc(Nc4ncnc5cc[nH]c45)cc3)cc2N1,inactive
C=CC(=O)N1CC[C@H](N2C(=O)N(c3ccccc3)Cc3cnc(Nc4ccc(CCN5CCN(C)CC5)cc4)nc32)C1,7.38405,6.95746093638738,0.42658895603815683,0.810126582278481,O=C1N(c2ccccc2)Cc2cnc(Nc3ccc(CCN4CCNCC4)cc3)nc2N1C1CCNC1,active
CCC(=O)N1CC[C@H](N2C(=O)N(c3cc(OC)ccc3F)Cc3cnc(Nc4ccc(N5CCCN(C)CC5)c(C)c4)nc32)C1,6.679854,6.428750632603963,0.25110328356424994,0.9534883720930233,O=C1N(c2ccccc2)Cc2cnc(Nc3ccc(N4CCCNCC4)cc3)nc2N1C1CCNC1,middle
COc1ccc(NC(=O)C2=C(C)NC(=O)NC2c2ccc(OC)c(OC)c2)c(OC)c1,7.155958,5.251206911404927,1.9047512642542523,0.7833333333333333,O=C1NC=C(C(=O)Nc2ccccc2)C(c2ccccc2)N1,active
C=CC(=O)Nc1cc2c(Nc3ccc(Br)cc3F)ncnc2cc1OCC1CNC(=O)O1,7.7695513,7.541862442890803,0.22768883426984132,0.6756756756756757,O=C1NCC(COc2ccc3c(Nc4ccccc4)ncnc3c2)O1,active
C=CC(=O)N1CC[C@H](n2cc(-c3ccncc3)c(-c3cccc(/C=C/c4ccc5c(c4)CN(C)C5=O)c3)n2)C1,6.6575775,6.207239320013258,0.45033819463517943,0.7380952380952381,O=C1NCc2cc(C=Cc3cccc(-c4nn(C5CCNC5)cc4-c4ccncc4)c3)ccc21,middle
C=CC(=O)N1CC2CN(c3nc(Nc4cnn(C)c4)c4c(c3F)CNC4=O)CC2C1,5.864867,5.885601137479147,0.020733927090963,0.7971014492753623,O=C1NCc2cc(N3CC4CNCC4C3)nc(Nc3cn[nH]c3)c21,inactive
C=CC(=O)N1CCCC(Nc2nc(-c3cnc(C)s3)c3c(c2F)CNC3=O)C1,5.128135,6.114688573943244,0.9865533696280586,0.6329113924050633,O=C1NCc2cc(NC3CCCNC3)nc(-c3cncs3)c21,inactive
C=CC(=O)N1CCCC(Nc2nc(Nc3ccc(C(=O)N4CCOCC4)cc3)c3c(c2F)CNC3=O)C1,5.7481184,5.698376983006796,0.04974141756693484,0.8356164383561644,O=C1NCc2cc(NC3CCCNC3)nc(Nc3ccc(C(=O)N4CCOCC4)cc3)c21,inactive
C=CC(=O)Nc1cccc(N2C(=O)N(C)Cc3cnc(Nc4ccc(N5CCCN(C)CC5)cc4OC)nc32)c1,8.560667,8.790189725557964,0.22952268759409655,0.9473684210526315,O=C1NCc2cnc(Nc3ccc(N4CCCNCC4)cc3)nc2N1c1ccccc1,active
C=CC(=O)Nc1cccc(Nc2nc3c(c(Nc4cnn(C5CCOCC5)c4)n2)C(=O)NC3)c1,5.155585,5.469095832506816,0.3135110203425091,0.8955223880597015,O=C1NCc2nc(Nc3ccccc3)nc(Nc3cnn(C4CCOCC4)c3)c21,inactive
O=C1NN(c2ccc(F)c(Cl)c2)C(=O)/C1=C\c1cccc(OC(=O)c2cccs2)c1,5.455932,5.237651349703471,0.21828079064687067,0.4666666666666667,O=C1NN(c2ccccc2)C(=O)C1=Cc1cccc(OC(=O)c2cccs2)c1,inactive
Cc1cc(C(=O)N2CCOCC2)[nH]c1/C=C1\C(=O)Nc2ncnc(Nc3ccc4c(c3)CCC4)c21,5.850781,7.655753792126974,1.8049728282292685,0.759493670886076,O=C1Nc2ncnc(Nc3ccc4c(c3)CCC4)c2C1=Cc1ccc(C(=O)N2CCOCC2)[nH]1,inactive
CC(C)Oc1cc(Nc2ccnc(-c3cnn(S(=O)(=O)C4CC4)c3)n2)ncc1-c1cnn(C2CCOCC2)c1,8.123208,7.960619204672556,0.16258884128691697,0.8513513513513513,O=S(=O)(C1CC1)n1cc(-c2nccc(Nc3ccc(-c4cnn(C5CCOCC5)c4)cn3)n2)cn1,active
CC[C@H](C)Nc1cc(Nc2ccnc(-c3cnn(S(=O)(=O)C4CC4)c3)n2)ncc1-c1nnc(C)o1,7.276809,7.5631534391736235,0.2863442236279692,0.6511627906976745,O=S(=O)(C1CC1)n1cc(-c2nccc(Nc3ccc(-c4nnco4)cn3)n2)cn1,active
CN(CCN/N=N/c1ccc2ncnc(Nc3cccc(Cl)c3)c2c1)CCNS(=O)(=O)c1cccc2c(N(C)C)cccc12,6.221849,6.698840077718099,0.4769911130269371,0.8904109589041096,O=S(=O)(NCCNCCNN=Nc1ccc2ncnc(Nc3ccccc3)c2c1)c1cccc2ccccc12,middle
C=CC(=O)Nc1ccc2ncnc(Nc3ccc(S(=O)(=O)Nc4ccccn4)cc3)c2c1,5.1831546,5.626193027496338,0.4430384445190434,0.7076923076923077,O=S(=O)(Nc1ccccn1)c1ccc(Nc2ncnc3ccccc23)cc1,inactive
O=S(=O)(Nc1nccs1)c1ccc(NC(=S)Nc2ccc3ncnc(Nc4cccc(Br)c4)c3c2)cc1,7.6575775,7.626443071895175,0.03113444275326227,0.7014925373134329,O=S(=O)(Nc1nccs1)c1ccc(NC(=S)Nc2ccc3ncnc(Nc4ccccc4)c3c2)cc1,active
CS(=O)(=O)CCNCCCCOc1ccc2ncnc(Nc3ccc(S(=O)(=O)c4ccccc4)cc3)c2c1,7.031517,6.662822755177816,0.3686942736307781,0.796875,O=S(=O)(c1ccccc1)c1ccc(Nc2ncnc3ccccc23)cc1,active
COc1cc2c(Oc3ccc(-c4cnc(Nc5ccc(F)cc5)n(C)c4=O)cc3F)ccnc2cc1OCCCN1CCOCC1,5.7695513,6.0423944240808485,0.27284314692020395,0.7191011235955056,O=c1[nH]c(Nc2ccccc2)ncc1-c1ccc(Oc2ccnc3cc(OCCCN4CCOCC4)ccc23)cc1,inactive
Nc1nn2c(=O)cc(-c3ccccc3)[nH]c2c1/N=N/c1ccc2c(c1)OCO2,5.275724,5.813311535517375,0.537587601343791,0.25,O=c1cc(-c2ccccc2)[nH]c2c(N=Nc3ccc4c(c3)OCO4)cnn12,inactive
Cn1c(NCc2cccc(C(F)(F)F)c2)cc(=O)n(C)c1=O,4.076238,5.2963337712817715,1.2200956159167813,0.359375,O=c1cc(NCc2ccccc2)[nH]c(=O)[nH]1,inactive
COc1ccc2c3oc(=O)cc(O)c3c(=O)n(C)c2c1,4.151663,5.33766642416848,1.1860035976303944,0.3620689655172414,O=c1ccc2c(=O)[nH]c3ccccc3c2o1,inactive
COc1cc(-c2nc(=O)c3c([nH]2)sc2ccc(C)cc23)ccc1OCC(=O)O,5.6197886,6.574703496880001,0.9549148501820026,0.3815789473684211,O=c1nc(-c2ccccc2)[nH]c2sc3ccccc3c12,inactive
O=c1oc2cc3ncnc(Nc4ccc5[nH]ncc5c4)c3cc2n1CCCN1CCOCC1,6.920819,6.30698336760203,0.6138354380925497,0.726027397260274,O=c1oc2cc3ncnc(Nc4ccc5[nH]ncc5c4)c3cc2n1CCCN1CCOCC1,middle
NS(=O)(=O)c1ccc(CCNC(=S)Nc2ccc3ncnc(Nc4ccc(OCc5cccc(F)c5)c(Cl)c4)c3c2)cc1,7.361278,7.263235340648227,0.09804271645016183,0.6707317073170732,S=C(NCCc1ccccc1)Nc1ccc2ncnc(Nc3ccc(OCc4ccccc4)cc3)c2c1,active
COc1cc2ncnc(Sc3cccc(NC(=S)Nc4ccc(Br)c(C(F)(F)F)c4)c3)c2cc1OC,8.0,7.015388652483622,0.9846113475163776,0.6133333333333333,S=C(Nc1ccccc1)Nc1cccc(Sc2ncnc3ccccc23)c1,active
C=CC(=O)Nc1cc(Nc2nccc(-c3cc(F)c4nc(C)n(C(C)C)c4c3)n2)c(OC)cc1N1CCOCC1,7.60206,7.5370831839243575,0.06497665723164836,0.8941176470588236,c1cc(-c2ccc3nc[nH]c3c2)nc(Nc2ccc(N3CCOCC3)cc2)n1,active
CN(C)C(=O)N[C@@H]1CCCN(c2cnc(C(N)=O)c(Nc3ccc(C4CCN(C5CCCCC5)CC4)cc3)n2)C1,5.2596374,5.369637355804444,0.11000000000000032,0.9850746268656716,c1cc(C2CCN(C3CCCCC3)CC2)ccc1Nc1cncc(N2CCCCC2)n1,inactive
CN(C)C/C=C/C(=O)N1CCOc2c1ccc1ncnc(Nc3ccc(OCc4ccncc4)cc3)c21,5.5606675,6.051095884641011,0.49042836983998583,0.8441558441558441,c1cc(COc2ccc(Nc3ncnc4ccc5c(c34)OCCN5)cc2)ccn1,inactive
CCc1cc(Nc2ncc(Br)c(Nc3ccc4nccnc4c3P(C)(C)=O)n2)c(OC)cc1N1CCC(N2CCCN(C)CC2)CC1,9.080922,9.614148364067077,0.5332262372970575,0.95,c1cc(Nc2ccc3nccnc3c2)nc(Nc2ccc(N3CCC(N4CCCNCC4)CC3)cc2)n1,active
CN1CCN(c2ccc(Nc3ncc(Br)c(Nc4ccc5nccnc5c4)n3)cc2)CC1,6.508214,6.370869605488247,0.13734439139896004,0.8035714285714286,c1cc(Nc2ccc3nccnc3c2)nc(Nc2ccc(N3CCNCC3)cc2)n1,middle
COc1cc(N2CCC3(CCN(C)CC3)CC2)c(Cl)cc1Nc1ncc(Cl)c(Nc2ccc3sccc3c2P(C)(C)=O)n1,8.578396,9.17658271630605,0.5981868728001913,0.8148148148148148,c1cc(Nc2ccc3sccc3c2)nc(Nc2ccc(N3CCC4(CCNCC4)CC3)cc2)n1,active
COc1cc(OC2CCN(C)CC2(F)F)c2c(Nc3ccc(Oc4ccn5ccnc5c4)c(C)c3)ncnc2c1,5.7444863,5.998022685368857,0.25353635342916014,0.8072289156626506,c1cc(OC2CCNCC2)c2c(Nc3ccc(Oc4ccn5ccnc5c4)cc3)ncnc2c1,inactive
CC(C)n1nc(-c2ccc3ccncc3c2)c2c(N)ncnc21,4.0,5.0426732556025184,1.0426732556025184,0.9148936170212766,c1cc2ccc(-c3n[nH]c4ncncc34)cc2cn1,inactive
CCS(=O)(=O)n1cc2c3cc(ccc31)OCCCCCCOc1cc(ccc1N1CCOCC1)Nc1ncc(Cl)c-2n1,8.207608,7.052536621307569,1.155071601653857,1.0,c1cc2nc(n1)Nc1ccc(N3CCOCC3)c(c1)OCCCCCCOc1ccc3[nH]cc-2c3c1,active
C=CC(=O)Nc1cccc(-c2c(-c3ccc(N4CCN(C)CC4)nc3)oc3ncnc(NC4CCCC4)c23)c1,7.58089,7.3825499534606935,0.19834022521972638,0.8333333333333334,c1ccc(-c2c(-c3ccc(N4CCNCC4)nc3)oc3ncnc(NC4CCCC4)c23)cc1,active
C=CC(=O)Nc1cccc(-c2c(-c3ccc(N4CCOCC4)nc3)oc3ncnc(NC4CCCC4)c23)c1,7.0200024,7.2934585984547935,0.2734562333424888,0.8421052631578947,c1ccc(-c2c(-c3ccc(N4CCOCC4)nc3)oc3ncnc(NC4CCCC4)c23)cc1,active
c1ccc(-c2c(SSc3[nH]c4ccccc4c3-c3ccccc3)[nH]c3ccccc23)cc1,4.0,4.9329835549990335,0.9329835549990335,0.46153846153846156,c1ccc(-c2c(SSc3[nH]c4ccccc4c3-c3ccccc3)[nH]c3ccccc23)cc1,inactive
COc1c(Cl)cc(-c2noc(-c3cn(Cc4cc(-c5cc(Cl)cc(Cl)c5)no4)c4ccccc34)n2)cc1Cl,6.69897,6.586954161326091,0.11201567967732728,0.35365853658536583,c1ccc(-c2cc(Cn3cc(-c4nc(-c5ccccc5)no4)c4ccccc43)on2)cc1,middle
COc1cc2nc(-c3ccc(C(F)(F)F)cc3)cc(OCCCN3CCN(C)CC3)c2cc1OC,7.5953374,6.8256093638738,0.7697280270258586,0.71875,c1ccc(-c2cc(OCCCN3CCNCC3)c3ccccc3n2)cc1,active
Oc1ccc(-c2nc(-c3ccco3)c(-c3ccnc4[nH]c(-c5ccccc5)cc34)[nH]2)cc1,5.6831145,6.740665037300852,1.0575505086448462,0.7962962962962963,c1ccc(-c2cc3c(-c4[nH]c(-c5ccccc5)nc4-c4ccco4)ccnc3[nH]2)cc1,inactive
C=CC(=O)NCc1cccc(-c2nc(C3CC3)c(-c3ccnc4[nH]c(-c5ccccc5)cc34)[nH]2)c1,5.176818,6.888938217692906,1.7121203237109723,0.7432432432432432,c1ccc(-c2cc3c(-c4[nH]c(-c5ccccc5)nc4C4CC4)ccnc3[nH]2)cc1,inactive
COc1cc2c(Nc3ccc(-c4ccccc4)cc3)ncnc2cc1OCC1CCN(C)CC1,6.2153826,6.584726240634917,0.36934366464614765,0.8225806451612904,c1ccc(-c2ccc(Nc3ncnc4cc(OCC5CCNCC5)ccc34)cc2)cc1,middle
Nc1nccn2c1c(-c1ccc3ccc(-c4ccccc4)nc3c1)nc2[C@H]1C[C@@H](CN2CCC2)C1,5.017729,6.526672387917836,1.508943582375844,0.36363636363636365,c1ccc(-c2ccc3ccc(-c4nc(C5CC(CN6CCC6)C5)n5ccncc45)cc3n2)cc1,inactive
C=CC(=O)Nc1cc(-c2ccccc2)ccn1,4.49485,6.79878049393495,2.3039303352435434,0.5918367346938775,c1ccc(-c2ccncc2)cc1,inactive
CN(C)CCn1ccc2cc(Nc3nccc(-c4sc(N5CCOCC5)nc4-c4ccc(F)cc4)n3)ccc21,7.5850267,7.234332098960876,0.3506946420669559,0.6785714285714286,c1ccc(-c2nc(N3CCOCC3)sc2-c2ccnc(Nc3ccc4[nH]ccc4c3)n2)cc1,active
CN1CCN(c2ccc3c(n2)nc(-c2ccc(F)cc2)n3-c2ccnc(NC3CCCC3)n2)CC1,5.0604806,6.537894772105747,1.4774141774707372,0.37777777777777777,c1ccc(-c2nc3nc(N4CCNCC4)ccc3n2-c2ccnc(NC3CCCC3)n2)cc1,inactive
Nc1ncnc2c1c(-c1ccc(Cl)c(O)c1)nn2CC1CCNC1,5.696804,4.972551166243023,0.7242528803878363,0.896551724137931,c1ccc(-c2nn(CC3CCNC3)c3ncncc23)cc1,inactive
Fc1ccc(-c2nn3ccccc3c2-c2ccncc2)cc1,5.2006593,5.627629426055485,0.42697015100055324,0.45098039215686275,c1ccc(-c2nn3ccccc3c2-c2ccncc2)cc1,inactive
C=CC(=O)Nc1cc(Nc2nccc(Nc3ccccc3-n3nccn3)n2)c(OC)cc1N1CCC(N(C)C)CC1,6.694004,7.144452142715454,0.4504480838775633,0.8157894736842105,c1ccc(-n2nccn2)c(Nc2ccnc(Nc3ccc(N4CCCCC4)cc3)n2)c1,middle
COc1cc2c(N[C@@H]3C[C@H]3c3ccccc3)c(C#N)cnc2cc1OC1CCN(C)CC1,6.4436975,6.869955660502116,0.42625820795695013,0.7361111111111112,c1ccc(C2CC2Nc2ccnc3cc(OC4CCNCC4)ccc23)cc1,middle
N#Cc1cnc2ccc(-c3cccc(CN4CCOCC4)c3)cc2c1N[C@@H]1C[C@H]1c1ccccc1,5.279014,6.043255475560824,0.7642413649956383,0.8787878787878788,c1ccc(C2CC2Nc2ccnc3ccc(-c4cccc(CN5CCOCC5)c4)cc23)cc1,inactive
COc1ccc(CCN2CCC(Nc3nc4ccccc4n3Cc3ccc(F)cc3)CC2)cc1,5.2177424,6.333659112453461,1.115916669368744,0.29577464788732394,c1ccc(CCN2CCC(Nc3nc4ccccc4n3Cc3ccccc3)CC2)cc1,inactive
c1ccc(CCc2cc3c(Nc4ccc5[nH]ccc5c4)ncnc3[nH]2)cc1,4.251037,8.207623735004,3.956586614184909,0.543859649122807,c1ccc(CCc2cc3c(Nc4ccc5[nH]ccc5c4)ncnc3[nH]2)cc1,inactive
C[C@@H](Nc1c(C#N)cnc2ccc(-c3cnc(Cl)c(NS(C)(=O)=O)c3)cc12)c1ccccc1,7.958607,7.320997605853612,0.6376095909542494,0.6865671641791045,c1ccc(CNc2ccnc3ccc(-c4cccnc4)cc23)cc1,active
C=CC(=O)Nc1cccc(Nc2nc(NCc3ccc(OC)cc3)ncc2F)c1,5.619224,6.747902613057031,1.1286785415543452,0.6818181818181818,c1ccc(CNc2nccc(Nc3ccccc3)n2)cc1,inactive
C=CC(=O)Nc1cccc(-c2noc3ncnc(N[C@H](CO)c4ccccc4)c23)c1,5.8578506,7.280615318642725,1.4227647670375,0.7246376811594203,c1ccc(CNc2ncnc3onc(-c4ccccc4)c23)cc1,inactive
CC(C)n1c(Nc2ccc(OCc3cccc(F)c3)c(Cl)c2)nc2cnc(Nc3ccc(N4CCN(C)CC4)cc3)nc21,8.39794,7.837674444198608,0.5602652378082276,0.7027027027027027,c1ccc(COc2ccc(Nc3nc4cnc(Nc5ccc(N6CCNCC6)cc5)nc4[nH]3)cc2)cc1,active
CS(=O)(=O)CC(NC1CCCCC1)c1ccc(-c2ccc3ncnc(Nc4ccc(OCc5cccc(F)c5)c(Cl)c4)c3c2)o1,7.112383,7.363126839293374,0.25074395049942844,0.813953488372093,c1ccc(COc2ccc(Nc3ncnc4ccc(-c5ccc(CNC6CCCCC6)o5)cc34)cc2)cc1,active
CCOC(=O)c1[nH]c(C)c2cnnc(Nc3ccc(OCc4cccc(F)c4)c(Cl)c3)c12,5.9172144,6.0515859798284675,0.1343715862127448,0.6091954022988506,c1ccc(COc2ccc(Nc3nncc4c[nH]cc34)cc2)cc1,inactive
COc1cc2ncc(C#N)c(N[C@@H]3C[C@H]3c3ccccc3)c2cc1OCc1ccccc1,5.7931743,6.811994918917164,1.0188206521019785,0.7536231884057971,c1ccc(COc2ccc3nccc(NC4CC4c4ccccc4)c3c2)cc1,inactive
OB(O)c1ccc(COc2ccc3ncnc(Nc4cccc(Cl)c4)c3c2)cc1,6.070581,6.684007871468862,0.6134269121487934,0.7169811320754716,c1ccc(COc2ccc3ncnc(Nc4ccccc4)c3c2)cc1,middle
Nc1ncnc2c1c(-c1cccc(OCc3ccccc3)c1)cn2[C@H]1C[C@@H](CN2CCC2)C1,5.2602844,6.034870342095693,0.7745859182675678,0.7384615384615385,c1ccc(COc2cccc(-c3cn(C4CC(CN5CCC5)C4)c4ncncc34)c2)cc1,inactive
COc1ccc2c(c1)CCN2c1nc(C)nc2c(Cc3ccccc3)c[nH]c12,6.7770233,7.248159568309784,0.47113625288009686,0.9122807017543859,c1ccc(Cc2c[nH]c3c(N4CCc5ccccc54)ncnc23)cc1,middle
C=CC(=O)N1CCC[C@@H](n2nc(Cc3ccccc3)c3c(N)ncnc32)C1,8.261439,6.985671748320262,1.2757675751050312,0.734375,c1ccc(Cc2nn(C3CCCNC3)c3ncncc23)cc1,active
CO/N=C/c1c(N)ncnc1Nc1ccc2c(ccn2Cc2cccc(F)c2)c1,7.8860564,7.868482332706452,0.01757409048080394,0.7571428571428571,c1ccc(Cn2ccc3cc(Nc4ccncn4)ccc32)cc1,active
Fc1cccc(Cn2ncc3cc(Nc4ncnn5ccc(COC6CCNCC6)c45)ccc32)c1,7.1366773,6.90716085486942,0.22951641029781644,0.8205128205128205,c1ccc(Cn2ncc3cc(Nc4ncnn5ccc(COC6CCNCC6)c45)ccc32)cc1,active
c1ccc(NCCN(c2cc3ncnc(Nc4ccc5[nH]ccc5c4)c3s2)n2cccc2)cc1,9.0,8.239838275909424,0.760161724090576,0.6710526315789473,c1ccc(NCCN(c2cc3ncnc(Nc4ccc5[nH]ccc5c4)c3s2)n2cccc2)cc1,active
CN1CCN(c2ccc(Nc3ncc4cc(CNc5ccccc5)n(C5CCCC5)c4n3)cc2)CC1,7.8847756,7.149150479899513,0.7356251586808096,0.7066666666666667,c1ccc(NCc2cc3cnc(Nc4ccc(N5CCNCC5)cc4)nc3n2C2CCCC2)cc1,active
Nc1nc(N)c2c(Nc3cccc(Cl)c3)[nH]nc2n1,6.6575775,4.980176294644673,1.6774012200037642,0.5660377358490566,c1ccc(Nc2[nH]nc3ncncc23)cc1,middle
C=CC(=O)N1CCC(Sc2nc(-c3ccc(F)cc3)c(-c3ccnc(Nc4ccccc4)c3)[nH]2)C1,6.990962,7.624130343596141,0.633168315092723,0.6875,c1ccc(Nc2cc(-c3[nH]c(SC4CCNC4)nc3-c3ccccc3)ccn2)cc1,middle
COc1ccc(OC)c(Nc2cc(NCCc3cccs3)ncn2)c1,6.947245,6.863365744749705,0.08387937625249187,0.5555555555555556,c1ccc(Nc2cc(NCCc3cccs3)ncn2)cc1,middle
CCc1cc(Nc2ncc(Cl)c(Nc3ccc(C)c(C)c3P(C)(C)=O)n2)c(OC)cc1N1CC2(CCN(C)CC2)C1,9.259637,8.757921036084493,0.5017158428827919,0.6477272727272727,c1ccc(Nc2ccnc(Nc3ccc(N4CC5(CCNCC5)C4)cc3)n2)cc1,active
C=CC(=O)Nc1cccc(Nc2nc(Nc3ccc(O[C@@H]4CCOC4)c(F)c3)ncc2F)c1,7.2596374,7.0395143788125765,0.2201229769918669,0.8507462686567164,c1ccc(Nc2ccnc(Nc3ccc(OC4CCOC4)cc3)n2)cc1,active
C=CC(=O)Nc1cccc(Nc2nc(Nc3ccc(OCCn4cncn4)cc3)ncc2Cl)c1,6.9854794,7.334931963814629,0.34945260895623065,0.7638888888888888,c1ccc(Nc2ccnc(Nc3ccc(OCCn4cncn4)cc3)n2)cc1,middle
C=CC(=O)Nc1cc(Nc2cncc(-c3cn(C)c4ccccc34)n2)c(OC)cc1N(C)CCN(C)C,8.022879,7.199408555030823,0.8234700918197628,0.8076923076923077,c1ccc(Nc2cncc(-c3c[nH]c4ccccc34)n2)cc1,active
CN1CCN(c2ccc(Nc3ncc4nc(Nc5ccc(F)cc5)n(C5CCN(C(=O)CO)CC5)c4n3)cc2)CC1,7.387216,7.406291745503744,0.019075654347737725,0.8309859154929577,c1ccc(Nc2nc3cnc(Nc4ccc(N5CCNCC5)cc4)nc3n2C2CCNCC2)cc1,active
Cc1cccc(C)c1Nc1ncc(-c2ccc(OCC3CCCN(C)C3)cc2)n2cncc12,5.5638375,6.271029717127482,0.7071921888987225,0.3258426966292135,c1ccc(Nc2ncc(-c3ccc(OCC4CCCNC4)cc3)n3cncc23)cc1,inactive
C=CC(=O)N1CC(Nc2cncc(-c3cnc(Nc4cccc(C(F)(F)F)c4)nc3)c2)C1,6.607303,6.201185612678528,0.40611752986907934,0.7424242424242424,c1ccc(Nc2ncc(-c3cncc(NC4CNC4)c3)cn2)cc1,middle
C=CC(=O)Nc1cc(Nc2ncc(-c3ncco3)c(-c3cn4c5c(cccc35)CCC4)n2)c(OC)cc1N(C)CCN(C)C,7.3467875,7.488031034469604,0.14124358177185048,0.845360824742268,c1ccc(Nc2ncc(-c3ncco3)c(-c3cn4c5c(cccc35)CCC4)n2)cc1,active
C=CC(=O)Nc1cc(Nc2ncc3ccc(-c4ccccc4)n3n2)c(OC)cc1N(C)CCN(C)C,8.309895,8.415084364414215,0.10518980264663647,0.8648648648648649,c1ccc(Nc2ncc3ccc(-c4ccccc4)n3n2)cc1,active
C=CC(=O)Nc1cc(Nc2ncc3ccc(C)n3n2)c(OC)cc1N(C)CCN(C)C,7.3873453,7.951789062817891,0.5644437487920122,0.8028169014084507,c1ccc(Nc2ncc3cccn3n2)cc1,active
C=CC(=O)Nc1cc(Nc2nccc(-c3c(-c4ccccc4)n(C)c4ccccc34)n2)c(OC)cc1N(C)CCN(C)C,6.5228786,6.557609210014343,0.03473056316375711,0.8452380952380952,c1ccc(Nc2nccc(-c3c(-c4ccccc4)[nH]c4ccccc34)n2)cc1,middle
C=CC(=O)Nc1ccc(OC)c(Nc2ncc(C#N)c(-c3cn(C)c4cc(OCC5CCCN5C)ccc34)n2)c1,6.124939,6.342331873310937,0.21739290846718706,0.9090909090909091,c1ccc(Nc2nccc(-c3c[nH]c4cc(OCC5CCCN5)ccc34)n2)cc1,middle
COc1cc(Nc2nccc(-c3ccc(N4CCNCC4)nc3)n2)cc(OC)c1OC,5.7685304,6.4160849270820615,0.6475545582771298,0.5692307692307692,c1ccc(Nc2nccc(-c3ccc(N4CCNCC4)nc3)n2)cc1,inactive
C=CC(=O)Nc1cc(Nc2nccc(-c3cc(F)c4c(cnn4C)c3)n2)c(OC)cc1N(C)CCN(C)C,7.60206,7.427692758242289,0.17436708291371694,0.7875,c1ccc(Nc2nccc(-c3ccc4[nH]ncc4c3)n2)cc1,active
C=CC(=O)Nc1cc(Nc2nccc(-c3cc(F)c4nc5n(c4c3)CC(C)(C)O5)n2)c(OC)cc1N(C)CCN(C)C,7.60206,7.590543438593547,0.011516402562459227,0.7419354838709677,c1ccc(Nc2nccc(-c3ccc4nc5n(c4c3)CCO5)n2)cc1,active
COc1cc(Nc2nccc(-c3ccc(Cl)cc3)n2)cc(OC)c1OC,5.668573,5.734758443196615,0.0661855405171714,0.6071428571428571,c1ccc(Nc2nccc(-c3ccccc3)n2)cc1,inactive
C=CC(=O)Nc1cc(Nc2ncc(Br)c(Nc3ccc4c(c3)CCC4)n2)ccc1N(C)CCN(C)C,8.401773,6.972843404504988,1.4289300482538012,0.6578947368421053,c1ccc(Nc2nccc(Nc3ccc4c(c3)CCC4)n2)cc1,active
Cc1c(-c2ccccc2)[nH]c2ncnc(Nc3cccc(Cl)c3)c12,8.0,7.1190461746851605,0.8809538253148395,0.7708333333333334,c1ccc(Nc2ncnc3[nH]c(-c4ccccc4)cc23)cc1,active
Nc1nc(Nc2cccc(Br)c2)c2cc(Cc3ccc(-c4ccccc4)cc3)[nH]c2n1,5.210419,5.554843856493632,0.34442467848459923,0.88,c1ccc(Nc2ncnc3[nH]c(Cc4ccc(-c5ccccc5)cc4)cc23)cc1,inactive
C=CC(=O)N1CC(Nc2cc3c(Nc4ccc(F)c(Cl)c4)ncnc3cc2O[C@H]2CCOC2)C1,9.460409,7.688866482310826,1.771542682117885,0.9078947368421053,c1ccc(Nc2ncnc3cc(OC4CCOC4)c(NC4CNC4)cc23)cc1,active
C#Cc1cccc(Nc2ncnc3cc(OC4CCOCC4)c(NC(=O)/C=C/CN(C)C)cc23)c1,8.2218485,7.713373374938965,0.5084751129150389,0.922077922077922,c1ccc(Nc2ncnc3cc(OC4CCOCC4)ccc23)cc1,active
COc1cc2ncnc(Nc3ccc(F)c(Cl)c3)c2cc1OCCCN1CCC2(COC2)C1,7.823909,7.506120500087739,0.3177883057594286,0.8840579710144928,c1ccc(Nc2ncnc3ccc(OCCCN4CCC5(COC5)C4)cc23)cc1,active
COc1cc2ncnc(Nc3ccc(F)c(Cl)c3)c2cc1OCCN1CC2(COC2)C1,7.79588,7.323922276231977,0.47195756461885274,0.9230769230769231,c1ccc(Nc2ncnc3ccc(OCCN4CC5(COC5)C4)cc23)cc1,active
C=CC(=O)N1CC(Sc2cc3c(Nc4ccc(F)c(Cl)c4)ncnc3cc2OC)C1,8.664877,7.370710567103491,1.2941663707627198,0.9,c1ccc(Nc2ncnc3ccc(SC4CNC4)cc23)cc1,active
Brc1cccc(Nc2ncnc3cnc(NCCCn4ccnc4)cc23)c1,8.769551,8.611483974191877,0.15806730296876736,0.7428571428571429,c1ccc(Nc2ncnc3cnc(NCCCn4ccnc4)cc23)cc1,active
C=CC(=O)N1CCC(Oc2cc3c(Nc4ccc(Cl)cc4Cl)ncnc3cn2)C1,5.7776656,5.755693411827087,0.021972203254700062,0.9032258064516129,c1ccc(Nc2ncnc3cnc(OC4CCNC4)cc23)cc1,inactive
C=CC(=O)N1CC(Oc2cc3c(Nc4ccc(Cl)cc4Cl)ncnc3cn2)C1,5.6382723,5.883714581330617,0.24544229586919108,0.8548387096774194,c1ccc(Nc2ncnc3cnc(OC4CNC4)cc23)cc1,inactive
Cc1cccc(Nc2[nH]cnc3nnc(Nc4cccc(Cl)c4)c2-3)c1,6.8860564,7.070247297286987,0.18419087409973134,0.6530612244897959,c1ccc(Nc2nnc3nc[nH]c(Nc4ccccc4)c2-3)cc1,middle
Nc1ncnc2c1c(-c1ccc(Oc3ccccc3)cc1)cn2C1CCCC1,5.49485,6.326353674729665,0.8315035160382589,0.8043478260869565,c1ccc(Oc2ccc(-c3cn(C4CCCC4)c4ncncc34)cc2)cc1,inactive
C=CC(=O)Nc1cccc(Oc2nc(Nc3ccc(N4CCCOCC4)cc3OC)ncc2Cl)c1,7.723362,7.7140992120107015,0.009262756983439147,0.9452054794520548,c1ccc(Oc2ccnc(Nc3ccc(N4CCCOCC4)cc3)n2)cc1,active
C=CC(=O)Nc1cccc(Oc2nc(Nc3ccc(N4CCN(C)CC4)cc3)nc3ccsc23)c1,8.0,7.634893873532613,0.3651061264673867,0.618421052631579,c1ccc(Oc2nc(Nc3ccc(N4CCNCC4)cc3)nc3ccsc23)cc1,active
C=CC(=O)Nc1cccc(Oc2nccc(Nc3cc(C)[nH]n3)n2)c1,5.8952427,6.526817012786865,0.6315743217468262,0.6714285714285714,c1ccc(Oc2nccc(Nc3cc[nH]n3)n2)cc1,inactive
[2H]C([2H])([2H])n1cc(-c2ccnc(Nc3cc(NC(=O)C=C)c(N4CCN(C5CCCCC5)CC4)cc3OC)n2)c2ccccc21,6.731642,7.072210088968277,0.3405683195590976,0.8313253012048193,c1ccc2c(-c3ccnc(Nc4ccc(N5CCN(C6CCCCC6)CC5)cc4)n3)c[nH]c2c1,middle
C=CC(=O)Nc1cc(-c2cn(C)c3ccccc23)ncn1,6.41145,7.109254115952385,0.6978042067421804,0.6981132075471698,c1ccc2c(-c3ccncn3)c[nH]c2c1,middle
C=CC(=O)Nc1ccc2ncnc(NC3CCCCC3)c2c1,5.5106816,7.088812355200449,1.5781307260195412,0.5789473684210527,c1ccc2c(NC3CCCCC3)ncnc2c1,inactive
Cc1nc(Nc2cccc3ccccc23)c2cc(C)oc2n1,6.838033,6.996394368807475,0.15836116949717205,0.6808510638297872,c1ccc2c(Nc3ncnc4occc34)cccc2c1,middle
C=CC(=O)Nc1cc(Nc2ncc3ccc(-c4cnc5ccccc5c4)n3n2)c(OC)cc1N1CCC(N(C)C)CC1,7.989405,7.9824000310897825,0.0070051240921022995,0.7647058823529411,c1ccc2ncc(-c3ccc4cnc(Nc5ccc(N6CCCCC6)cc5)nn34)cc2c1,active
Oc1cc2cc(-c3ccncc3)cnc2cc1O,5.30103,6.180242795228958,0.879212636232376,0.2708333333333333,c1ccc2ncc(-c3ccncc3)cc2c1,inactive
NC1CCN(Cc2ccn3ncnc(Nc4ccc(OCc5cnccn5)c(Cl)c4)c23)CC1,7.49485,7.161914455890655,0.3329357028007509,0.8194444444444444,c1cnc(COc2ccc(Nc3ncnn4ccc(CN5CCCCC5)c34)cc2)cn1,active
Oc1cc2cc(-c3cccnc3)cnc2cc1O,6.30103,5.986595138863912,0.3144350201326702,0.3695652173913043,c1cncc(-c2cnc3ccccc3c2)c1,middle
C=CC(=O)N1CCc2ccc(Nc3nc(Nc4ccc(OC)nc4)ncc3F)cc21,6.2596374,6.663187742233276,0.403550386428833,0.7571428571428571,c1cncc(Nc2nccc(Nc3ccc4c(c3)NCC4)n2)c1,middle
O=C(NO)c1ccsc1Nc1nc(Nc2ccc(N3CCOCC3)cc2)ncc1Cl,7.4207883,7.2579768539269764,0.16281143418947863,0.746031746031746,c1csc(Nc2ccnc(Nc3ccc(N4CCOCC4)cc3)n2)c1,active
Cc1cc(Nc2ncnc3ccc(NC4=NC(C)(C)CO4)cc23)ccc1Oc1ccn2ncnc2c1,6.3477535,6.4149993535147765,0.06724582873450302,0.5168539325842697,c1nc(Nc2ccc(Oc3ccn4ncnc4c3)cc2)c2cc(NC3=NCCO3)ccc2n1,middle
c1nc(Nc2ccc3[nH]ccc3c2)c2sccc2n1,6.221849,8.109510615666707,1.887661650975545,0.6730769230769231,c1nc(Nc2ccc3[nH]ccc3c2)c2sccc2n1,middle
C=CC(=O)N1C[C@@H]2CN(c3nc(Nc4ccc(N5CCN(C)CC5)cc4)c4ncn(C(C)C)c4n3)C[C@@H]2C1,7.853872,7.197929726521174,0.6559420958360036,0.7222222222222222,c1nc2c(Nc3ccc(N4CCNCC4)cc3)nc(N3CC4CNCC4C3)nc2[nH]1,active
C=CC(=O)N[C@@H]1CN(c2nc(Nc3cn(C4CCN(C)C4)nc3OC)c3ncn(C(C)C)c3n2)C[C@H]1F,8.30103,6.582831043629419,1.7181991153671632,0.4895833333333333,c1nc2c(Nc3cnn(C4CCNC4)c3)nc(N3CCCC3)nc2[nH]1,active
CC(C)n1nc(-c2ccc3occc3c2)c2c(N)ncnc21,6.015923,5.158477120399475,0.8574459028244021,0.7358490566037735,c1ncc2c(-c3ccc4occc4c3)n[nH]c2n1,middle
C=CC(=O)N1CCC[C@@H](n2nc(C3CC3)c3c(N)ncnc32)C1,6.808092,6.807959320757124,0.00013279655244602395,0.7049180327868853,c1ncc2c(C3CC3)nn(C3CCCNC3)c2n1,middle
