molecule_chembl_id,canonical_smiles,pIC50,active_label,RF_pred,XGB_pred,Transformer_pred,RF_Transformer_ensemble_pred
CHEMBL6134398,Cn1cc(Nc2ncc(Cl)c(Nc3cccc(NC(=O)/C=C/c4ccccc4)c3)n2)cn1,7.4953938,1.0,7.235974540710449,6.799599,6.2818813,6.758927936553955
CHEMBL442938,C[C@H]1[C@H](C)CC[C@]2(C(=O)O)CC[C@]3(COC(=O)/C=C/c4ccc(O)cc4)C(=CC[C@@H]4[C@@]5(C)CC[C@H](O)C(C)(C)[C@@H]5CC[C@]43C)[C@H]12,7.2481055,1.0,6.464159918228785,6.011513,6.1525507,6.308355307777722
CHEMBL319244,O=C(/C=C/c1ccc(O)c(O)c1)OCCc1ccccc1,5.9978337,0.0,5.161677923321724,5.2149277,5.8165326,5.489105267584324
CHEMBL5186583,CCc1nnc2c(Nc3ccc(C(=O)/C=C/c4cc(OC)c(OC)c(OC)c4)cc3)nc3ccccc3n12,7.2202263,1.0,6.333794342080753,6.085351,6.797888,6.565841072102389
CHEMBL490510,O=C(/C=C/c1ccc(O)c(O)c1)c1ccc(O[C@@H]2O[C@H](CO)[C@@H](O)[C@H](O)[C@H]2O)c(O)c1O,1.7212464,0.0,5.687632598876953,4.8948364,6.1995597,5.943596143722534
CHEMBL5169900,COc1ccc(CCOc2ccc(C(=O)/C=C/c3ccc(O)c(O)c3)cc2OC)cc1OC,4.953895,0.0,5.6472882837340945,5.8338394,5.636598,5.641943196966535
CHEMBL55994,N#C/C(=C\c1ccc(O)c(O)c1)C(=O)c1cccs1,5.0086384,0.0,5.601202414955412,5.307536,5.5925207,5.596861564380783
CHEMBL4778826,COc1ccc(/C=C/C(=O)c2nnn(-c3ccc(Cl)cc3)c2C)cc1OC,7.4436975,1.0,5.990886814693611,6.0355115,6.030755,6.010820928861698
CHEMBL4750368,CNc1nc(C)c(C(=O)/C=C/c2ccc(O)cc2)s1,7.472886,1.0,5.350192396283149,4.9856343,6.586792,5.968492194235324
CHEMBL5188857,CCOc1cc2ncc(C#N)c(Nc3ccc(OCc4ccccc4)cc3)c2cc1NC(=O)/C=C/c1cccnc1,6.2240257,,6.728409701297681,6.5568604,7.7060018,7.217205729936561
CHEMBL3425662,COc1cc(N2CCN(C)CC2)ccc1Nc1ncc(Cl)c(Oc2cccc(NC(=O)/C(C#N)=C/c3ccco3)c2)n1,6.183771,,6.021440006494522,5.948763,5.891295,5.956367481350899
CHEMBL3218001,C#Cc1cccc(Nc2ncnc3ccc(S(=O)(=O)n4ccc(/C=C/C(=O)Nc5ccccc5N)c4)cc23)c1,6.496981,,7.42504595130682,7.4266224,6.7649503,7.094998113363982
CHEMBL3425661,COc1cc(N2CCN(C)CC2)ccc1Nc1ncc(Cl)c(Oc2cccc(NC(=O)/C(C#N)=C/c3ccncc3)c2)n1,6.823909,,6.042001680135727,5.992845,6.202466,6.122233845591545
CHEMBL4797515,CNc1nc(C)c(C(=O)/C=C/c2ccsc2)s1,6.842755,,5.3219600390791895,5.093612,5.643588,5.482774052590132
CHEMBL5274305,COc1ccc2nc(Cl)c(/C=C/C(=O)c3ccc(C)cc3)cc2c1,7.4309773,1.0,5.744582499663036,5.6231318,6.1351166,5.939849538405737
CHEMBL3425663,COc1cc(N2CCN(C)CC2)ccc1Nc1ncc(Cl)c(Oc2cccc(NC(=O)/C(C#N)=C/c3cnc[nH]3)c2)n1,6.7737236,,6.088917030841112,5.5342274,6.1981707,6.143543846383691
CHEMBL1683969,CCN1CCN(C(=O)/C(F)=C/c2c(C)ncnc2Nc2ccc(OCc3cccc(F)c3)c(Cl)c2)CC1,6.806875,,7.530960626443227,7.5773916,6.599861,7.06541088573138
CHEMBL1683967,Cc1ncnc(Nc2ccc(OCc3cccc(F)c3)c(Cl)c2)c1/C=C(\F)C(=O)NCCN1CCCC1,8.522879,1.0,7.690182026227315,7.6037297,7.60851,7.6493460218111675
CHEMBL4798434,CNc1nc(C)c(C(=O)/C=C/c2nccs2)s1,6.592439,,6.13308427316802,5.8423915,6.4571934,6.2951388239009045
CHEMBL5900269,CCOc1cc2ncc(C#N)c(Nc3ccc(F)c(Cl)c3)c2cc1NC(=O)CC(CCSCc1ccccc1)SCc1ccccc1,5.2596374,0.0,6.937045021057129,7.3140216,8.379071,7.658058128356934
CHEMBL3739527,C#Cc1cccc(Nc2ncnc3cc(OCCOC(=O)CC4=C(C)/C(=C/c5ccc([S+](C)[O-])cc5)c5ccc(F)cc54)c(OCCOC(=O)CC4=C(C)/C(=C/c5ccc([S+](C)[O-])cc5)c5ccc(F)cc54)cc23)c1,7.5686364,1.0,7.278615487019222,7.6566076,6.6273646,6.9529900612433755
CHEMBL3742059,C#Cc1cccc(Nc2ncnc3cc(OCCOC(=O)CC4=C(C)/C(=C\c5ccc([S+](C)[O-])cc5)c5ccc(F)cc54)c(OCCOC)cc23)c1,7.5086384,1.0,7.277256790002188,7.6467657,7.204408,7.240832479397456
CHEMBL155389,O=C(CC1C(S)=Nc2ccccc21)NCc1ccccc1,4.0,0.0,5.4161843278010675,5.2132807,4.7570624,5.086623381475607
CHEMBL1090353,O=C(CC1CCCC1)Nc1cccc(-c2nc3sccn3c2-c2ccnc(Nc3ccc(N4CCOCC4)cc3)n2)c1,6.180456,,7.850077611009279,7.8565445,8.502051,8.176064482231935
CHEMBL1090352,O=C(CC1CCCCC1)Nc1cccc(-c2nc3sccn3c2-c2ccnc(Nc3ccc(N4CCOCC4)cc3)n2)c1,6.0604806,,7.845908734599749,7.8565445,7.3734055,7.609657095571359
CHEMBL4451538,CCOc1cc2ncc(C#N)c(Nc3ccc(F)c(Cl)c3)c2cc1NC(=O)CC1CCSS1,6.3912582,,7.177658537626266,7.4704676,8.043882,7.610770453810692
CHEMBL4582933,COc1cc2ncnc(Nc3ccc(OCc4cccc(F)c4)c(Cl)c3)c2cc1NC(=O)CC1CCSS1,8.236572,1.0,7.294564273079236,7.496967,7.3962703,7.345417274097601
CHEMBL4519470,COc1cc2ncnc(Nc3ccc(Oc4ccc(C)nc4)c(C)c3)c2cc1NC(=O)CC1CCSS1,7.30103,1.0,6.978944065749645,7.2373934,6.74864,6.8637920630872244
CHEMBL5094282,CS(=O)(=O)CCN(Cc1ccc(-c2ccc3ncnc(Nc4ccc(OCc5cccc(F)c5)c(Cl)c4)c3c2)o1)C(=O)CCC(=O)OCCN1CCN(CCCN2c3ccccc3Sc3ccc(Cl)cc32)CC1,7.9779844,1.0,7.3536024838686,7.0032315,7.3066397,7.330121077597141
CHEMBL154911,O=C(CCC1C(S)=Nc2ccccc21)NCc1ccccc1,4.0,0.0,5.556871432860691,5.3498497,5.6024103,5.579640874663989
CHEMBL3425673,COc1cc(N2CCN(C)CC2)ccc1Nc1ncc(Cl)c(Oc2cccc(NC(=O)CCC3CC3)c2)n1,5.9062395,0.0,5.72789868593216,5.9394455,5.014121,5.371009870767594
CHEMBL5079998,CC(OC(=O)CCCC(=O)N(CCS(C)(=O)=O)Cc1ccc(-c2ccc3ncnc(Nc4ccc(OCc5cccc(F)c5)c(Cl)c4)c3c2)o1)c1cc2c(o1)C(=O)c1ccccc1C2=O,8.133122,1.0,7.604931271496274,7.540523,6.499359,7.052145201177824
CHEMBL4547475,CCOc1cc2ncc(C#N)c(Nc3ccc(OCc4cccc(F)c4)c(Cl)c3)c2cc1NC(=O)CCCCC1CCSS1,7.3912582,1.0,7.4525566262602805,7.290906,7.964569,7.708562859028578
CHEMBL4463005,CCOc1cc2ncc(C#N)c(Nc3ccc(F)c(Cl)c3)c2cc1NC(=O)CCCCC1CCSS1,6.2596374,,7.512501365840435,7.6734405,7.504381,7.508441272825003
CHEMBL5985220,C=CC(=O)Nc1cccc(Nc2nc(Nc3cccc(OCCCNC(=O)CCCC(=O)NCCCOCCOCCOCCCNC(=O)CCCC[C@@H]4SC[C@@H]5NC(=O)N[C@@H]54)c3)ncc2C)c1,7.2596374,1.0,6.401451736330987,5.823374,6.3878126,6.3946321753859525
CHEMBL5797771,C=CC(=O)Nc1cccc(Nc2nc(Nc3ccc(OCCOCCNC(=O)CCCC(=O)NCCCOCCOCCOCCCNC(=O)CCCC[C@@H]4SC[C@@H]5NC(=O)N[C@@H]54)c(F)c3)ncc2F)c1,7.2596374,1.0,6.512686707139014,5.817223,6.944413,6.728549946129322
CHEMBL5759591,C=CC(=O)Nc1cccc(Nc2nc(Nc3cccc(OCCCNC(=O)CCCC[C@@H]4SC[C@@H]5NC(=O)N[C@@H]54)c3)ncc2C)c1,7.2596374,1.0,6.435287474887712,5.613768,7.2278013,6.831544398912362
CHEMBL4753700,C=CC(=O)Nc1cccc(-n2c(=O)cc(C)c3cnc(Nc4ccc(N5CCN(CCCCCC(=O)N[C@H](C(=O)N6C[C@H](O)C[C@H]6C(=O)NCc6ccc(-c7scnc7C)cc6)C(C)(C)C)CC5)cc4OC)nc32)c1,7.7144427,1.0,7.7446380044193495,7.7127104,7.8155084,7.780073185025227
CHEMBL5199166,Cc1ncsc1-c1ccc(CNC(=O)[C@@H]2C[C@@H](O)CN2C(=O)[C@@H](NC(=O)CCCCCOCCCCOCCCCOc2cc3ncnc(Nc4ccc(F)c(Cl)c4)c3cc2NC(=O)/C=C/CN(C)C)C(C)(C)C)cc1,6.5506372,,7.969113433043161,7.604991,7.5704556,7.769784492095312
CHEMBL4873098,COc1cc2ncnc(Nc3ccc(OCc4cccc(F)c4)c(Cl)c3)c2cc1OCCCCC(=O)Nc1ccc(S(N)(=O)=O)cc1,7.712291,1.0,7.421437827467919,7.3733296,7.3119535,7.366695686042309
CHEMBL5400371,C#CCCC(=O)N1CCN(c2ccc(Nc3ncc(Cl)c(Oc4cccc(NC(=O)CCCCc5cc5=O)c4)n3)c(OC)c2)CC1,6.6777806,,6.454736227795031,6.124956,6.889704,6.6722202276212705
CHEMBL305660,CC(C)(C)c1ccc(C(=O)CCCN2CCC(OC(c3ccccc3)c3ccccc3)CC2)cc1,6.2525105,,5.89646200120449,6.048443,6.0422006,5.969331283271313
CHEMBL2425735,O=C(CCCN1CCCCC1)Nc1ccc2ncnc(Nc3cccc(Br)c3)c2c1,8.244125,1.0,8.281404030323028,8.381399,7.6385117,7.959957844018936
CHEMBL156555,O=C(CCCc1c(SSc2[nH]c3ccccc3c2CCCC(=O)NCc2ccccc2)[nH]c2ccccc12)NCc1ccccc1,4.0,0.0,5.567325371901195,5.1282935,5.4755034,5.521414408286413
CHEMBL4647257,CN(CCOS(=O)(=O)CCc1cn(CCCC(=O)N2CCN(C(=O)c3cc(Cc4n[nH]c(=O)c5ccccc45)ccc3F)CC2)nn1)c1ccc2ncnc(Nc3cccc(Br)c3)c2c1,6.486516,,7.332716851035753,7.5935946,7.6460047,7.4893607639273005
CHEMBL3237931,COc1cc(N2CCN(C)CC2)ccc1Nc1ncc(Cl)c(Oc2cccc(NC(=O)CCN3CCCC3)c2)n1,6.369572,,5.497140959501267,5.7255993,5.850525,5.673832930922508
CHEMBL5282535,CC(=O)Nc1nc(C(=O)NNC(=O)CCN2CCCCC2)cs1,5.0361176,0.0,6.302434308966001,6.7491474,5.1118135,5.707123927096526
CHEMBL2031312,CCOc1cc2ncc(C#N)c(Nc3ccc(OCc4ccccn4)c(Cl)c3)c2cc1NC(=O)CCN1CCCCC1,7.2147284,1.0,7.273725118458271,8.230845,8.405751,7.8397381733953955
CHEMBL2031308,CCOc1cc2ncc(C#N)c(Nc3ccc(F)c(Cl)c3)c2cc1NC(=O)CCN1CCCCC1,8.655608,1.0,7.2051174334685015,8.355754,7.868281,7.536699160536131
CHEMBL3237932,COc1cc(N2CCN(C)CC2)ccc1Nc1ncc(Cl)c(Oc2cccc(NC(=O)CCN3CCCCC3)c2)n1,5.3441896,0.0,5.497140959501267,5.7255993,5.8136845,5.655412711501121
CHEMBL3237937,COc1cc(N2CCN(C)CC2)ccc1Nc1ncc(Cl)c(Oc2cccc(NC(=O)CCN3CCN(CCOc4no[n+]([O-])c4S(=O)(=O)c4ccccc4)CC3)c2)n1,6.581699,,5.947510614395141,5.9133973,6.772272,6.359891362190247
CHEMBL5276173,CC(=O)Nc1nc(C(=O)NNC(=O)CCN2CCN(C)CC2)cs1,6.8827286,,6.331986891468366,6.914504,5.3401804,5.836083644251029
CHEMBL1641992,CN1CCN(CCC(=O)Nc2ccc3c(C#N)cnc(Nc4cccc(Br)c4)c3c2)CC1,5.8860564,0.0,6.317669155980859,6.9939046,5.696264,6.006966473055737
CHEMBL2031300,CN1CCN(CCC(=O)Nc2ccc3ncnc(Nc4cccc(Br)c4)c3c2)CC1,9.638272,1.0,8.91437196314335,8.734775,7.7123957,8.313383815586567
CHEMBL472544,Nc1ncnc(Nc2ccc(OCc3ccccc3)c(Cl)c2)c1C(=O)NNC(=O)CCN1CCOCC1,6.207608,,7.317309373353209,7.1994767,7.5095468,7.413428065048796
CHEMBL5269071,CC(=O)Nc1nc(C(=O)NNC(=O)CCN2CCOCC2)cs1,6.844664,,6.2924288384119675,6.7664695,4.8469563,5.569692545731863
CHEMBL1641993,N#Cc1cnc(Nc2cccc(Br)c2)c2cc(NC(=O)CCN3CCOCC3)ccc12,5.161151,0.0,6.280542596280575,6.7813053,6.6677995,6.474171034544707
CHEMBL2031313,CCOc1cc2ncc(C#N)c(Nc3ccc(OCc4ccccn4)c(Cl)c3)c2cc1NC(=O)CCN1CCOCC1,7.4259686,1.0,6.850162501136461,7.793541,8.364453,7.607307908435662
CHEMBL2031309,CCOc1cc2ncc(C#N)c(Nc3ccc(F)c(Cl)c3)c2cc1NC(=O)CCN1CCOCC1,8.694649,1.0,6.6509128363927195,7.863303,7.861081,7.255996979872386
CHEMBL542893,O=C(CCN1CCOCC1)c1ccc(OCc2ccccc2)cc1,5.823909,0.0,5.981331296563148,6.198453,5.5354695,5.758400414288044
CHEMBL5558514,COc1cc2ncnc(Nc3ccc(F)c(Cl)c3)c2cc1OCCCCCCNC(=O)CCN(C)Cc1ccc(-c2cccc(-c3ccccc3)c2C)nc1OC,6.4618034,,7.468080625590824,7.5880394,7.5026326,7.485356621770632
CHEMBL4209119,COc1cc(N2CCN(C)CC2)ccc1Nc1ncc(Cl)c(Oc2ccc(NC(=O)CCOCc3ccccc3)cc2)n1,5.7772837,0.0,5.65996610879898,5.359226,6.5412974,6.100631772279739
CHEMBL4204937,COc1cc(N2CCN(C)CC2)ccc1Nc1ncc(Cl)c(Oc2cccc(NC(=O)CCOCc3ccccc3)c2)n1,5.6819367,0.0,5.846615708669026,5.602611,6.0457335,5.946174580256144
CHEMBL4218320,COc1cc(N2CCN(C)CC2)ccc1Nc1ncc(Cl)c(Oc2ccccc2NC(=O)CCOCc2ccccc2)n1,5.669586,0.0,6.046509635448456,5.7059093,7.13081,6.588659709692001
CHEMBL2425737,O=C(CCOc1ccccc1)Nc1ccc2ncnc(Nc3cccc(Br)c3)c2c1,7.6635404,1.0,7.691274588704109,7.8397985,7.9792914,7.835283013880253
CHEMBL4437943,O=C(CCSC(=S)N1CCN(c2ccccc2)CC1)Nc1cccc(NC(=O)c2ccccn2)c1,7.154902,1.0,6.955092392406938,6.823018,5.7110343,6.3330633451750264
CHEMBL154260,O=C(CCc1c(SSc2[nH]c3ccccc3c2CCC(=O)NCCc2ccccc2)[nH]c2ccccc12)NCCc1ccccc1,4.6197886,0.0,5.593364619612694,5.09749,5.819584,5.706474256217479
CHEMBL156797,O=C(CCc1c(SSc2[nH]c3ccccc3c2CCC(=O)Nc2ccccc2)[nH]c2ccccc12)Nc1ccccc1,5.3363204,0.0,4.8370911949872974,4.8625827,5.5367317,5.186911457479001
CHEMBL1641998,N#Cc1cnc(Nc2cccc(Br)c2)c2cc(NC(=O)CCc3cc4ccccc4[nH]3)ccc12,4.552842,0.0,6.001901394128799,5.7286906,5.9019694,5.951935413479805
CHEMBL1630116,Nc1ccccc1NC(=O)CCc1ccc(-c2ccc3ncnc(Nc4ccc(OCc5cccc(F)c5)c(Cl)c4)c3c2)cc1,7.823909,1.0,7.726007223625978,7.598434,7.2917705,7.5088888409237065
CHEMBL45068,O=C(CCc1ccc(O)cc1)c1c(O)cc(O)cc1O,1.60206,0.0,5.2650792970259985,5.1189246,5.2146277,5.239853519896666
CHEMBL4530987,CCOc1cc2ncnc(Nc3ccc(F)c(Cl)c3)c2cc1OC(=O)CCc1cccnc1,7.853872,1.0,7.963100054899851,8.090785,8.257979,8.110539723952611
CHEMBL3671577,C=CC(=O)Nc1cc2c(Nc3ccc(Br)cc3F)ncnc2cc1OCCNC(=O)CN1CC=CC1,7.49485,1.0,7.406561451256275,7.3557553,7.5624337,7.484497585445642
CHEMBL3671579,C=CC(=O)Nc1cc2c(Nc3ccc(Br)cc3F)ncnc2cc1OCCNC(=O)CN1CCC1,6.005683,,7.41744660615921,7.4486237,7.6922398,7.5548431837558745
CHEMBL3671576,C=CC(=O)Nc1cc2c(Nc3ccc(Br)cc3F)ncnc2cc1OCCNC(=O)CN1CCCC1,7.3467875,1.0,7.41841843008995,7.4486237,7.6531706,7.535794507861137
CHEMBL4170916,O=C(CN1CCCC1)Nc1ccc2ncnc(Nc3ccc(OCc4cccc(F)c4)cc3)c2c1,7.1487417,1.0,7.044812922279041,6.9635334,6.81793,6.931371571918329
CHEMBL4167162,O=C(CN1CCCC1)Nc1ccc2ncnc(Nc3ccc(Cl)cc3)c2c1,7.49485,1.0,6.845819673736891,7.00233,6.7977734,6.821796517471473
CHEMBL3671570,C=CC(=O)Nc1cc2c(Nc3ccc(Br)cc3F)ncnc2cc1OCCNC(=O)CN1CCCCC1,8.1549015,1.0,7.412267211675644,7.4486237,7.598119,7.5051929968595505
CHEMBL3233764,O=C(CN1CCC(CCO)CC1)Nc1cc2c(Nc3ccc(F)c(Cl)c3)ncnc2s1,6.2660007,,6.0139589583873745,6.2438703,7.9840965,6.9990277427434915
CHEMBL4166069,O=C(CN1CCCCC1)Nc1ccc2ncnc(Nc3cccc(Br)c3)c2c1,7.4317985,1.0,7.944133023023605,7.981472,7.427809,7.685970892310142
CHEMBL5932725,Cc1ncsc1-c1ccc([C@H](C)NC(=O)[C@@H]2C[C@@H](O)CN2C(=O)[C@@H](NC(=O)CN2CCN(CCCC#Cc3cccc4c3C(=O)N(C(C(=O)Nc3nccs3)c3cc(F)ccc3O)C4)CC2)C(C)(C)C)cc1,5.3279023,0.0,7.746004148977144,8.22687,7.1624107,7.4542074425305636
CHEMBL6048009,Cc1ncsc1-c1ccc([C@H](C)NC(=O)[C@H]2C[C@H](O)CN2C(=O)[C@@H](NC(=O)CN2CCN(CCCOCC#Cc3cccc4c3C(=O)N(C(C(=O)Nc3nccs3)c3cc(F)ccc3O)C4)CC2)C(C)(C)C)cc1,6.0084124,,7.722879886428514,8.365151,7.377114,7.549996852775415
CHEMBL5899723,Cc1ncsc1-c1ccc([C@H](C)NC(=O)[C@@H]2C[C@@H](O)CN2C(=O)[C@@H](NC(=O)CN2CCN(CCOCCOCCOCCOCC#Cc3cccc4c3C(=O)N(C(C(=O)Nc3nccs3)c3cc(F)ccc3O)C4)CC2)C(C)(C)C)cc1,6.920819,,7.83417630215486,8.256257,7.254263,7.544219613174597
CHEMBL5179538,C=CC(=O)Nc1cccc(Nc2nc(Nc3ccc(N4CCN(CC(=O)NCCNc5cccc6c5CN(C5CCC(=O)NC5=O)C6=O)CC4)cc3OC)ncc2C(F)(F)F)c1,5.817835,0.0,6.94132764716943,7.140051,7.6437597,7.292543687323729
CHEMBL2381504,C=CC(=O)Nc1cccc(Oc2nc(Nc3ccc(N4CCN(CC(=O)N5CCC(Oc6no[n+]([O-])c6S(=O)(=O)c6ccccc6)CC5)CC4)cc3OC)ncc2Cl)c1,7.376751,1.0,7.272105090618133,7.389225,7.458673,7.365389045476913
CHEMBL2381516,C=CC(=O)Nc1cccc(Oc2nc(Nc3ccc(N4CCN(CC(=O)N5CCN(CCOc6no[n+]([O-])c6S(=O)(=O)c6ccccc6)CC5)CC4)cc3OC)ncc2Cl)c1,7.4089355,1.0,7.287186353206635,7.326552,7.891146,7.589166268110276
CHEMBL2381515,C=CC(=O)Nc1cccc(Oc2nc(Nc3ccc(N4CCN(CC(=O)NCCCOc5no[n+]([O-])c5S(=O)(=O)c5ccccc5)CC4)cc3OC)ncc2Cl)c1,7.229148,1.0,7.245325136184692,7.1685133,7.400118,7.3227215051651005
CHEMBL2381509,C=CC(=O)Nc1cccc(Oc2nc(Nc3ccc(N4CCN(CC(=O)OCC#CCOc5no[n+]([O-])c5S(=O)(=O)c5ccccc5)CC4)cc3OC)ncc2Cl)c1,7.2839966,1.0,7.285791487693786,7.492733,7.542847,7.414319322109222
CHEMBL2381511,C=CC(=O)Nc1cccc(Oc2nc(Nc3ccc(N4CCN(CC(=O)OCCCCCCOc5no[n+]([O-])c5S(=O)(=O)c5ccccc5)CC4)cc3OC)ncc2Cl)c1,6.534617,,7.230982971469562,7.2862196,7.2394156,7.2351993085344635
CHEMBL2381508,C=CC(=O)Nc1cccc(Oc2nc(Nc3ccc(N4CCN(CC(=O)OCCCCOc5no[n+]([O-])c5S(=O)(=O)c5ccccc5)CC4)cc3OC)ncc2Cl)c1,6.759451,,7.247680851538976,7.2862196,7.1050286,7.176354740420978
CHEMBL2381507,C=CC(=O)Nc1cccc(Oc2nc(Nc3ccc(N4CCN(CC(=O)OCCCOc5no[n+]([O-])c5S(=O)(=O)c5ccccc5)CC4)cc3OC)ncc2Cl)c1,7.008774,1.0,7.238961491902669,7.202664,7.327949,7.283455269495645
CHEMBL2381510,C=CC(=O)Nc1cccc(Oc2nc(Nc3ccc(N4CCN(CC(=O)OCCOCCOc5no[n+]([O-])c5S(=O)(=O)c5ccccc5)CC4)cc3OC)ncc2Cl)c1,6.9956784,,7.257980268001557,7.24553,7.527047,7.392513712644577
CHEMBL2381506,C=CC(=O)Nc1cccc(Oc2nc(Nc3ccc(N4CCN(CC(=O)OCCOc5no[n+]([O-])c5S(=O)(=O)c5ccccc5)CC4)cc3OC)ncc2Cl)c1,7.229148,1.0,7.261461029052734,7.24553,7.4251,7.343280439376831
CHEMBL3671571,C=CC(=O)Nc1cc2c(Nc3ccc(Br)cc3F)ncnc2cc1OCCNC(=O)CN1CCN(C)CC1,7.920819,1.0,7.5159233129024505,7.4909897,7.5065007,7.511212016940117
CHEMBL4169489,CN1CCN(CC(=O)Nc2ccc3ncnc(Nc4cccc(Br)c4)c3c2)CC1,7.49485,1.0,7.828783777356148,8.241536,7.9228544,7.875819100439548
CHEMBL1619395,CCN1CCN(CC(=O)Nc2cc(C)on2)CC1,7.091515,1.0,6.603038407338991,7.130725,5.168797,5.885917711741395
CHEMBL4637355,CCN1CCN(CC(=O)Nc2nnc3c4ccccc4nc(Sc4ccc(Br)cc4)n23)CC1,5.407823,0.0,6.360157666802406,6.236443,8.351476,7.355816691219807
CHEMBL3671572,C=CC(=O)Nc1cc2c(Nc3ccc(Br)cc3F)ncnc2cc1OCCNC(=O)CN1CCOCC1,7.49485,1.0,7.436421595811844,7.4346194,7.5885267,7.512474160790443
CHEMBL4177348,O=C(CN1CCOCC1)Nc1ccc2ncnc(Nc3cccc(Br)c3)c2c1,7.008774,1.0,7.836850518286228,7.9235005,7.4318066,7.6343285413086415
CHEMBL4787698,CC(C)(C)c1cc(NC(=O)CN2CCOCC2)no1,6.8416376,,6.608602933022711,6.863073,6.627966,6.618284430073367
CHEMBL599863,O=C(CNC(=O)Oc1ccccc1)Nc1ccc2ncnc(Nc3cccc(Br)c3)c2c1,9.431798,1.0,7.7881894916296,8.149443,7.991381,7.889785329997539
CHEMBL5566977,COc1cc2ncnc(Nc3ccc(F)c(Cl)c3)c2cc1OCCCCCNC(=O)CN(C)Cc1c(OC)cc(OCc2cccc(-c3ccccc3)c2C)cc1OC,6.621966,,7.112212492443266,6.777268,7.848316,7.48026434253511
CHEMBL1944924,Cc1c(Cc2ccccc2)sc(NCC(=O)COc2ccc3ccccc3c2)c1C(N)=O,4.607303,0.0,5.847228226410059,5.8115306,5.3892717,5.61824998127754
CHEMBL5221067,N#Cc1c(NC(=O)CNc2n[nH]c3ncccc23)sc2c1CCCC2,9.327902,1.0,6.580223069872175,6.2496543,4.964922,5.7725725105830605
CHEMBL5195593,Cc1ccc(/C=N/NC(=O)CNc2nc(-c3ccccc3)c(-c3ccccc3)s2)cc1,6.69897,,5.4290469020605086,6.1345162,5.285602,5.357324497401715
CHEMBL5281486,COc1cc(/C=N/NC(=O)COC2=NC(C)=NC3C2C(C)=NN3c2ccccc2)cc(OC)c1OC,5.3788238,0.0,6.532690767580396,6.7897015,5.9742527,6.25347173419303
CHEMBL5789905,Cc1ncsc1-c1ccc(CNC(=O)[C@@H]2C[C@@H](O)CN2C(=O)[C@@H](NC(=O)CO[C@H]2C[C@H](Oc3ccc(N4CCN(CCOCc5nc6cnc(Nc7ccnc(-c8cnn(S(=O)(=O)C9CC9)c8)n7)cc6n5C(C)C)CC4)cc3)C2)C(C)(C)C)cc1,7.4028816,1.0,6.90462337616086,6.8002267,7.9659634,7.43529336990416
CHEMBL6047998,COC1CCN(c2nccc(Nc3cc4c(cn3)nc(COCCN3CCN(c5ccc(O[C@H]6C[C@H](OCC(=O)N[C@H](C(=O)N7C[C@H](O)C[C@H]7C(=O)NCc7ccc(-c8scnc8C)cc7)C(C)(C)C)C6)cc5)CC3)n4C(C)C)n2)CC1,6.334388,,6.621491317014663,6.1480546,7.0693455,6.845418395628913
CHEMBL5741575,Cc1ncsc1-c1ccc([C@H](C)NC(=O)[C@H]2C[C@H](O)CN2C(=O)[C@@H](NC(=O)COCCCC#Cc2cccc3c2C(=O)N(C(C(=O)Nc2nccs2)c2cc(F)ccc2O)C3)C(C)(C)C)cc1,5.3581233,0.0,7.692398895811466,7.548653,7.399159,7.545778925215913
CHEMBL5929944,COC1CCN(c2nccc(Nc3cc4c(cn3)nc(COCCCN3CCN(CCCOCC(=O)N[C@H](C(=O)N5C[C@H](O)C[C@H]5C(=O)N[C@@H](C)c5ccc(-c6scnc6C)cc5)C(C)(C)C)CC3)n4C(C)C)n2)CC1,5.102408,0.0,6.4468163617451975,6.5047126,8.164163,7.30548949877421
CHEMBL5969616,Cc1ncsc1-c1ccc([C@H](C)NC(=O)[C@H]2C[C@H](O)CN2C(=O)[C@@H](NC(=O)COCCCOCCCC#Cc2cccc3c2C(=O)N(C(C(=O)Nc2nccs2)c2cc(F)ccc2O)C3)C(C)(C)C)cc1,5.468709,0.0,7.68058923084679,7.5654635,7.275978,7.478283659612848
CHEMBL5764327,Cc1ncsc1-c1ccc([C@H](C)NC(=O)[C@@H]2C[C@@H](O)CN2C(=O)[C@@H](NC(=O)COCCCOCCCN2CCC3(CC2)CCN(c2nccc(Nc4cc5c(cn4)nc(C)n5C(C)C)n2)CC3)C(C)(C)C)cc1,4.7795453,0.0,6.504232348998387,6.5173507,7.7932777,7.148755044738451
CHEMBL5800063,COC1(CCN2CCN(CCCOCCCOCC(=O)N[C@H](C(=O)N3C[C@H](O)C[C@H]3C(=O)N[C@@H](C)c3ccc(-c4scnc4C)cc3)C(C)(C)C)CC2)CCN(c2nccc(Nc3cc4c(cn3)nc(C)n4C(C)C)n2)CC1,4.7212462,0.0,6.483271200259526,6.446761,7.5868025,7.0350368414322535
CHEMBL5802636,Cc1ncsc1-c1ccc([C@H](C)NC(=O)[C@H]2C[C@H](O)CN2C(=O)[C@@H](NC(=O)COCCCOCCCN2CCOC3(CCN(c4nccc(Nc5cc6c(cn5)nc(C)n6C(C)C)n4)CC3)C2)C(C)(C)C)cc1,4.5850267,0.0,6.554416956802209,6.3658586,8.151174,7.352795274207989
CHEMBL6057769,Cc1ncsc1-c1ccc([C@H](C)NC(=O)[C@@H]2C[C@@H](O)CN2C(=O)[C@@H](NC(=O)COCCCOc2ccc(N3CCN(CCOCc4nc5cnc(Nc6ccnc(-c7cnn(S(=O)(=O)C8CC8)c7)n6)cc5n4C(C)C)CC3)cc2)C(C)(C)C)cc1,7.275724,1.0,6.936575179288785,7.147193,7.2564907,7.096532943343123
CHEMBL5861940,COC1CCN(c2nccc(Nc3cc4c(cn3)nc(COCCN3CCN(c5ccc(OCCCOCC(=O)N[C@H](C(=O)N6C[C@H](O)C[C@H]6C(=O)NCc6ccc(-c7scnc7C)cc6)C(C)(C)C)cc5)CC3)n4C(C)C)n2)CC1,6.4308486,,6.549104048391947,6.392807,8.027131,7.288117564509694
CHEMBL5858289,Cc1ncsc1-c1ccc([C@H](C)NC(=O)[C@H]2C[C@H](O)CN2C(=O)[C@@H](NC(=O)COCCN2CCN(CCCC#Cc3cccc4c3C(=O)N(C(C(=O)Nc3nccs3)c3cc(F)ccc3O)C4)CC2)C(C)(C)C)cc1,5.3472166,0.0,7.677222664455573,8.062949,7.5835586,7.630390611936649
CHEMBL6012249,Cc1ncsc1-c1ccc([C@H](C)NC(=O)[C@@H]2C[C@@H](O)CN2C(=O)[C@@H](NC(=O)COCCN2CCN(CCOCCOCCOCC#Cc3cccc4c3C(=O)N(C(C(=O)Nc3nccs3)c3cc(F)ccc3O)C4)CC2)C(C)(C)C)cc1,7.0132284,1.0,7.856171584626039,8.131644,7.518456,7.687313783417146
CHEMBL5863747,COC1CCN(c2nccc(Nc3cc4c(cn3)nc(COCCN3CCN(CCOCC(=O)N[C@H](C(=O)N5C[C@H](O)C[C@H]5C(=O)N[C@@H](C)c5ccc(-c6scnc6C)cc5)C(C)(C)C)CC3)n4C(C)C)n2)CC1,4.920819,0.0,6.4420600654681515,6.466399,7.6622057,7.052132880787054
CHEMBL6028345,Cc1ncsc1-c1ccc(CNC(=O)[C@@H]2C[C@@H](O)CN2C(=O)[C@@H](NC(=O)COCCN2CCN(Cc3ccc(-c4cc5c(NCc6ccccc6Cl)ncnc5[nH]4)cc3)CC2)C(C)(C)C)cc1,6.275724,,6.953656533708174,6.9314675,8.203013,7.578334976906577
CHEMBL6051409,Cc1ncsc1-c1ccc([C@H](C)NC(=O)[C@@H]2C[C@@H](O)CN2C(=O)[C@@H](NC(=O)COCCOCCCNCC2CN(c3nn(C(C)C)c4cc(Nc5ccnc(-c6cnn(S(=O)(=O)C7CC7)c6)n5)ncc34)C2)C(C)(C)C)cc1,8.677781,1.0,7.464217183669409,7.125591,7.728221,7.596219061652819
CHEMBL6030352,Cc1ncsc1-c1ccc(CNC(=O)[C@@H]2C[C@@H](O)CN2C(=O)[C@@H](NC(=O)COCCOCCN2CCN(Cc3ccc(-c4cc5c(NCc6ccccc6Cl)ncnc5[nH]4)cc3)CC2)C(C)(C)C)cc1,6.537602,,6.963030692487955,6.9314675,8.02019,7.491610465720296
CHEMBL5988212,Cc1ncsc1-c1ccc([C@H](C)NC(=O)[C@H]2C[C@H](O)CN2C(=O)[C@@H](NC(=O)COCCOCCOCC#Cc2cccc3c2C(=O)N(C(C(=O)Nc2nccs2)c2cc(F)ccc2O)C3)C(C)(C)C)cc1,5.9561095,0.0,7.841911427250929,7.5803165,7.2323856,7.537148531313453
CHEMBL5839771,Cc1ncsc1-c1ccc([C@H](C)NC(=O)[C@@H]2C[C@@H](O)CN2C(=O)[C@@H](NC(=O)COCCOCCOCCN2CCN(CCOCC#Cc3cccc4c3C(=O)N(C(C(=O)Nc3nccs3)c3cc(F)ccc3O)C4)CC2)C(C)(C)C)cc1,6.853872,,7.856171584626039,8.131644,7.574657,7.715414273987214
CHEMBL5771584,Cc1ncsc1-c1ccc(CNC(=O)[C@@H]2C[C@@H](O)CN2C(=O)[C@@H](NC(=O)COCCOCCOCCN2CCN(Cc3ccc(-c4cc5c(NCc6ccccc6Cl)ncnc5[nH]4)cc3)CC2)C(C)(C)C)cc1,6.6382723,,6.963030692487955,6.9314675,8.059809,7.511419711783528
CHEMBL5971019,Cc1ncsc1-c1ccc(CNC(=O)[C@@H]2C[C@@H](O)CN2C(=O)[C@@H](NC(=O)COCCOCCOCCOCC#Cc2cccc3c2C(=O)N(C(C(=O)Nc2nccs2)c2cc(F)ccc2O)C3)C(C)(C)C)cc1,5.979304,0.0,7.7198318830132475,7.6209483,7.5582805,7.639056175500154
CHEMBL5747102,Cc1ncsc1-c1ccc(CNC(=O)[C@@H]2C[C@@H](O)CN2C(=O)[C@@H](NC(=O)COCCOCCOCCOCCN2CCN(Cc3ccc(-c4cc5c(NCc6ccccc6Cl)ncnc5[nH]4)cc3)CC2)C(C)(C)C)cc1,6.760789,,6.963030692487955,6.9314675,8.050431,7.506730972006917
CHEMBL5960969,Cc1ncsc1-c1ccc([C@H](C)NC(=O)[C@H]2C[C@H](O)CN2C(=O)[C@@H](NC(=O)COCCOCCOCCOCCOC2CCN(c3nccc(Nc4cc5c(cn4)nc(C)n5C(C)C)n3)CC2)C(C)(C)C)cc1,4.853872,0.0,6.523624335626761,6.524599,7.667144,7.095384078671534
CHEMBL5835722,Cc1ncsc1-c1ccc(CNC(=O)[C@@H]2C[C@@H](O)CN2C(=O)[C@@H](NC(=O)COCCOCCOCCOCCOCC#Cc2cccc3c2C(=O)N(C(C(=O)Nc2nccs2)c2cc(F)ccc2O)C3)C(C)(C)C)cc1,6.1587467,,7.7198318830132475,7.6209483,7.654499,7.687165468484163
CHEMBL5892301,Cc1ncsc1-c1ccc(CNC(=O)[C@@H]2C[C@@H](O)CN2C(=O)[C@@H](NC(=O)COCCOCCOCCOCCOCCN2CCN(Cc3ccc(-c4cc5c(NCc6ccccc6Cl)ncnc5[nH]4)cc3)CC2)C(C)(C)C)cc1,6.0655017,,6.963030692487955,6.9314675,7.9595675,7.461299119666219
CHEMBL6023442,Cc1ncsc1-c1ccc([C@H](C)NC(=O)[C@H]2C[C@H](O)CN2C(=O)[C@@H](NC(=O)COCCOCCOCCOCCOCCOCC#Cc2cccc3c2C(=O)N([C@@H](C(=O)Nc2nccs2)c2cc(F)ccc2O)C3)C(C)(C)C)cc1,6.1179867,,7.841911427250929,7.5803165,6.942807,7.392359312410865
CHEMBL6060780,Cc1ncsc1-c1ccc([C@H](C)NC(=O)[C@@H]2C[C@@H](O)CN2C(=O)[C@@H](NC(=O)COCCOCCOCCOCCOCCOCCOCC#Cc2cccc3c2C(=O)N(C(C(=O)Nc2nccs2)c2cc(F)ccc2O)C3)C(C)(C)C)cc1,6.6197886,,7.841911427250929,7.5803165,7.039691,7.4408011993127205
CHEMBL5804962,COC1CCN(c2nccc(Nc3cc4c(cn3)nc(COCCOCCOCCOCCOCC(=O)N[C@H](C(=O)N3C[C@H](O)C[C@H]3C(=O)N[C@@H](C)c3ccc(-c5scnc5C)cc3)C(C)(C)C)n4C(C)C)n2)CC1,5.1487417,0.0,6.471332207421462,6.512509,7.4661665,6.968749351849159
CHEMBL5997672,Cc1ncsc1-c1ccc([C@H](C)NC(=O)[C@H]2C[C@H](O)CN2C(=O)[C@@H](NC(=O)COCCOCCOCCOCCOc2ccc(-c3nccc(Nc4cc5c(cn4)nc(C)n5C(C)C)n3)cc2)C(C)(C)C)cc1,4.666741,0.0,6.820842178993755,6.6557255,7.9471974,7.384019808140065
CHEMBL5873242,COC1CCN(c2nccc(Nc3cc4c(cn3)nc(COCCOCCOCCOCC(=O)N[C@H](C(=O)N3C[C@@H](O)C[C@@H]3C(=O)N[C@@H](C)c3ccc(-c5scnc5C)cc3)C(C)(C)C)n4C(C)C)n2)CC1,4.8283944,0.0,6.471332207421462,6.512509,6.9319563,6.701644249310096
CHEMBL5876660,Cc1ncsc1-c1ccc(CNC(=O)[C@@H]2C[C@@H](O)CN2C(=O)[C@@H](NC(=O)COCCOCCOCCOc2ccc(-c3cc4c(NCc5ccccc5Cl)ncnc4[nH]3)cc2)C(C)(C)C)cc1,6.075721,,6.961645681808392,6.890242,7.8803616,7.421003619407614
CHEMBL5810421,Cc1ncsc1-c1ccc([C@H](C)NC(=O)[C@H]2C[C@H](O)CN2C(=O)[C@@H](NC(=O)COCCOCCOCCOc2ccc(-c3nccc(Nc4cc5c(cn4)nc(C)n5C(C)C)n3)cc2)C(C)(C)C)cc1,4.5228786,0.0,6.820842178993755,6.6557255,7.67752,7.249180988636281
CHEMBL5798503,Cc1ncsc1-c1ccc([C@H](C)NC(=O)[C@@H]2C[C@@H](O)CN2C(=O)[C@@H](NC(=O)COCCOCCOCCc2ccc(OC3CCN(c4nccc(Nc5cc6c(cn5)nc(C)n6C(C)C)n4)CC3)cc2)C(C)(C)C)cc1,4.853872,0.0,6.419374255171189,6.354794,7.6686316,7.044002904410545
CHEMBL5792559,COC1CCN(c2nccc(Nc3cc4c(cn3)nc(COCCOCCOCC(=O)N[C@H](C(=O)N3C[C@@H](O)C[C@@H]3C(=O)N[C@@H](C)c3ccc(-c5scnc5C)cc3)C(C)(C)C)n4C(C)C)n2)CC1,4.9836907,0.0,6.471332207421462,6.512509,6.175157,6.323244638790687
CHEMBL5856403,Cc1ncsc1-c1ccc(CNC(=O)[C@@H]2C[C@@H](O)CN2C(=O)[C@@H](NC(=O)COCCOCCOc2ccc(-c3cc4c(NCc5ccccc5Cl)ncnc4[nH]3)cc2)C(C)(C)C)cc1,6.161151,,6.961645681808392,6.890242,7.784376,7.373010913108786
CHEMBL5194790,Cc1ncsc1-c1ccc(CNC(=O)[C@@H]2C[C@@H](O)CN2C(=O)[C@@H](NC(=O)COCCOCCOc2ccc(-c3ccc4ncnc(Nc5ccc(OCc6cccc(F)c6)c(Cl)c5)c4c3)cc2)C(C)(C)C)cc1,5.823909,0.0,6.858192910552024,6.581084,7.990065,7.424129004180431
CHEMBL5843750,Cc1ncsc1-c1ccc([C@H](C)NC(=O)[C@H]2C[C@H](O)CN2C(=O)[C@@H](NC(=O)COCCOCCOc2ccc(-c3nccc(Nc4cc5c(cn4)nc(C)n5C(C)C)n3)cc2)C(C)(C)C)cc1,4.6382723,0.0,6.820842178993755,6.6557255,7.885816,7.353329138126638
CHEMBL5991404,COC1CCN(c2nccc(Nc3cc4c(cn3)nc(COCCOCC(=O)N[C@H](C(=O)N3C[C@@H](O)C[C@@H]3C(=O)N[C@@H](C)c3ccc(-c5scnc5C)cc3)C(C)(C)C)n4C(C)C)n2)CC1,4.9738455,0.0,6.481029128531614,6.512509,7.6744246,7.077726888408263
CHEMBL4211573,COc1cc(N2CCN(C)CC2)ccc1Nc1ncc(Cl)c(Oc2ccc(NC(=O)COCc3ccccc3)cc2)n1,5.5686364,0.0,5.673824355602265,5.3110504,6.050034,5.86192920088768
CHEMBL4202413,COc1cc(N2CCN(C)CC2)ccc1Nc1ncc(Cl)c(Oc2cccc(NC(=O)COCc3ccccc3)c2)n1,5.5934596,0.0,5.8456885773402,5.5106144,6.3587527,6.102220652424372
CHEMBL4215496,COc1cc(N2CCN(C)CC2)ccc1Nc1ncc(Cl)c(Oc2ccccc2NC(=O)COCc2ccccc2)n1,6.4089355,,6.076703369617462,5.610389,7.0071106,6.541906982660294
CHEMBL4856453,COc1ccc(-c2coc3cc(OCC(=O)N/C=C\c4ccc(O)cc4)ccc3c2=O)cc1,7.480172,1.0,6.209551078366872,6.5082283,5.0668693,5.638210168623743
CHEMBL3922068,Nc1cc(Br)ccc1NC(=O)COc1ccc2ncnc(Nc3ccc(F)c(Cl)c3)c2c1,7.0,1.0,7.592114200313887,7.1769123,6.089965,6.841039533476035
CHEMBL6133741,CC[C@H](C(=O)N1CCCC[C@@H]1C(=O)O[C@H](CCc1ccc(OC)c(OC)c1)c1cccc(OCC(=O)NCCC(=O)N2CCN(CCCOc3cc4c(Nc5ccc(F)c(Cl)c5)ncnc4cc3OC)CC2)c1)c1cc(OC)c(OC)c(OC)c1,7.8860564,1.0,7.234715403974056,7.3227725,6.807133,7.020924300879241
CHEMBL6014788,C=CC(=O)Nc1cccc(Nc2nc(Nc3cccc(OCC(=O)N4CCOCC4)c3)ncc2F)c1,7.2596374,1.0,7.080817514061928,6.9555507,7.0502996,7.065558579266071
CHEMBL257411,C[C@@H](Oc1cccc2ncnc(Nc3ccc4c(cnn4Cc4nccs4)c3)c12)C(=O)N1CCOCC1,6.436519,,6.509148531658309,6.80525,8.530887,7.520017590871879
CHEMBL4786003,COc1cc(/C=N/NC(=O)COc2nc(C)nc3c2c(C)nn3-c2ccccc2)cc(OC)c1OC,5.3788238,0.0,6.5467389689751645,6.686948,6.950953,6.748845987859775
CHEMBL4582195,O=C(CSC(=S)N1CCCCC1)Nc1cccc(NC(=O)c2ccccn2)c1,7.075721,1.0,6.595079614229791,6.6632395,6.075206,6.335142708573636
CHEMBL5187169,C=CC(=O)Nc1cccc(Nc2nc(Nc3ccc(SCC(=O)N4CCOCC4)cc3)ncc2Cl)c1,8.040958,1.0,7.549340694546699,7.2772627,7.601713,7.575526937544346
CHEMBL4521214,CCOc1cc2ncnc(Nc3ccc(F)c(Cl)c3)c2cc1OC(=O)CSc1ccccn1,7.154902,1.0,7.807668380697567,7.864946,7.809232,7.808450307826201
CHEMBL4562352,CCOc1cc2ncnc(Nc3ccc(F)c(Cl)c3)c2cc1OC(=O)CSc1cccnc1,9.2218485,1.0,7.957506445646286,8.13043,7.802331,7.879918708205222
CHEMBL5270336,CN1C(=O)c2ccc(NC(=O)CSc3nc4cc5ccccc5cc4c(=O)n3-c3ccc(S(N)(=O)=O)cc3)cc2C1=O,6.19382,,7.0786801159381865,6.2769594,7.5141835,7.29643181860447
CHEMBL4166412,NS(=O)(=O)c1ccc(-n2c(SCC(=O)Nc3cnc4ccccc4c3)nc3cc4ccccc4cc3c2=O)cc1,6.958607,,6.128995129805772,7.15605,6.766899,6.447947119346246
CHEMBL4556799,CCOc1cc2ncnc(Nc3ccc(F)c(Cl)c3)c2cc1OC(=O)CSc1nc2ccccc2n1C,7.920819,1.0,7.645356703559558,8.185939,7.9436836,7.7945201639135675
CHEMBL5398753,O=C(CSc1nc2ccccc2c(=O)n1CCc1ccccc1)Nc1ccc(S(=O)(=O)Nc2ccc(Cl)nn2)cc1,7.008774,1.0,6.329747256437937,5.5483723,6.5386906,6.434218911727269
CHEMBL5199520,NS(=O)(=O)c1ccc(CCn2c(SCC(=O)Nc3ccc(Cl)cc3)nc3ccccc3c2=O)cc1,6.69897,,6.499852918187777,5.6644154,6.012083,6.255967985888322
CHEMBL1944641,Cc1ccc(-n2c(SCC(=O)Nc3ccccc3Cl)nc3sc(C)c(C)c3c2=O)cc1,4.08831,0.0,5.9048149434157775,6.63633,6.1675363,6.036175601056644
CHEMBL6167751,Cc1ccc2nc(NC(=O)CSc3nc(O)c(C#N)c(-c4coc5ccccc5c4=O)n3)sc2c1,6.692504,,5.873499787549179,6.419407,6.2985635,6.086031633963188
CHEMBL4558356,CCOc1cc2ncnc(Nc3ccc(F)c(Cl)c3)c2cc1OC(=O)CSc1ncccn1,7.5686364,1.0,7.891429938077927,8.004174,7.706816,7.799123067259789
CHEMBL1946844,O=C(CSc1nc(O)nc(-c2ccc(Cl)cc2)n1)Nc1ccc(Cl)cc1,4.8860564,0.0,5.803661690553029,5.801772,6.010164,5.906912737290064
CHEMBL5572677,C=CCn1c(SCC(=O)Nc2ccc(C(=O)/C=C/c3ccc(Cl)cc3)cc2)nnc1-c1cc(-c2ccccc2)nc2ccccc12,5.8860564,0.0,6.332625186045965,6.3806243,6.31624,6.324432509938876
CHEMBL1944931,CCOC(=O)c1ccc(NC(=O)CSc2nnc(CNc3ccc(OC)cc3)n2-c2ccccc2)cc1,4.034328,0.0,5.620078931450844,5.310927,5.969212,5.794645493328572
CHEMBL5273124,CCOc1ccc2nc(NC(=O)CSc3nnc(Cc4c[nH]c5ccccc45)o3)sc2c1,5.552842,0.0,6.126745008438628,6.1801434,6.9549503,6.540847670540115
CHEMBL6132839,O=C(CSc1nnc(Nc2ccccc2)s1)N1N=C(c2ccccc2)CC1c1ccc([N+](=O)[O-])cc1,8.69897,1.0,5.356494382222492,5.81731,5.9305973,5.643545843760172
CHEMBL4530170,CCOc1cc2ncnc(Nc3ccc(F)c(Cl)c3)c2cc1OC(=O)CSc1nnnn1C,8.788377,1.0,8.011280699769657,7.7412543,7.876801,7.944040856858095
CHEMBL435831,O=C(Cc1c(SSc2[nH]c3ccccc3c2CC(=O)NCc2ccccc2)[nH]c2ccccc12)NCc1ccccc1,4.4202166,0.0,5.143199772834778,4.8628125,6.069566,5.606382772922515
CHEMBL3393072,O=C(Cc1c[nH]c2ccccc12)NNC(=S)Nc1ncccc1Br,5.071092,0.0,5.829628323316574,5.7965794,5.0054836,5.4175559753179545
CHEMBL4288482,C=CC(=O)Nc1cccc(Nc2nc(Nc3ccc(CC(=O)N4CCOCC4)cc3)ncc2Cl)c1,7.0150228,1.0,7.843433699011802,6.9917073,7.4971895,7.6703116104006765
CHEMBL4277822,C=CC(=O)Nc1cccc(Oc2nc(Nc3ccc(CC(=O)N4CCOCC4)cc3)ncc2Cl)c1,6.9978337,,7.109165176153183,6.7925363,7.1829805,7.146072856783867
CHEMBL4791960,CC(C)(C)c1cc(NC(=O)Cc2ccc(Nc3ncnc4[nH]c(-c5ccc(S(C)(=O)=O)cc5)cc34)cc2)no1,4.245805,0.0,6.6727787686387705,7.1731977,8.093036,7.382907233287892
CHEMBL4868797,Cn1cc(-c2cc3ncnc(Nc4ccc(CC(=O)Nc5cc(C(C)(C)C)nn5C)cc4)c3s2)cn1,3.7542653,0.0,6.361147848367691,6.8117695,6.714271,6.537709458470344
CHEMBL3741768,C#Cc1cccc(Nc2ncnc3cc(OCCOC(=O)C(C)c4ccc5cc(OC)ccc5c4)c(OCCOC(=O)C(C)c4ccc5cc(OC)ccc5c4)cc23)c1,6.4089355,,7.050532870093981,7.5346756,7.6498566,7.350194718738397
CHEMBL3740850,C#Cc1cccc(Nc2ncnc3cc(OCCOC(=O)C(C)c4ccc5cc(OC)ccc5c4)c(OCCOC)cc23)c1,7.1426673,1.0,7.056872856020927,7.5907907,8.022305,7.539588695466518
CHEMBL5182231,O=C(Cc1ccccc1)Nc1cccc(-c2nc3n(c2-c2ccnc(Nc4ccc(N5CCOCC5)cc4)n2)CCS3)c1,7.315114,1.0,7.4787425873676945,7.298792,7.34711,7.412926190992197
CHEMBL1090362,CCN1CCN(c2ccc(Nc3nccc(-c4c(-c5cccc(NC(=O)Cc6ccccc6)c5)nc5sccn45)n3)cc2)CC1,7.125906,1.0,7.6401445503830905,7.5910892,7.081921,7.361032825499773
CHEMBL1090356,O=C(Cc1ccccc1)Nc1cccc(-c2nc3sccn3c2-c2ccnc(Nc3ccc(N4CCOCC4)cc3)n2)c1,7.2006593,1.0,7.8235579776763915,7.563778,7.5356073,7.679582657814025
CHEMBL1090360,O=C(Cc1ccccc1)Nc1cccc(-c2nc3sccn3c2-c2ccnc(Nc3cccc(N4CCOCC4)c3)n2)c1,6.733241,,7.743152005672455,7.629683,7.584504,7.663828066587448
CHEMBL1090363,CN(C)CCc1cccc(Nc2nccc(-c3c(-c4cccc(NC(=O)Cc5ccccc5)c4)nc4sccn34)n2)c1,7.6197886,1.0,7.264584422111511,7.2039113,7.026214,7.145399272441864
CHEMBL1928956,O=C(Cc1cc(F)c(F)cc1F)Nc1cccc(Oc2cc(Nc3ccc(OCc4cccc(F)c4)c(Cl)c3)ncn2)c1,6.2027326,,6.7606761284669235,6.544494,6.5042086,6.632442346612612
CHEMBL2029691,O=C(Cc1ccc(F)cc1)Nc1cc(SC[C@@H](O)CO)cc([N+](=O)[O-])c1,4.3133636,0.0,5.143576942483584,4.7444468,5.189078,5.166327398320039
CHEMBL3741026,C#Cc1cccc(Nc2ncnc3cc(OCCOC(=O)C(C)c4ccc(CC(C)C)cc4)c(OCCOC)cc23)c1,8.045757,1.0,7.417838569084803,7.950853,8.095699,7.756768939693769
CHEMBL2093753,O=C(Cc1cccs1)Nc1cccc(-c2ccc3nnc(-c4cccnc4)n3n2)c1,7.102373,1.0,5.75971470574538,5.2982206,7.591131,6.675422958036265
CHEMBL3739771,C#Cc1cccc(Nc2ncnc3cc(OCCOC(=O)Cc4c(C)n(C(=O)c5ccc(Cl)cc5)c5ccc(OC)cc45)c(OCCOC(=O)Cc4c(C)n(C(=O)c5ccc(Cl)cc5)c5ccc(OC)cc45)cc23)c1,7.481486,1.0,7.005001341700554,7.244643,6.7956457,6.900323527753353
CHEMBL3740595,C#Cc1cccc(Nc2ncnc3cc(OCCOC(=O)Cc4c(C)n(C(=O)c5ccc(Cl)cc5)c5ccc(OC)cc45)c(OCCOC)cc23)c1,7.5686364,1.0,6.98261430601279,7.315856,7.66648,7.32454718520244
CHEMBL201307,COc1cc2c(Nc3ncc(CC(=O)Nc4cccc(F)c4)s3)ncnc2cc1OCCCN1CCC(CO)CC1,6.09691,,6.871788113650821,6.61808,6.7236066,6.79769735005356
CHEMBL5173408,O=C(Cc1csc2nc3ccccc3n12)Nc1cccc2ccccc12,5.6568384,0.0,5.322871314287186,5.1054764,5.1327496,5.2278104358911515
CHEMBL2029692,O=C(Cn1c(-c2ccccc2)cc(=O)n2ncnc12)NNC(=S)Nc1ccccc1,5.167491,0.0,6.846971805148654,6.483445,6.0319366,6.439454225328234
CHEMBL4463898,COc1cc2c(Nc3ccc(Br)cc3F)ncnc2cc1OCC1CCN(C(=O)Cn2cncc2[N+](=O)[O-])CC1,7.1379766,1.0,7.372532354658559,7.3601837,6.7675138,7.070023053321101
CHEMBL3903063,C=CC(=O)Nc1cccc(Nc2nc(Nc3ccc(NC(=O)Cn4ccnc4)cc3)ncc2[N+](=O)[O-])c1,6.9255495,,6.641424489617347,6.9637847,7.214978,6.92820135384798
CHEMBL521155,Nc1ncnc2c1ncn2CC(=O)c1c[nH]c2ccccc12,4.455932,0.0,6.129597995797792,6.226501,4.9895635,5.5595807304581
CHEMBL520515,Nc1ncnc2c1ncn2CC(=O)c1ccccc1,4.124939,0.0,6.076558098316192,5.9734063,4.990965,5.533761493921279
CHEMBL504135,Nc1ncnc2c1ncn2CC(=O)c1ccccn1,4.05061,0.0,6.0522742119630175,6.031755,5.0924606,5.572367422143618
CHEMBL501256,Nc1ncnc2c1ncn2CC(=O)c1cccnc1,4.031517,0.0,5.773514372428258,5.7742195,5.270878,5.522196105281512
CHEMBL485246,Nc1ncnc2ncn(CC(=O)c3c[nH]c4ccccc34)c12,4.086186,0.0,6.372105115969975,6.2035866,6.164374,6.268239495317141
CHEMBL5189340,CN(C)c1ccc(/C=N/NC(=O)Cn2nc(Cc3ccc(Cl)cc3)c3ccccc3c2=O)cc1,9.346787,1.0,5.773314396540325,5.548262,6.3063436,6.039828975995382
CHEMBL599047,O=C(Cn1sc2ccccc2c1=O)Nc1ccc2ncnc(Nc3cccc(Br)c3)c2c1,9.070581,1.0,7.553543626070023,7.8523235,7.2671003,7.410321980118752
CHEMBL603266,O=C(Cn1sccc1=O)Nc1ccc2ncnc(Nc3cccc(Br)c3)c2c1,9.443698,1.0,7.782623534202576,8.395525,7.230712,7.506667735576629
CHEMBL5832671,Cc1nc(F)ccc1[C@H](Nc1cc(Cl)c2ncc(C#N)c(NCC(C)(C)C)c2c1)C1=CN(C2(C(=O)N3CCCC3)CC2)NN1,8.30103,1.0,8.592069808244705,8.480069,8.543689,8.567879291176796
CHEMBL3353401,C=CC(=O)Nc1cc(Nc2ncc(Cl)c(-c3cnn4ccccc34)n2)c(OC)cc1N1CCN(C(=O)N2CCNCC2)CC1,3.6073031,0.0,4.138043473675137,4.3809023,5.067827,4.602935349203291
CHEMBL5884300,Cc1nc(F)ccc1[C@H](Nc1cc(Cl)c2ncc(C#N)c(NCC(C)(C)C)c2c1)C1=CN(C2(C(=O)N3CCOCC3)CC2)NN1,8.1549015,1.0,8.423236205577851,8.197777,8.148887,8.28606144309044
CHEMBL5796638,Cc1cc(C(=O)/N=c2\[nH]c3cc(CN4CCN(C)CC4)ccc3n2[C@H]2CCC[C@H](O)C2)cc(-c2cnn(C)c2)n1,6.6969976,,7.22510712146759,7.6976557,8.2380905,7.731598818302155
CHEMBL5863443,COc1ccncc1-c1cc(C(=O)/N=c2\[nH]c3cc(CN4CCOCC4)ccc3n2[C@H]2CC[C@@H](O)CC2)cc(C#N)n1,7.1882205,1.0,7.255276926755905,7.6424584,8.52193,7.888603333830833
CHEMBL5887634,COc1ccccc1-c1cc(C(=O)/N=c2\[nH]c3cc(C4CCCN(C(C)=O)C4)ccc3n2CC(C)(C)O)ccn1,8.1405,1.0,7.9614466634335965,7.768552,7.582913,7.772179792669557
CHEMBL5979912,CC(C)(O)Cn1/c(=N/C(=O)c2ccnc(-c3cccnc3)c2)[nH]c2cc(C3CCCOC3)ccc21,7.4519973,1.0,7.308372734904289,7.0093126,7.487896,7.39813435024023
CHEMBL5865099,Cn1cc(-c2cc(C(=O)/N=c3\[nH]c4cc(C5CCCOC5)ccc4n3CC(C)(C)O)ccn2)cn1,7.0264106,1.0,7.4080860744118695,7.2493505,6.633836,7.020960933476687
CHEMBL5864704,Cn1cc(-c2cc(C(=O)/N=c3\[nH]c4cc(C5CCN(C6CC6)CC5)ccc4n3CC(C)(C)O)ccn2)cn1,6.224961,,7.646067310588701,7.5225825,7.555421,7.600744093069009
CHEMBL5969655,COc1ccccc1-c1cc(C(=O)/N=c2\[nH]c3cc(C4CCN(C(C)=O)C4)ccc3n2CC(C)(C)O)ccn1,8.0367,1.0,7.982754631334826,7.8336315,7.8860044,7.934379539635919
CHEMBL5994478,CN1CCC(c2ccc3c(c2)[nH]/c(=N\C(=O)c2ccnc(-c4cnn5cccnc45)c2)n3CC(C)(C)O)CC1,8.522879,1.0,7.516015999615193,7.402918,7.896169,7.70609259262681
CHEMBL5809520,CN1CCC(c2ccc3c(c2)[nH]/c(=N\C(=O)c2ccnc(-n4cnc5cccc(F)c54)c2)n3CC(C)(C)O)CC1,7.5934596,1.0,7.370000658035278,7.6963034,7.934214,7.65210738658905
CHEMBL5969707,Cc1cc(C(=O)/N=c2\[nH]c3ccc(C4CCN(C)CC4)cc3n2[C@H]2CC[C@@H](O)CC2)cc(-c2cnn(C)c2)n1,9.39794,1.0,8.463008471131324,8.217127,7.963064,8.213036332428455
CHEMBL5750984,CC(C)(O)Cn1/c(=N/C(=O)c2ccnc(-c3cccnc3)c2)[nH]c2cc(CC(=O)N3CCCCC3)ccc21,6.74958,,7.06279757698377,6.9106765,7.3673334,7.21506549457709
CHEMBL5849722,Cc1cc(C(=O)/N=c2\[nH]c3ccc(CN4CCN(C)CC4)cc3n2CC(C)(C)O)cc(-c2cnn(C)c2)n1,6.505396,,7.134020191232364,7.41811,7.825375,7.479697635670503
CHEMBL5788210,COc1ccccc1-c1cc(C(=O)/N=c2\[nH]c3cc(CN4CCOCC4)ccc3n2CC(C)(C)O)ccn1,8.168999,1.0,7.712834828320004,7.579301,7.7951584,7.753996607275236
CHEMBL5821463,Cc1cc(C(=O)/N=c2\[nH]c3ccc(CN4CCOCC4)cc3n2CC(C)(C)O)cc(-c2cnn(C)c2)n1,7.266803,1.0,7.044889590144157,7.3194003,7.2379336,7.1414116129279135
CHEMBL6022600,CC(C)N1CCN(c2ccc3c(c2)[nH]/c(=N\C(=O)c2ccnc(-c4cccnc4)c2)n3CC(C)(C)O)CC1,6.6635404,,7.089863353411357,7.12074,7.171259,7.130561139901479
CHEMBL5742207,CC(C)(O)Cn1/c(=N/C(=O)c2ccnc(-c3cccn4cnnc34)c2)[nH]c2ccccc21,6.0231876,,7.161588214635849,6.9550314,7.032045,7.096816551089287
CHEMBL6015235,CC(C)(O)Cn1/c(=N/C(=O)c2ccnc(-c3cnn4ccccc34)c2)[nH]c2ccccc21,7.6101513,1.0,7.102090961933136,7.396454,7.0943756,7.098233286142349
CHEMBL5755984,CC(C)(O)Cn1/c(=N/C(=O)c2ccnc(-c3cnn4cccnc34)c2)[nH]c2ccccc21,6.534977,,7.136353886127472,6.9232845,6.930749,7.033551412820816
CHEMBL5968872,CC(C)(O)Cn1/c(=N/C(=O)c2ccnc(-n3cnc4ccccc43)c2)[nH]c2ccccc21,6.868917,,7.211808534860611,7.360236,7.047266,7.129537270665169
CHEMBL5932930,Cn1cc(-c2cc(C(=O)/N=c3\[nH]c4ccccc4n3C3CCC3)ccn2)cn1,6.9914,,7.433481092410425,7.398982,7.49618,7.46483057496803
CHEMBL5960825,O=C(/N=c1\[nH]c2ccccc2n1C1CCCC1)c1ccnc(-c2cccnc2)c1,7.17134,1.0,7.299813156173342,7.1324096,6.331893,6.815853061698732
CHEMBL6017480,O=C(/N=c1\[nH]c2ccccc2n1[C@H]1CC[C@@H](O)CC1)c1ccnc(-c2cccn3ncnc23)c1,6.457692,,6.614957588156066,7.062713,7.3030405,6.9589990463058164
CHEMBL5785378,O=C(/N=c1\[nH]c2ccccc2n1[C@H]1CC[C@@H](O)CC1)c1ccnc(-c2ccncc2)c1,7.465536,1.0,7.3680951753258705,7.3518105,7.155328,7.261711486130952
CHEMBL6025269,O=C(/N=c1\[nH]c2ccccc2n1[C@H]1CC[C@@H](O)CC1)c1ccnc(-c2cnn3c2OCC(F)(F)C3)c1,7.497904,1.0,7.491486525163764,7.6614366,7.6943617,7.592924105935154
CHEMBL5934422,O=C(/N=c1\[nH]c2ccccc2n1[C@H]1CC[C@@H](O)CC1)c1ccnc(-c2coc3cccnc23)c1,6.689126,,7.178026047945022,7.418089,7.1719775,7.1750017839670175
CHEMBL5847689,Cn1cc(-c2cc(C(=O)/N=c3\[nH]c4ccccc4n3C3CCC[S+]([O-])C3)ccn2)cn1,7.485452,1.0,7.152351588584128,7.286239,7.8779664,7.515158996272655
CHEMBL460746,O=C(NC(=S)Nc1ccc(O)c(-c2nc3ccccc3s2)c1)c1ccc([N+](=O)[O-])cc1,6.552842,,5.543499399423599,5.27668,5.949353,5.746426308751106
CHEMBL584,Cc1c(O)cccc1C(=O)N[C@@H](CSc1ccccc1)[C@H](O)CN1C[C@H]2CCCC[C@H]2C[C@H]1C(=O)NC(C)(C)C,4.2546988,0.0,5.456213387250901,5.3796673,5.673482,5.564847664237023
CHEMBL6055178,COc1ccccc1C(=O)NC1(c2ccc(-c3nn(C4CCCC4)c4ncnc(N)c34)cc2)CC1,5.2596374,0.0,5.866745834946633,6.0289807,5.704936,5.785840931236744
CHEMBL4635625,C[C@@H]1[C@@H]2CN(c3nc(Nc4cnn(C)c4)ncc3F)C[C@]12NC(=O)[C@@H]1CC1(F)F,5.386158,0.0,6.582793594400089,6.8349853,7.8562093,7.219501436253389
CHEMBL3765815,COCCOc1cc2ncnc(Nc3ccc(C(=O)NC45CC6CC(CC(C6)C4)C5)cc3)c2cc1OCCOC,8.11884,1.0,7.66820858001709,7.4421964,7.505875,7.5870418453216555
CHEMBL5274657,O=C(NC1=NC2C(=O)NN=C(c3ccc(Br)cc3)C2S1)Nc1ccc(Cl)cc1,7.09691,1.0,5.786050750593344,5.7503204,5.988153,5.887101865698893
CHEMBL566559,CCC1=C2C(Nc3ccc4c(cnn4Cc4ccccc4)c3)=NC=NC2N=C1NC(=O)OCC1CCCCN1,7.3467875,1.0,7.151635605096817,7.0660357,7.3932247,7.272430160641671
CHEMBL584714,CCC1=C2C(Nc3ccc4c(cnn4Cc4ccccc4)c3)=NC=NC2N=C1NC(=O)OCC1CCCNC1,7.4202166,1.0,7.009312617778778,6.629988,7.518263,7.263787740468979
CHEMBL583218,CCC1=C2C(Nc3ccc4c(cnn4Cc4ccccc4)c3)=NC=NC2N=C1NC(=O)OCC1CCNCC1,7.5228786,1.0,7.017009340524673,6.6963983,7.722617,7.36981324493885
CHEMBL578044,CCC1=C2C(Nc3ccc4c(cnn4Cc4ccccc4)c3)=NC=NC2N=C1NC(=O)OCCC1CCNCC1,7.3565474,1.0,6.990020875930786,6.6804633,7.6073217,7.298671307563781
CHEMBL566350,CCC1=C2C(Nc3ccc4c(cnn4Cc4ccccc4)c3)=NC=NC2N=C1NC(=O)OCCN1CCCCC1,7.4202166,1.0,7.072158156633377,6.975193,7.688905,7.380531459450722
CHEMBL565714,CCC1=C2C(Nc3ccc4c(cnn4Cc4ccccc4)c3)=NC=NC2N=C1NC(=O)OCCN1CCNCC1,7.6777806,1.0,6.927214630842209,7.1399784,7.8310604,7.379137520194053
CHEMBL578255,CCC1=C2C(Nc3ccc4c(cnn4Cc4ccccc4)c3)=NC=NC2N=C1NC(=O)OCCN1CCOCC1,6.954677,,6.945989832878113,7.0956326,7.671945,7.308967463970184
CHEMBL566337,CCC1=C2C(Nc3ccc4c(cnn4Cc4ccccc4)c3)=NC=NC2N=C1NC(=O)OCCn1ccnc1,7.39794,1.0,6.766098384261131,6.7705092,7.4457674,7.105932893455028
CHEMBL1242115,CC(C)n1nc(-c2cccc(C(=O)NC3=NCCS3)c2)c2c(N)ncnc21,6.2373214,,5.5852090386549635,5.445083,5.456957,5.5210829510291415
CHEMBL6188992,N#Cc1c(N)sc(C(=O)NC2=NN=C(O)/C2=C(\C=C\c2ccccc2)c2ccccc2)c1N,6.49485,,4.9526612168550495,5.430651,5.364897,5.15877899557352
CHEMBL5762278,C=CC(=O)Nc1cccc(Nc2nc(Nc3ccccc3)ncc2C(=O)NC2CC2)c1,7.2596374,1.0,6.959378061095873,6.531492,7.4402194,7.199798731704552
CHEMBL335012,CO[C@H]1[C@@H](N(C)C(=O)c2cccnc2)C[C@@H]2O[C@@]1(C)n1c3ccccc3c3c4c(c5c6ccccc6n2c5c31)C(=O)NC4,5.087247,0.0,5.643638255357741,5.5196157,5.979899,5.811768592476844
CHEMBL337297,CO[C@H]1[C@@H](N(C)C(=O)c2cnccn2)C[C@@H]2O[C@@]1(C)n1c3ccccc3c3c4c(c5c6ccccc6n2c5c31)C(=O)NC4,5.087247,0.0,6.9675409217514686,6.4106803,6.131258,6.549399466307863
CHEMBL589503,O=C(NC1CCCC1)c1ccc(N(CCCl)CCCl)cc1,4.452348,0.0,5.17293688927378,5.315842,4.532063,4.852499948314258
CHEMBL4568087,Cn1cc(-c2cnc3c(-c4csc(C(=O)N[C@@H]5CCCC[C@@H]5N)c4)cnn3c2)cn1,6.468521,,6.574248789599964,6.3906245,6.8080754,6.691162108804498
CHEMBL6043125,NC(=O)c1ncc(N2CCCC[C@@H](NC(=O)C3CC3)C2)nc1Nc1ccc(C2CCN(C3CCCC3)CC2)cc1,6.2596374,,6.2522153737147645,5.934875,6.396087,6.324151271680991
CHEMBL5831010,NC(=O)c1ncc(N2CCC[C@@H](NC(=O)C3CC3)C2)nc1Nc1ccc(C2CCN(C3CCCC3)CC2)cc1,5.2596374,0.0,6.28030444641908,5.872296,5.9049435,6.092623956302802
CHEMBL5876937,NC(=O)c1ncc(N2CCC[C@@H](NC(=O)c3ccccc3)C2)nc1Nc1ccc(C2CCN(C3CCCC3)CC2)cc1,6.2596374,,6.17250201533238,5.860825,6.928739,6.550620543112357
CHEMBL5840304,NC(=O)c1ncc(N2CCC[C@@H](NC(=O)c3cncc(F)c3)C2)nc1Nc1ccc(C2CCN(C3CCCC3)CC2)cc1,6.2596374,,6.386894212092673,6.685715,7.754569,7.070731632871288
CHEMBL5792750,NC(=O)c1nnc(N2CCC[C@@H](NC(=O)c3ccc4ncccc4c3)C2)nc1Nc1ccc(C(=O)N2CCOCC2)cc1,5.2596374,0.0,6.061780294974644,6.698076,7.448521,6.755150716106097
CHEMBL5946888,CCOc1ccc(C(=O)N[C@@H]2CCCN(c3nnc(C(N)=O)c(Nc4ccc(C5=NCCN5C)cc4)n3)C2)cc1,5.2596374,0.0,5.786692703962326,5.8489833,5.866023,5.8263578838109975
CHEMBL5796215,NC(=O)c1nnc(N2CCC[C@@H](NC(=O)N3CCCCC3)C2)nc1Nc1ccc(C2CCN(C3CCCC3)CC2)cc1,6.2596374,,6.314524906873703,6.026054,6.1424685,6.2284966796636585
CHEMBL5968385,CCOc1ccc(C(=O)N[C@@H]2CCCN(c3nnc(C(N)=O)c(Nc4ccc(C(=N)N(C)C)cc4)n3)C2)cc1,5.2596374,0.0,5.5068550038337705,5.7523937,5.71411,5.610482450723648
CHEMBL3678946,CC(C)n1c(Nc2ccccc2)nc2cnc(Nc3ccc(C(=O)NC4CCN(C)CC4)cc3)nc21,9.0,1.0,7.389349510173004,7.284713,7.0463176,7.217833543767532
CHEMBL2312649,CN1CCC(NC(=O)c2cnc(Nc3cc(Cl)cc(Cl)c3)nc2NC2CCC(N(C)C)CC2)CC1,4.5228786,0.0,6.0785216075976685,6.0316286,6.907043,6.49278229389588
CHEMBL2312652,CN1CCC(NC(=O)c2cnc(Nc3cc(Cl)cc(Cl)c3)nc2N[C@@H]2COC[C@H]2O)CC1,4.5228786,0.0,6.5142135290872485,6.485803,6.703598,6.608905775774093
CHEMBL5434067,CC[C@H](C)Nc1cc(Nc2ccnc(-c3cnn(S(=O)(=O)C4CC4)c3)n2)ncc1C(=O)NC1CCOCC1,7.853872,1.0,7.725899289250374,7.5300193,7.937709,7.831804071962834
CHEMBL253969,NC(=O)c1c(OCc2c(F)cc(Br)cc2F)nsc1NC(=O)NCCCCN1CCCC1,5.2325916,0.0,6.414660489251283,6.746735,6.541993,6.4783268152127995
CHEMBL2312303,O=C(NCCCN1CCCC1=O)c1cnc(NCc2cc(Cl)ccc2Cl)nc1NC1CCCC1,5.3675427,0.0,5.7609948572488054,6.084346,6.0343003,5.897647592274915
CHEMBL1081849,Cc1c(C(=O)NCCCN2CCN(C)CC2)[nH]c2cnnc(Nc3ccc(OCc4cccc(F)c4)c(Cl)c3)c12,6.008774,,6.595972967147827,7.0709867,7.529416,7.062694525718689
CHEMBL2312304,O=C(NCCCN1CCOC1=O)c1cnc(NCc2cc(Cl)ccc2Cl)nc1NC1CCCC1,5.3882766,0.0,5.767643829481943,6.139634,6.0759134,5.921778629371099
CHEMBL193681,CCc1c(C(=O)NCCCn2ccnc2)cn2ncnc(Nc3ccc4c(cnn4Cc4ccccc4)c3)c12,7.39794,1.0,7.049756180524826,7.1210976,7.255885,7.152820652365684
CHEMBL3092308,O=C(NCCN1CCCC1)Nc1cc2c(Nc3ccc(F)c(Cl)c3)ncnc2cc1O[C@H]1CCOC1,7.1910806,1.0,6.546773943106333,6.8787665,6.3217597,6.43426682194074
CHEMBL1080272,O=C(NCCN1CCCC1)c1cc2cnnc(Nc3ccc(OCc4cccc(F)c4)c(Cl)c3)c2[nH]1,4.8198743,0.0,6.633085643410683,7.0399795,5.4979696,6.065527635395528
CHEMBL3092309,O=C(NCCN1CCCCC1)Nc1cc2c(Nc3ccc(F)c(Cl)c3)ncnc2cc1O[C@H]1CCOC1,6.5661044,,6.548779570261637,6.8787665,8.084397,7.31658844312032
CHEMBL3814021,O=C(NCCN1CCCCC1)Nc1ccc2ncnc(Nc3ccc(OCc4cccc(F)c4)c(Cl)c3)c2c1,5.6579633,0.0,7.393296738366286,7.382051,7.53724,7.465268383373816
CHEMBL1082012,Cc1c(C(=O)NCCN2CCN(C)CC2)[nH]c2cnnc(Nc3ccc(OCc4cccc(F)c4)c(Cl)c3)c12,6.590067,,6.618083083033562,6.9945507,8.261273,7.4396782335639
CHEMBL3092310,O=C(NCCN1CCOCC1)Nc1cc2c(Nc3ccc(F)c(Cl)c3)ncnc2cc1O[C@H]1CCOC1,7.197995,1.0,6.596221324125926,6.9019876,8.079922,7.338071523269018
CHEMBL4288374,O=C(NCCN1CCOCC1)Nc1ccc(-c2cc3c(Nc4ccc(Oc5cccc(C(F)(F)F)c5)c(Cl)c4)ncnc3s2)cc1,7.0376306,1.0,7.338645198941231,7.4206843,8.16977,7.754207719862461
CHEMBL3814460,O=C(NCCN1CCOCC1)Nc1ccc2ncnc(Nc3ccc(OCc4cccc(F)c4)c(Cl)c3)c2c1,6.5867004,,7.387379430194696,7.2617726,7.538792,7.463085781762997
CHEMBL1080506,Cc1c(C(=O)NCCN2CCOCC2)[nH]c2cnnc(Nc3ccc(OCc4cccc(F)c4)c(Cl)c3)c12,5.0994697,0.0,6.586561407645543,6.7951274,7.4597487,7.023155076305072
CHEMBL1080812,Cc1c(C(=O)NCCN2CCOCC2)[nH]c2cnnc(Nc3ccc(OCc4ccccn4)c(Cl)c3)c12,6.0619807,,6.669874084790547,7.0829473,7.149844,6.909859127203623
CHEMBL5290094,COc1cccc(-c2cc(=O)c3ccccc3o2)c1NC(=O)OCCOC(=O)NCCN(C)CCN/N=N/c1ccc2c(Nc3cccc(Cl)c3)ncnc2c1,6.9914,,6.593700292309125,6.7999163,6.65687,6.625285090307394
CHEMBL5594919,C=CC(=O)Nc1cc(Nc2nccc(-c3cn(C)c4ccccc34)n2)c(OC)cc1N(C)CCN(C)C(=O)c1ccc(Br)cc1,7.90309,1.0,6.903449185689291,6.829086,7.6291156,7.2662823836008705
CHEMBL5087139,C=CC(=O)Nc1cc(Nc2nccc(Nc3cn(C)c4ccccc34)n2)c(OC)cc1N(C)CCN(C)C(=O)c1ccc(Br)cc1,7.211929,1.0,6.748498074611028,6.853521,7.708826,7.228662069837252
CHEMBL5401490,Cn1cc(-c2ccnc(Nc3cccc(C(=O)NCCOCCn4ccnc4[N+](=O)[O-])c3)n2)c2ccccc21,6.087247,,6.042738366127014,6.4054446,6.089188,6.065963232517243
CHEMBL3671494,C=CC(=O)Nc1cc2c(Nc3ccc(Br)cc3F)ncnc2cc1OCCNC(=O)C1CC1,8.09691,1.0,7.081554123163223,6.9744697,7.589078,7.335316036343574
CHEMBL3671569,C=CC(=O)Nc1cc2c(Nc3ccc(Br)cc3F)ncnc2cc1OCCNC(=O)c1ccc[nH]1,6.434152,,7.375710077683131,7.3510704,7.749808,7.5627589561541875
CHEMBL3671562,C=CC(=O)Nc1cc2c(Nc3ccc(Br)cc3F)ncnc2cc1OCCNC(=O)c1cccs1,7.3279023,1.0,7.367525320053101,7.440124,7.73645,7.5519877576828005
CHEMBL5267773,Cc1c(C(=O)NCCc2ccc(N3CCCC3C)cc2)[nH]c2ccc(Cl)cc12,7.031517,1.0,6.520904643972714,6.6431174,6.080389,6.300646833399931
CHEMBL5287016,CCc1c(C(=O)NCCc2ccc(N3CCCCC3)cc2)[nH]c2ccc(C)cc12,6.931814,,6.900243136882782,7.229787,5.6609254,6.280584262609482
CHEMBL49350,O=C(NCCc1ccccc1)c1cc2ccc(O)c(O)c2cn1,5.853872,0.0,5.774858844291081,6.14268,5.8820972,5.828478044276888
CHEMBL523586,NC[C@H](Cc1cccc(F)c1)NC(=O)c1cc(Br)c(-c2ccnc3[nH]ccc23)s1,5.0,0.0,6.7953448222442105,6.708703,5.787146,6.291245456852696
CHEMBL5589706,C=CC(=O)Nc1cc2c(Oc3ccc(NC(=O)NCCc4csc(Br)c4)cc3F)ncnc2cc1OC,5.752736,0.0,6.201613622903824,6.3880634,6.08484,6.1432267218828205
CHEMBL2048911,O=C(NCCn1ccc2ncnc(Nc3ccc(Oc4cccc5sncc45)c(Cl)c3)c21)[C@@H]1CCCN1,8.522879,1.0,8.077269694288571,8.130244,6.911784,7.494526933173338
CHEMBL6052743,Cc1ncsc1-c1ccc(CNC(=O)[C@@H]2C[C@@H](O)CN2C(=O)[C@H](C(C)C)N2Cc3ccccc3C2=O)c(OCCN2CCN(Cc3ccc(-c4cc5c(NCc6ccccc6Cl)ncnc5[nH]4)cc3)CC2)c1,5.5155253,0.0,7.025049715936184,7.4359064,7.9032836,7.464166655987501
CHEMBL6009455,Cc1ncsc1-c1ccc(CNC(=O)[C@@H]2C[C@@H](O)CN2C(=O)[C@H](C(C)C)N2Cc3ccccc3C2=O)c(OCCOCCN2CCN(Cc3ccc(-c4cc5c(NCc6ccccc6Cl)ncnc5[nH]4)cc3)CC2)c1,5.721849,0.0,7.008767256021501,7.3662696,8.21276,7.610763613820076
CHEMBL5832939,Cc1ncsc1-c1ccc(CNC(=O)[C@@H]2C[C@@H](O)CN2C(=O)[C@H](C(C)C)N2Cc3ccccc3C2=O)c(OCCOCCOCC#Cc2cccc3c2C(=O)N([C@@H](C(=O)Nc2nccs2)c2cc(F)ccc2O)C3)c1,5.4063807,0.0,7.684210297964866,7.593163,7.6291885,7.656699417781262
CHEMBL5877593,Cc1ncsc1-c1ccc(CNC(=O)[C@@H]2C[C@@H](O)CN2C(=O)[C@H](C(C)C)N2Cc3ccccc3C2=O)c(OCCOCCOCCN2CCN(Cc3ccc(-c4cc5c(NCc6ccccc6Cl)ncnc5[nH]4)cc3)CC2)c1,5.5583396,0.0,7.008767256021501,7.3662696,7.8661757,7.437471453785896
CHEMBL6057717,Cc1ncsc1-c1ccc(CNC(=O)[C@@H]2C[C@@H](O)CN2C(=O)[C@H](C(C)C)N2Cc3ccccc3C2=O)c(OCCOCCOCCOCC#Cc2cccc3c2C(=O)N([C@@H](C(=O)Nc2nccs2)c2cc(F)ccc2O)C3)c1,5.353872,0.0,7.684210297964866,7.593163,7.2204742,7.452342270564465
CHEMBL6039443,Cc1ncsc1-c1ccc(CNC(=O)[C@@H]2C[C@@H](O)CN2C(=O)[C@H](C(C)C)N2Cc3ccccc3C2=O)c(OCCOCCOCCOCCN2CCN(Cc3ccc(-c4cc5c(NCc6ccccc6Cl)ncnc5[nH]4)cc3)CC2)c1,5.7292104,0.0,7.008767256021501,7.3662696,7.922112,7.465439622044563
CHEMBL5854281,Cc1ncsc1-c1ccc(CNC(=O)[C@@H]2C[C@@H](O)CN2C(=O)[C@H](C(C)C)N2Cc3ccccc3C2=O)c(OCCOCCOCCOCCOCC#Cc2cccc3c2C(=O)N([C@@H](C(=O)Nc2nccs2)c2cc(F)ccc2O)C3)c1,5.6777806,0.0,7.684210297964866,7.593163,7.771,7.727605103206066
CHEMBL5860671,Cc1ncsc1-c1ccc(CNC(=O)[C@@H]2C[C@@H](O)CN2C(=O)[C@H](C(C)C)N2Cc3ccccc3C2=O)c(OCCOCCOCCOCCOCCN2CCN(Cc3ccc(-c4cc5c(NCc6ccccc6Cl)ncnc5[nH]4)cc3)CC2)c1,5.4051147,0.0,7.008767256021501,7.3662696,7.62971,7.319238726735115
CHEMBL6053847,Cc1ncsc1-c1ccc(CNC(=O)[C@@H]2C[C@@H](O)CN2C(=O)[C@H](C(C)C)N2Cc3ccccc3C2=O)c(OCCOCCOCCOCCOCCOCC#Cc2cccc3c2C(=O)N([C@@H](C(=O)Nc2nccs2)c2cc(F)ccc2O)C3)c1,5.49485,0.0,7.684210297964866,7.593163,7.6221256,7.653167961787609
CHEMBL5932695,Cc1ncsc1-c1ccc(CNC(=O)[C@@H]2C[C@@H](O)CN2C(=O)C(C(C)C)N2Cc3ccccc3C2=O)c(OCCOCCOCCOCCOc2ccc(-c3nccc(Nc4cc5c(cn4)nc(C)n5C(C)C)n3)cc2)c1,4.8723636,0.0,6.868812958929274,6.299611,7.870405,7.369609078036414
CHEMBL5864041,COc1ccccc1C(=O)NCc1ccc(-c2nn([C@H]3C=C[C@H](n4ccnn4)C3)c3ncnc(N)c23)cc1,5.2596374,0.0,5.481111159903662,5.748562,6.590122,6.035616691402026
CHEMBL5864713,COc1ccccc1C(=O)NCc1ccc(-c2nn(C3C=CCCC3)c3ncnc(N)c23)cc1,7.2596374,1.0,5.6008012671357115,5.766433,5.400262,5.500531573051498
CHEMBL5852751,COc1ccccc1C(=O)NCc1ccc(-c2nn(C3CC4CC4C3)c3ncnc(N)c23)cc1,7.2596374,1.0,5.974131126006444,5.799045,6.3866973,6.1804142091671626
CHEMBL6032445,COc1ccccc1C(=O)NCc1ccc(-c2nn(C3CC=CC3)c3ncnc(N)c23)cc1,6.2596374,,5.87361020411764,5.8439584,6.3327203,6.1031652419056215
CHEMBL6004855,COc1ccccc1C(=O)NCc1ccc(-c2nn(C3CCC(OC(=O)c4ccc(C)cc4)CC3)c3ncnc(N)c23)cc1,6.2596374,,6.188026589155197,6.1502542,6.735821,6.461923679709434
CHEMBL5885178,COc1ccccc1C(=O)NCc1ccc(-c2nn(C3CCC4(C3)OCCO4)c3ncnc(N)c23)cc1,6.2596374,,6.048859744469325,5.9226074,5.687113,5.867986276348432
CHEMBL5976861,COc1ccccc1C(=O)NCc1ccc(-c2nn(C3CCC4(CC3)OCCO4)c3ncnc(N)c23)cc1,6.2596374,,6.040910810232162,6.1375566,6.298772,6.169841334223747
CHEMBL5879924,COc1ccccc1C(=O)NCc1ccc(-c2nn([C@@H]3C[C@@H](O)C4CC43)c3ncnc(N)c23)cc1,6.2596374,,5.826189901431402,5.86825,6.112225,5.969207478562991
CHEMBL5775095,Nc1ncnc2c1c(-c1ccc(CNC(=O)c3cc4ccccc4[nH]3)cc1)nn2C1CCCC1,5.2596374,0.0,5.673945976694424,6.4213037,6.153196,5.913570917348066
CHEMBL6031875,COc1ccc2ccccc2c1C(=O)NCc1ccc(-c2nn(C3CCCC3)c3ncnc(N)c23)cc1,5.2596374,0.0,5.476300712426503,5.826689,7.560065,6.51818275252978
CHEMBL5927148,Nc1ncnc2c1c(-c1ccc(CNC(=O)c3cccc4cccnc34)cc1)nn2C1CCCC1,6.2596374,,5.488303301334381,6.10523,6.277473,5.882888137102126
CHEMBL5893885,COc1ccccc1C(=O)NCc1ccc(-c2nn(C3CCCO3)c3ncnc(N)c23)cc1,5.2596374,0.0,5.724907420714697,5.5652313,5.3844924,5.554699909011523
CHEMBL6030089,COc1ccccc1C(=O)NCc1ccc(-c2nn(C3CCCOC3)c3ncnc(N)c23)cc1,5.2596374,0.0,5.94955213878552,5.7179713,5.864079,5.906815568675597
CHEMBL6004439,COc1ccccc1C(=O)NCc1ccc(-c2nn(C3CCOCC3)c3ncnc(N)c23)cc1,6.2596374,,5.921181706825892,5.707032,6.108903,6.015042319019635
CHEMBL5882138,COc1ccccc1C(=O)NCc1ccc(-c2nn([C@@H]3CCc4ccccc43)c3ncnc(N)c23)cc1,6.2596374,,5.725210752805074,5.7915792,6.259474,5.992342276732127
CHEMBL5917549,COc1ccccc1C(=O)NCc1ccc(-n2nc(C3CCCC3)c3ncnc(N)c32)cc1,7.2596374,1.0,6.66752644220988,6.1295347,5.6336193,6.15057287534078
CHEMBL461967,COc1cc2ncnc(Nc3ccc(F)c(Cl)c3)c2cc1CNC(=O)[C@H]1CCCCN1C,8.09691,1.0,7.783373679411788,7.623841,8.541154,8.162263793593834
CHEMBL4103464,O=C(NCc1ccccc1)Nc1ccc2ncnc(Nc3cccc(Br)c3)c2c1,8.05061,1.0,7.516923531194529,7.4124923,8.33566,7.926291755984227
CHEMBL51485,CN1CCN(CCCNc2ncc3cc(-c4c(Cl)cccc4Cl)c(NC(=O)NCc4ccccc4)nc3n2)CC1,6.008774,,6.579662608810834,6.943123,8.30163,7.440646314476218
CHEMBL589847,O=C(NCc1ccccc1)c1ccc(N(CCCl)CCCl)cc1,4.756714,0.0,5.289356483817101,5.0818233,4.6471615,4.968258983790875
CHEMBL6120815,CSc1nc(-c2cccc(NC(=O)c3ccccc3CNC(=O)c3ccccc3C(=O)O)c2)c(-c2ccnc(NC(C)=O)c2)[nH]1,6.1366773,,6.958336570262909,6.643104,6.2457113,6.602023948431015
CHEMBL3088218,Cc1ncc([N+](=O)[O-])n1C/C(=N/NC(=O)c1ccncc1)c1ccc(Br)cc1,5.086716,0.0,5.608240547180176,5.7711024,5.450256,5.529248208999634
CHEMBL4241867,O=C(N/N=C1\CC2(CCCC2)Oc2ccccc21)Nc1ccc(Cl)cc1,5.7212462,0.0,5.283968211015066,5.213778,6.4767947,5.880381465355555
CHEMBL4241486,O=C(N/N=C1\CC2(CCCCC2)Oc2c1ccc1ccccc21)C1C2CC3CC(C2)CC1C3,5.920819,0.0,5.486903342008591,5.4744883,6.140212,5.813557700514794
CHEMBL5271803,CN(C)CCn1cccc1/C=N/NC(=O)Nc1cc2c(Nc3ccc(F)c(Cl)c3)ncnc2cc1O[C@H]1CCOC1,9.276421,1.0,7.956507254004476,7.5255632,6.543029,7.249768042743205
CHEMBL4064776,O=C(N/N=C/c1ccc(O)cc1)Nc1cc2c(Nc3ccc(F)c(Cl)c3)ncnc2cc1O[C@H]1CCOC1,7.251812,1.0,7.618789989550908,7.6896577,7.547591,7.583190599481265
CHEMBL4279863,O=C(N/N=C/c1cccn1CCCN1CCCC1)Nc1ccc(Oc2ccnc3[nH]ccc23)cc1,4.3467875,0.0,6.542657696704071,6.357551,7.882852,7.212754887094101
CHEMBL4229213,O=C(N/N=C/c1cccs1)N1CCc2ncnc(Nc3ccc(F)c(Cl)c3)c2C1,7.20412,1.0,7.243826259175937,7.4847307,7.8480816,7.545953923960527
CHEMBL1944929,C=CCn1c(N)c(C(=O)N/N=C/c2cccs2)sc1=S,4.180456,0.0,5.928589391112328,5.5443444,6.36797,6.14827969044447
CHEMBL570709,CN(/N=N/c1ccc2ncnc(Nc3cccc(Cl)c3)c2c1)C(=O)Oc1ccc([N+](=O)[O-])cc1,6.113509,,6.4445292792717614,6.3169446,7.9536724,7.19910084416469
CHEMBL1944925,O=C(NNC(=O)c1ncc(Cc2ccsc2)s1)Nc1ccccc1,4.3882766,0.0,6.385304286268023,5.9440174,7.1978803,6.791592277182474
CHEMBL1944927,CCc1ccc(C(=O)NNc2ccc(Cl)cc2C)cc1,4.183096,0.0,5.242699788649877,5.148735,4.661973,4.952336394111315
CHEMBL1379917,O=C(Nc1cc(N2CCOCC2)ncn1)c1ccc(F)cc1,7.041694,1.0,6.654842657446861,6.9089775,5.219277,5.937059781253337
CHEMBL4777554,O=C(Nc1cc2c(Nc3ccc(OCC4CC4)c(Cl)c3)ncnc2cc1OCCCN1CCOCC1)c1cc([N+](=O)[O-])ccc1F,6.7644715,,7.118587937116622,6.998627,7.773554,7.446070892691612
CHEMBL4749765,O=C(Nc1cc2c(Nc3ccc(OCc4cccc(F)c4)c(Cl)c3)ncnc2cc1OCCCN1CCOCC1)c1cc([N+](=O)[O-])ccc1F,7.552842,1.0,6.999571127295494,6.897534,8.126314,7.56294264525175
CHEMBL4747893,O=C(Nc1cc2c(Nc3ccc(OCc4ccccn4)c(Cl)c3)ncnc2cc1OCCCN1CCOCC1)c1cc([N+](=O)[O-])ccc1F,6.90309,,7.266040201783181,7.1466255,8.359815,7.812927422821522
CHEMBL4757531,N#Cc1cccc(Oc2ccc(Nc3ncnc4cc(OCCCN5CCOCC5)c(NC(=O)c5cc([N+](=O)[O-])ccc5F)cc34)cc2Cl)c1,6.571865,,7.003051622788112,6.825146,7.4354877,7.219269684990247
CHEMBL4756049,Cc1ccc(Oc2ccc(Nc3ncnc4cc(OCCCN5CCOCC5)c(NC(=O)c5cc([N+](=O)[O-])ccc5F)cc34)cc2Cl)cn1,6.377786,,7.180079748551051,6.858307,6.089175,6.634627486427625
CHEMBL1645462,Cc1c(NC(=O)OC[C@@H]2COCCN2)cn2ncnc(Nc3ccc4c(cnn4Cc4cccc(F)c4)c3)c12,7.49485,1.0,6.321071249445279,6.705007,7.871916,7.09649353335301
CHEMBL412367,CCc1c(NC(=O)OCCn2ccnc2)cn2ncnc(Nc3ccc4c(cnn4Cc4ccccc4)c3)c12,7.39794,1.0,6.260623470544815,6.348398,6.8236523,6.542137869000435
CHEMBL372523,CCc1c(NC(=O)OCc2ccccc2)cn2ncnc(Nc3ccc4c(cnn4Cc4ccccc4)c3)c12,6.6777806,,6.239682157476743,6.2697268,6.679043,6.459362486819426
CHEMBL3092301,O=C(Nc1cc2c(Nc3ccc(F)c(Cl)c3)ncnc2cc1O[C@H]1CCOC1)N1CCC(N2CCCC2)CC1,6.187133,,6.368055908679962,6.294917,7.2133675,6.790711685419083
CHEMBL3092300,O=C(Nc1cc2c(Nc3ccc(F)c(Cl)c3)ncnc2cc1O[C@H]1CCOC1)N1CCC2(CC1)OCCO2,5.5254097,0.0,6.202294555703799,6.605535,6.7820034,6.492148979206879
CHEMBL3092320,O=C(Nc1cc2c(Nc3ccc(F)c(Cl)c3)ncnc2cc1O[C@H]1CCOC1)N1CCC(F)(F)C1,5.653387,0.0,5.829862208366394,6.1420135,6.7241364,6.276999280452728
CHEMBL3946232,O=C(Nc1cc2c(Nc3ccc(F)c(Cl)c3)ncnc2cc1OCCCN1CCOCC1)C1=CCCC1,7.869964,1.0,7.756016568144162,7.9293427,6.966465,7.361240782241026
CHEMBL4752951,O=C(Nc1cc2c(Nc3ccc(F)c(Cl)c3)ncnc2cc1OCCCN1CCOCC1)c1cccnc1F,8.366531,1.0,7.725534988999367,7.7738857,7.10902,7.417277611076832
CHEMBL4753193,CN1CCN(CCOc2cc3ncnc(Nc4ccc(F)c(Cl)c4)c3cc2NC(=O)c2cc([N+](=O)[O-])ccc2F)CC1,7.920819,1.0,8.123410357435544,7.868273,8.06759,8.095500058631103
CHEMBL370266,CONC(=O)c1cc(Nc2ncnn3cc(NC(=O)OCC4CCCO4)c(C(C)C)c23)c(F)cc1F,5.2596374,0.0,5.94180619597435,5.756307,5.770304,5.856055199503899
CHEMBL3740003,Cc1[nH]c(-c2ccccc2)c(-c2ccccc2)c1-c1ccc(NC(=O)c2ccccc2)c(=O)o1,5.539102,0.0,5.2818131614724795,5.3737297,5.206419,5.244116076280673
CHEMBL4286733,O=C(Nc1ccc(-c2cc3c(Nc4ccc(Oc5cccc(C(F)(F)F)c5)c(Cl)c4)ncnc3s2)cc1)NC1CC1,6.950782,,7.409697813272476,7.5154276,8.245696,7.8276969405412675
CHEMBL2385969,CN1CCN(Cc2ccc(C(=O)Nc3ccc(-c4cncc(C#N)c4Nc4ccc(OCc5cccc(F)c5)c(Cl)c4)cc3)cc2)CC1,5.60206,0.0,6.728221765557924,6.961078,6.907255,6.817738469143708
CHEMBL2385967,CN1CCN(Cc2ccc(C(=O)Nc3ccc(-c4cncc(C#N)c4Nc4ccc(OCc5ccccn5)c(Cl)c4)cc3)cc2)CC1,5.6382723,0.0,6.739371577501297,7.2294497,7.675192,7.207281728386879
CHEMBL2385971,CN1CCN(Cc2ccc(C(=O)Nc3ccc(-c4cncc(C#N)c4Nc4ccc(F)c(Cl)c4)cc3)cc2)CC1,5.5228786,0.0,5.919325687918399,6.6234407,6.9714766,6.445401121394502
CHEMBL3740910,O=C(Nc1ccc(CN2CCCC2)cc1)Nc1ccc2ncnc(Nc3cccc(C(F)(F)F)c3)c2c1,8.1632595,1.0,6.932080785830815,7.0079985,8.11071,7.521395464936892
CHEMBL3741473,O=C(Nc1ccc(CN2CCCCC2)cc1)Nc1ccc2ncnc(Nc3cccc(C(F)(F)F)c3)c2c1,8.13992,1.0,6.926556762059529,7.0079985,8.065561,7.496059028307597
CHEMBL3740144,CN1CCN(Cc2ccc(NC(=O)Nc3ccc4ncnc(Nc5ccc(OCc6cccc(F)c6)c(Cl)c5)c4c3)cc2)CC1,8.075721,1.0,7.250486068725586,7.5079794,8.28613,7.768308010101318
CHEMBL1784637,CNC(=O)c1ncc(C#Cc2cc(C(=O)Nc3ccc(CN4CCN(CCO)CC4)c(C(F)(F)F)c3)ccc2C)n1C,6.384755,,6.643644613833654,6.791854,7.966497,7.305070779130572
CHEMBL3426225,CCn1nc(C#Cc2cc(C(=O)Nc3ccc(CN4CCN(C)CC4)c(C(F)(F)F)c3)ccc2C)c2c(N)ncnc21,5.4537044,0.0,6.055544328848521,6.3450985,8.163518,7.109531140406927
CHEMBL3234737,Cc1ccc(C(=O)Nc2ccc(CN3CCN(C)CC3)c(C(F)(F)F)c2)cc1NC(=O)c1ccccn1,6.240332,,6.767694355976015,6.9020357,7.0405397,6.904117048746064
CHEMBL3234753,Cc1ccc(C(=O)Nc2ccc(CN3CCN(C)CC3)c(C(F)(F)F)c2)cc1NC(=O)c1cnc2[nH]ncc2c1,7.5228786,1.0,7.331478585004806,6.9543653,7.041306,7.186392301917076
CHEMBL3234740,Cc1ccc(C(=O)Nc2ccc(CN3CCN(C)CC3)c(C(F)(F)F)c2)cc1NC(=O)c1cnccn1,5.4089355,0.0,6.7815501894950865,6.9358616,7.0903196,6.935934911489486
CHEMBL5424516,COc1cc2ncnc(NCc3ccc(NC(=O)C(c4ccccc4)N4Cc5ccccc5C4=O)cc3)c2cc1OCCCN1CCOCC1,4.9065785,0.0,7.459364000873908,7.337448,7.4604697,7.459916861810855
CHEMBL3799332,O=C(Nc1ccc(C(O)c2ccccc2)cc1)c1cc2ccccc2[nH]1,4.4202166,0.0,4.574811842799187,4.8318477,4.578839,4.576825334012509
CHEMBL12131,Cc1cc(C(C#N)c2ccc(Cl)cc2)c(Cl)cc1NC(=O)c1cc(I)cc(I)c1O,6.248721,,4.87742095053196,4.980946,5.282407,5.07991387873888
CHEMBL4462528,COc1cc(NC(=O)C2CC2)ccc1Nc1ncc(Cl)c(Nc2ccccc2NC(C)=O)n1,6.209715,,7.013399742563567,6.8991165,6.0163064,6.51485307143132
CHEMBL5633878,O=C(Nc1ccc(Nc2ncnc3[nH]ccc23)cc1)c1ccccc1,4.1509624,0.0,6.353265939831733,6.2366195,6.430457,6.391861527502536
CHEMBL4538066,COc1cc2c(Nc3ccc(NC(=O)C(C4CCCCC4)N4Cc5ccccc5C4=O)cc3F)ncnc2cc1OCC1CCN(C)CC1,6.7456937,,7.238296565351033,7.3373237,7.9987297,7.618513135580789
CHEMBL3759203,COc1cc2c(Nc3ccc(NC(=O)c4ccccc4Cl)cc3)ncnc2cc1OCc1ccccc1,6.1366773,,6.847902176558971,6.68854,6.666835,6.757368503898382
CHEMBL3960786,O=C(CBr)OCCn1c(=O)oc2cc3ncnc(Nc4ccc(NC(=O)N5CCCCC5)cc4)c3cc21,5.031517,0.0,6.005291732549668,6.0170918,6.8786783,6.441985027194024
CHEMBL3891774,O=C(Nc1ccc(Nc2ncnc3cc4oc(=O)n(CCOC(=O)CBr)c4cc23)cc1)NC1CCCCC1,5.070581,0.0,6.014600754976272,5.920204,6.4829407,6.248770714402198
CHEMBL103667,Cc1ccc(-n2nc(C(C)(C)C)cc2NC(=O)Nc2ccc(OCCN3CCOCC3)c3ccccc23)cc1,5.4202166,0.0,6.704639772020089,6.653139,6.1103005,6.407470156472081
CHEMBL5593611,C=CC(=O)Nc1cc2c(Oc3ccc(NC(=O)c4c(-c5c(Cl)cccc5Cl)noc4C)cc3F)cccc2cc1OC,5.2306166,0.0,6.303479199608166,6.306206,6.661008,6.482243540386358
CHEMBL4289577,O=C(Nc1ccc(Oc2ccnc3[nH]ccc23)c(F)c1)c1cc2cccnc2n(-c2ccc(F)cc2)c1=O,6.1987333,,6.791290833433469,7.057483,7.8045616,7.297926224211851
CHEMBL4066684,Cc1cc(=O)n(-c2ccc(F)cc2)nc1C(=O)Nc1ccc(Oc2ccnc3[nH]ccc23)c(F)c1,6.1394825,,6.83959081871943,6.64702,5.9419346,6.390762702145359
CHEMBL3774451,O=C(Nc1ccc(Oc2ccnc3[nH]ccc23)c(F)c1)c1nnn(-c2ccc(F)cc2)c1C(F)(F)F,6.23495,,6.868553560014927,6.742909,7.3891864,7.128869971154314
CHEMBL4171115,COc1cc2c(Oc3ccc(NC(=O)NN4C(=O)CSC4c4c(F)cccc4F)c(F)c3)ccnc2cc1OCCCN1CCCC1,6.090444,,5.923346962668378,5.9192314,6.640172,6.281759483684043
CHEMBL3823520,COc1cc2c(Oc3ccc(NC(=O)c4cn(-c5ccccc5Cl)nn4)cc3F)ccnc2cc1OCCCN1CCCCC1,6.276216,,6.590123689273993,6.7968435,6.5200157,6.5550697029133635
CHEMBL4587222,CCN1CCN(CCCOc2cc3nccc(Oc4c(F)cc(NC(=O)NN5C(=O)CSC5c5c(F)cccc5F)cc4F)c3cc2OC)CC1,6.2839966,,6.292205419639746,6.128516,8.22614,7.259172720958789
CHEMBL3263959,COc1cc2c(Oc3ccc(NC(=O)c4c(C)n(C)n(-c5ccccc5)c4=O)cc3F)ccnc2cc1OCCCN1CCN(C)CC1,5.115205,0.0,6.723917303936823,6.367173,6.8602896,6.792103438803128
CHEMBL2435999,COc1cc2c(Oc3ccc(NC(=O)c4cc(-c5ccc(C)cc5)ccn4)cc3F)ccnc2cc1OCCCN1CCN(C)CC1,7.0455165,1.0,6.582966925700505,6.3968577,6.440588,6.511777461568514
CHEMBL3931223,COc1cc2c(Oc3ccc(NC(=O)c4cn(-c5ccccc5OC)cn4)cc3F)ccnc2cc1OCCCN1CCN(C)CC1,6.161151,,6.5303101789951326,6.503915,7.2955484,6.912929309010506
CHEMBL4082724,COc1cc2c(Oc3ccc(NC(=O)c4nc5ccccc5n(-c5ccc(F)cc5)c4=O)cc3F)ccnc2cc1OCCCN1CCN(C)CC1,6.008406,,6.692115279095514,6.6278577,5.838764,6.265439734884671
CHEMBL5201128,COc1cc2nccc(Oc3ccc(NC(=O)C4(C(=O)NC5CC5)CC4)c(Cl)c3)c2cc1C(N)=O,5.1870866,0.0,6.101553295056025,6.320774,6.7904434,6.445998357733091
CHEMBL4215703,Cc1cc(=O)n(-c2ccc(F)cc2)nc1C(=O)Nc1ccc(Oc2ncnc3ccsc23)c(F)c1,5.161151,0.0,6.757299459377924,6.4788,6.0285983,6.392948883970578
CHEMBL603,COc1cc(C(=O)NS(=O)(=O)c2ccccc2C)ccc1Cc1cn(C)c2ccc(NC(=O)OC3CCCC3)cc12,5.240257,0.0,6.6504077750444415,5.8919325,6.2940083,6.472208015024663
CHEMBL5570514,CN1CCN([C@H]2CC(F)(F)c3cc(NC(=O)c4ccc(F)c(C#Cc5cncc(N6CCC6)c5)c4)ccc32)CC1,6.4340343,,5.92435195595026,5.2760673,7.589221,6.756786478310824
CHEMBL5571836,CN1CCN([C@H]2CC(F)(F)c3cc(NC(=O)c4ccc(F)c(C#Cc5cncc(N6CCOCC6)c5)c4)ccc32)CC1,6.5813675,,6.035738327205181,5.2332435,7.7266545,6.881196428388357
CHEMBL3740105,C#Cc1cccc(Nc2ncnc3cc(OCCOC(=O)c4ccc(C(=O)Nc5ccc6c(c5)C(C)(C)CCC6(C)C)cc4)c(OCCOC(=O)c4ccc(C(=O)Nc5ccc6c(c5)C(C)(C)CCC6(C)C)cc4)cc23)c1,6.055517,,7.149437348445256,7.6758447,7.7831836,7.466310461560885
CHEMBL3741304,C#Cc1cccc(Nc2ncnc3cc(OCCOC(=O)c4ccc(C(=O)Nc5ccc6c(c5)C(C)(C)CCC6(C)C)cc4)c(OCCOC)cc23)c1,7.49485,1.0,7.137812784512837,7.691103,8.124788,7.6313005344072975
CHEMBL1641996,N#Cc1cnc(Nc2cccc(Br)c2)c2cc(NC(=O)c3ccco3)ccc12,4.2549253,0.0,5.717360006988049,6.069914,5.514986,5.616173022598028
CHEMBL1641997,N#Cc1cnc(Nc2cccc(Br)c2)c2cc(NC(=O)c3ccoc3)ccc12,4.3448615,0.0,5.7779222540259365,6.183431,5.7208796,5.749400904387236
CHEMBL4091166,O=C(Nc1ccc2nccc(Nc3cccc(Cl)c3)c2c1)C1CCC2(CC1)OCC1(OO2)C2CC3CC(C2)CC1C3,6.825092,,6.836683371067047,6.539795,7.532911,7.184797097444534
CHEMBL4088200,O=C(Nc1ccc2nccc(Nc3cccc(Cl)c3)c2c1)C1CCC2(CC1)OOC1(O2)C2CC3CC(C2)CC1C3,6.7925606,,6.750049099226793,6.695497,7.5674086,7.158728830466668
CHEMBL5949708,CCOc1cc2ncc(C#N)c(Nc3ccc(F)c(Cl)c3)c2cc1NC(=O)C1CCSS1,7.30103,1.0,7.130120497147242,7.4286575,8.222335,7.676227679451307
CHEMBL4576802,CCOc1cc2ncc(C#N)c(Nc3ccc(F)c(Cl)c3)c2cc1NC(=O)C1CSSC1,6.2596374,,7.079012160301208,7.4289255,8.247434,7.663222911357879
CHEMBL4457885,COc1cc2ncnc(Nc3ccc(OCc4cccc(F)c4)c(Cl)c3)c2cc1NC(=O)C1CSSC1,7.30103,1.0,7.516007409135501,7.631461,7.487503,7.501755230446657
CHEMBL6150301,Cc1ccc2cccc(Oc3ccc(Nc4ncnc5ccc(NC(=O)C6CCCC6)cc45)cc3C)c2n1,5.696156,0.0,7.104232598145802,7.067506,8.146894,7.625563526550929
CHEMBL4593016,COc1cc2ncnc(Nc3ccc(Oc4ccc(C)nc4)c(C)c3)c2cc1NC(=O)C1CSSC1,6.2596374,,7.2732713356812795,7.2841434,6.7095785,6.9914249248902
CHEMBL523122,COCCOc1cc2ncnc(Nc3c(Cl)ccc4c3OCO4)c2cc1NC(=O)[C@@H]1CCCN1,5.1469107,0.0,6.9144370487928395,7.285314,6.578951,6.746693965375424
CHEMBL92902,CN1CCC=C(C(=O)Nc2ccc3ncnc(Nc4cccc(Br)c4)c3c2)C1,6.939302,,7.500672968149185,7.4676156,6.824692,7.1626823703050615
CHEMBL4082840,O=C(Nc1ccc2ncnc(Nc3cccc(Cl)c3)c2c1)C1CCC2(CC1)OCC1(OO2)C2CC3CC(C2)CC1C3,6.939598,,6.851281810283661,6.9394336,7.9542108,7.402746284246445
CHEMBL4094174,O=C(Nc1ccc2ncnc(Nc3cccc(Cl)c3)c2c1)C1CCC2(CC1)OOC1(CCCCC1)OO2,7.0133295,1.0,7.055417871852716,7.0476832,6.213747,6.634582448194424
CHEMBL4094823,O=C(Nc1ccc2ncnc(Nc3cccc(Cl)c3)c2c1)C1CCC2(CC1)OOC1(O2)C2CC3CC(C2)CC1C3,7.4004083,1.0,6.8180614226857825,6.959932,7.9119606,7.365011012246212
CHEMBL4067373,O=C(Nc1ccc2ncnc(Nc3cccc(Cl)c3)c2c1)C1CCC2(CC1)OOC1(OO2)C2CC3CC(C2)CC1C3,6.4240184,,6.827725000758965,6.9292016,7.8907776,7.359251294324795
CHEMBL4100647,CC1(C)OOC2(CCC(C(=O)Nc3ccc4ncnc(Nc5cccc(Cl)c5)c4c3)CC2)OO1,7.854035,1.0,6.997497266113758,6.914955,7.0606613,7.029079291015863
CHEMBL4063301,O=C(Nc1ccc2ncnc(Nc3cccc(Cl)c3)c2c1)C1CCCCC1,8.184872,1.0,7.016384129405021,6.733747,6.717496,6.866940023839474
CHEMBL217536,O=C(Nc1ccc2ncnc(Nc3cccc(Br)c3)c2c1)C1CCSS1,7.221849,1.0,7.421487666050593,7.6886563,6.504712,6.963099885423978
CHEMBL598007,O=C(Nc1ccc2ncnc(Nc3cccc(Br)c3)c2c1)[C@@H]1O[C@H]1CN1CCCCC1,8.1549015,1.0,7.529874724447727,7.504663,7.334711,7.432292899638414
CHEMBL4163321,CN(CCN(C)Cc1ccc(C(=O)Nc2ccc3ncnc(Nc4cccc(Cl)c4)c3c2)cc1)CCn1nc(-c2ccc(Cl)cc2)c2c(N)ncnc21,6.49485,,5.0507250905036924,5.572562,8.491946,6.771335655450821
CHEMBL5277101,CN(CCOC(=O)c1ccc(C(=O)Nc2ncnc3c2c(-c2ccc(Cl)cc2)nn3C(C)(C)C)nc1)Cc1ccc(C(=O)Nc2ccc3ncnc(Nc4cccc(Cl)c4)c3c2)cc1,6.21467,,5.804654690424602,5.696259,7.9562454,6.880450056393942
CHEMBL4097369,O=C(Nc1ccc2ncnc(Nc3cccc(Br)c3)c2c1)c1ccco1,8.075721,1.0,7.541977975169817,7.3798814,6.816602,7.17929010262092
CHEMBL606403,CC(C)c1nsc(C(=O)Nc2ccc3ncnc(Nc4cccc(Br)c4)c3c2)n1,6.8894105,,7.429223970373471,7.4747033,7.652421,7.54082248399655
CHEMBL4096207,C=CC(=O)Nc1cc(Nc2cc(-c3cccc(NC(=O)c4cc5c(s4)CCCC5)c3C)cn(C)c2=O)ccc1C(=O)N1CCOCC1,5.163486,0.0,6.488840449909369,6.681934,6.75521,6.622025186349948
CHEMBL4085868,C=CC(=O)Nc1cc(Nc2cc(-c3cccc(NC(=O)c4ccc(N(C)C)cc4)c3C)cn(C)c2=O)ccc1C(=O)N1CCOCC1,5.230475,0.0,6.475236162404219,6.5471783,6.6204777,6.54785691939791
CHEMBL3753532,COc1cc(NC(=O)Nc2ccccn2)cc(-c2c[nH]cn2)c1OC,7.6053734,1.0,6.676000253685882,6.6064014,5.866449,6.271224566463912
CHEMBL521887,Cc1ccc(NC(=O)c2ccc(CN3CCN(C)CC3)cc2)cc1-c1ccc2ccncc2c1,6.154902,,6.322643399834633,6.500972,5.740548,6.031595766842365
CHEMBL3754057,O=C(Nc1ccccn1)Nc1cc(-c2cncnc2)ccc1OC(F)(F)F,7.575772,1.0,7.0957051296035445,7.3958607,5.461398,6.278551627149184
CHEMBL1090358,CCN1CCN(c2ccc(Nc3nccc(-c4c(-c5cccc(NC(=O)c6c(F)cccc6F)c5)nc5sccn45)n3)cc2)CC1,8.159379,1.0,7.985378150045872,7.9727187,7.653701,7.819539489299059
CHEMBL1090355,O=C(Nc1cccc(-c2nc3sccn3c2-c2ccnc(Nc3ccc(N4CCOCC4)cc3)n2)c1)Oc1ccccc1,6.7212462,,7.270123495948621,7.2320795,7.3615417,7.315832621997748
CHEMBL1090359,O=C(Nc1cccc(-c2nc3sccn3c2-c2ccnc(Nc3ccc4c(c3)CCNC4)n2)c1)c1c(F)cccc1F,8.638272,1.0,7.327573432922363,7.4766135,7.18647,7.2570217323303225
CHEMBL1088931,O=C(Nc1cccc(-c2nc3sccn3c2-c2ccnc(Nc3cccc(N4CCOCC4)c3)n2)c1)c1c(F)cccc1F,8.207608,1.0,8.02639298637708,8.096979,7.7948565,7.9106247673432035
CHEMBL1091613,O=C(Nc1cccc(-c2nc3sccn3c2-c2ccncc2)c1)c1ccccc1Cl,6.6197886,,5.563010899027189,6.088863,5.9862356,5.774623258809249
CHEMBL6145609,CSc1nc(-c2cccc(NC(=O)c3cccc(O)c3CN3Cc4ccccc4C3=O)c2)c(-c2ccnc(Nc3ccc(N4CCNCC4)cc3)c2)[nH]1,9.110925,1.0,7.908137833396593,8.281368,7.117918,7.51302792396148
CHEMBL5188399,C=CC(=O)Nc1ccc(OC)c(Nc2cc(-c3[nH]c(SC)nc3-c3cccc(NC(=O)c4c(F)ccc(O)c4CN4C(=O)c5ccccc5C4=O)c3)ccn2)c1,7.818853,1.0,8.137179083824158,7.9162955,7.690076,7.913627479076386
CHEMBL6133859,CCc1nc(-c2cccc(NC(=O)c3ccccc3CN3Cc4ccc(-c5ccc(N6CCNCC6)cc5)cc4C3=O)c2)c(-c2ccnc(NC(C)=O)c2)[nH]1,7.102373,1.0,7.786151874780655,7.869871,7.544091,7.665121549725533
CHEMBL5568120,C=CC(=O)N1CC[C@H](n2cc(-c3ccncc3)c(-c3cccc(NC(=O)c4ccc5c(c4)CN(C)C5=O)c3)n2)C1,5.537602,0.0,6.509003237896495,6.406443,7.7458906,7.12744692763355
CHEMBL5563485,C=CC(=O)N1CC[C@H](n2cc(-c3ccncc3)c(-c3cccc(NC(=O)c4cccc(OC)c4F)c3)n2)C1,7.1076913,1.0,6.634525713218583,6.417834,6.923844,6.779184786922402
CHEMBL5559069,C=CC(=O)N1CC[C@H](n2cc(-c3ccncc3)c(-c3cccc(NC(=O)c4cn(C5CC5)cn4)c3)n2)C1,6.1777806,,6.818442005793254,6.9119596,7.4815803,7.150011131604513
CHEMBL5560320,C=CC(=O)N1CC[C@H](n2cc(-c3ccncc3)c(-c3cccc(NC(=O)c4ncc(C5CC5)o4)c3)n2)C1,7.090228,1.0,6.90595392481486,6.947441,7.4749594,7.19045664914449
CHEMBL5560711,C=CC(=O)N1CC(n2cc(-c3ccncc3)c(-c3cccc(NC(=O)c4cn(C5CC5)cn4)c3)n2)C1,6.0975895,,6.772224381537666,6.699377,6.845665,6.808944679782504
CHEMBL4798527,Cc1ccc(NC(=O)c2ccc(C)c(C(F)(F)F)c2)cc1C#Cc1nn([C@H]2CC[C@H](O)CC2)c2ncnc(N)c12,7.7212462,1.0,6.533601974844933,6.5804844,7.6187415,7.076171743571758
CHEMBL3234747,Cc1ccc(C(=O)Nc2ccc(CN3CCN(C)CC3)c(C(F)(F)F)c2)cc1NC(=O)c1cnc(NC2CC2)nc1,7.3565474,1.0,6.521645463903745,6.8314815,7.575538,7.048591811160247
CHEMBL3234748,Cc1ccc(C(=O)Nc2ccc(CN3CCN(C)CC3)c(C(F)(F)F)c2)cc1NC(=O)c1cnc(NC2CCCC2)nc1,7.481486,1.0,6.5581267507871,6.790875,7.696669,7.127397926251094
CHEMBL3234749,Cc1ccc(C(=O)Nc2ccc(CN3CCN(C)CC3)c(C(F)(F)F)c2)cc1NC(=O)c1cnc(NC2CCCCC2)nc1,7.3279023,1.0,6.5675904562075935,6.7713146,7.9743943,7.270992388824622
CHEMBL3234750,Cc1ccc(C(=O)Nc2ccc(CN3CCN(C)CC3)c(C(F)(F)F)c2)cc1NC(=O)c1cnc(Nc2ccccc2)nc1,8.2218485,1.0,6.994899835785231,7.3539596,7.852389,7.423644347290198
CHEMBL2385993,Cc1ccc(NC(=O)c2ccc(CN3CCN(C)CC3)cc2)cc1C(=O)Nc1nccc(-c2cccc(F)c2)n1,5.221849,0.0,6.434038670034637,6.913054,6.7678304,6.600934520945663
CHEMBL3808884,COC(=O)c1cc2cc(NCc3cc(NC(=O)c4cc(-n5cnc(C)c5)cc(C(F)(F)F)c4)ccc3C)cnc2[nH]1,7.3873453,1.0,6.638481886982918,6.156714,7.214591,6.926536456644535
CHEMBL3798658,O=C(Nc1cccc(C(O)c2ccccc2)c1)c1cc2ccccc2[nH]1,4.823909,0.0,4.550757053494453,4.760813,5.1545753,4.852666200697422
CHEMBL4437803,O=C(Nc1cccc(NC(=O)c2ccccn2)c1)NC1CCCCC1,6.8326826,,6.336521368182067,6.372143,5.6176734,5.977097382623138
CHEMBL387187,O=C(Nc1cccc(Nc2cc(Nc3cccc(C(F)(F)F)c3)ncn2)c1)C1CC1,7.6777806,1.0,6.811960072131383,6.562446,6.9492364,6.880598232553118
CHEMBL4873600,COc1cc(N2CCN(C(C)=O)CC2)ccc1Nc1ncc(Cl)c(Nc2cccc(NC(=O)c3cccc(S(=O)(=O)F)c3)c2)n1,6.322393,,7.025703292886416,7.0115986,7.2672954,7.146499326725801
CHEMBL5189183,COc1cc(N(C)CCN(C)C)c(NC(=O)c2ccncn2)cc1Nc1nc(-c2cn(C)c3ccccc23)c2cccnc2n1,6.4436975,,6.686121169249216,6.6807203,7.557184,7.1216526943047835
CHEMBL5185772,COc1cc(N(C)CCN(C)C)c(NC(=O)c2nccn2C)cc1Nc1nc(-c2cn(C)c3ccccc23)c2cccnc2n1,6.376751,,6.657308548609416,6.7547894,7.563008,7.110158190091451
CHEMBL5175316,COc1ccc(C(=O)Nc2cc(Nc3nccc(-c4cn(C)c5ccccc45)n3)c(OC)cc2N(C)CCN(C)C)nc1,7.0604806,1.0,6.874694457191688,6.929619,6.8903446,6.882519538471332
CHEMBL5203821,COc1cc(N(C)CCN(C)C)c(NC(=O)c2cccnc2)cc1Nc1nccc(-c2cn(C)c3ccccc23)n1,6.4436975,,6.558314437866211,6.855639,7.44132,6.999817190170289
CHEMBL5188618,COc1cc(N(C)CCN(C)C)c(NC(=O)c2cnccn2)cc1Nc1nccc(-c2cn(C)c3ccccc23)n1,6.649752,,6.954838372468949,7.2121305,7.36773,7.161284256577492
CHEMBL5196254,COc1cc(N(C)CCN(C)C)c(NC(=O)c2nccn2C)cc1Nc1nccc(-c2cn(C)c3ccccc23)n1,6.958607,,6.904072706699371,7.132041,7.4756756,7.189874144792556
CHEMBL5199169,COc1cc(N(C)CCN(C)C)c(NC(=O)c2ncccn2)cc1Nc1nccc(-c2cn(C)c3ccccc23)n1,6.835647,,6.781581952571869,7.099448,7.2336545,7.007618225812912
CHEMBL941,Cc1ccc(NC(=O)c2ccc(CN3CCN(C)CC3)cc2)cc1Nc1nccc(-c2cccnc2)n1,9.958608,1.0,5.90146215001742,5.6358924,6.1821766,6.04181936999162
CHEMBL4471235,COc1cc2c(Nc3cc(NC(=O)C(c4ccccc4)N4Cc5ccccc5C4=O)ccc3F)ncnc2cc1OCC1CCN(C)CC1,7.430626,1.0,7.782031180356231,7.8410134,7.4676538,7.624842465864761
CHEMBL3765789,COc1cc2ncnc(Nc3cccc(NC(=O)C45CC6CC(CC(C6)C4)C5)c3)c2cc1OCCCN1CCOCC1,7.652921,1.0,7.639658194382986,7.9901824,7.415378,7.527518144051234
CHEMBL3764603,COCCOc1cc2ncnc(Nc3cccc(NC(=O)C45CC6CC(CC(C6)C4)C5)c3)c2cc1OCCOC,8.313222,1.0,7.635755694111188,7.914924,6.7448416,7.190298634866873
CHEMBL2322330,O=C(Nc1cccc(Oc2ccc(Nc3ncnc4ccn(CCOCCO)c34)cc2Cl)c1)NC1CCCCC1,7.941199,1.0,7.4340138157407445,7.3651333,7.761894,7.597954020907482
CHEMBL246356,CNc1ncnc(-c2cccnc2Oc2cc(NC(=O)c3cccc(OC(F)(F)C(F)F)c3)ccc2C)n1,4.60206,0.0,6.5039294367035225,6.1956525,7.1398273,6.821878344068924
CHEMBL602728,O=C(Nc1cccc2ccccc12)c1ccc(N(CCCl)CCCl)cc1,7.0457573,1.0,5.5565888059139255,5.2945166,5.153031,5.354809839129448
CHEMBL4849721,COc1cc2cccc(Oc3ccc(NC(=O)C4(C(=O)Nc5ccc(F)cc5)CC4)cc3)c2cc1OC,5.50724,0.0,5.493645877242089,5.3816366,5.398337,5.4459913823008534
CHEMBL1230609,COc1cc2c(Oc3ccc(NC(=O)C4(C(=O)Nc5ccc(F)cc5)CC4)cc3F)ccnc2cc1OCCCN1CCOCC1,5.522881,0.0,6.246798329452673,6.660459,7.024862,6.635830071022113
CHEMBL2105717,COc1cc2nccc(Oc3ccc(NC(=O)C4(C(=O)Nc5ccc(F)cc5)CC4)cc3)c2cc1OC,6.6478176,,5.96589291894436,6.39036,5.6390405,5.802466694533825
CHEMBL4210100,COc1cc2c(cc1OC)Nc1ncnc(Oc3ccc(NC(=O)C4(C(=O)Nc5ccc(F)cc5)CC4)cc3F)c1NC2,6.572514,,6.467955339153607,6.250475,6.609929,6.53894221196572
CHEMBL5556531,C=CC(=O)Nc1cccc(-c2c(-c3ccccc3)oc3ncnc(Oc4ccc(NC(=O)C5(C(=O)Nc6ccc(F)cc6)CC5)cc4)c23)c1,7.376751,1.0,6.965970833619436,6.971692,8.342202,7.654086510101955
CHEMBL1088348,CC1=C(C(=O)Nc2ccc(C)cc2)C(c2ccc(O)cc2O)NC(NCc2ccccc2)=N1,4.628932,0.0,4.867965950171153,4.8344116,5.178872,5.023419029315313
CHEMBL1077107,CC1=C(C(=O)Nc2cccc([N+](=O)[O-])c2)C(c2ccc(O)cc2O)NC(NN2C(=O)/C(=C\c3ccco3)SC2=S)=N1,4.003051,0.0,5.6127426437536885,5.31893,5.100741,5.356741776665052
CHEMBL1077085,CC1=C(C(=O)Nc2cccc([N+](=O)[O-])c2)C(c2ccc(O)cc2O)NC(NN2C(=O)/C(=C\c3cccs3)SC2=S)=N1,4.093665,0.0,5.781183901230495,5.2827206,5.2200346,5.500609250267347
CHEMBL1084117,CC1=C(C(=O)Nc2ccc(C)cc2)C(c2ccc(O)cc2O)NC(Nc2ccc([N+](=O)[O-])cc2Cl)=N1,4.2153826,0.0,4.740183526873588,4.6332135,5.557698,5.148940649926662
CHEMBL1077095,CC1=C(C(=O)Nc2cccc([N+](=O)[O-])c2)C(c2ccc(O)cc2O)NC(NN)=N1,4.3196645,0.0,4.753851797580719,4.5889096,4.656536,4.70519394993782
CHEMBL5597851,COc1ccc(NC(=O)C2=C(C)NC(=S)NC2c2ccc(OCc3ccccc3)c(OC)c2)c(OC)c1,7.1146955,1.0,5.905758284498438,5.7310734,5.2683096,5.587033938849561
CHEMBL62176,CN1C(=S)C(C(=O)Nc2ccccc2)c2ccccc21,6.0,,5.116084446907044,5.1343637,4.911749,5.013916666507721
CHEMBL4092990,C=CC(=O)Nc1ccc(CN(C(=O)Nc2c(Cl)c(OC)cc(OC)c2Cl)c2cc(Nc3ccc(N4CCN(C)CC4)cc3)ncn2)cc1,7.570611,1.0,7.612064720590909,7.243576,8.151589,7.881827057103315
CHEMBL3287898,CCc1ccccc1NC(=O)N1C[C@@H](C)Oc2cc(-c3ccc([C@H]4CC[C@H](CC(=O)O)CC4)cc3)ccc21,5.124939,0.0,5.648192104995251,5.942989,6.640167,6.144179670661687
CHEMBL5899926,CN(C(=O)N[C@@H]1CCCN(c2cnc(C(N)=O)c(Nc3ccc(F)cc3)n2)C1)c1cc(Cl)cc(C(F)(F)F)c1,5.2596374,0.0,5.839472054839134,5.801971,7.825117,6.832294583022595
CHEMBL5944144,NC(=O)c1nnc(N2CCC[C@@H](NC(=O)Nc3ccccc3)C2)nc1Nc1ccc(C(=O)N2CCOCC2)cc1,5.2596374,0.0,5.62295501857996,5.5379853,7.4031253,6.513040152341127
CHEMBL4446992,COc1cc2c(Oc3ccc(C4SCC(=O)N4NC(=O)Nc4ccc(F)cc4F)cc3F)ccnc2cc1OCCCN1CCN(C)CC1,6.39794,,6.39344399520329,6.3514304,5.5860367,5.989740338666098
CHEMBL19978,O=C(Nc1ccccc1)NN1C(=O)c2c(c3c4cccc(O)c4n(C4OC(CO)C(O)C(O)C4O)c3c3[nH]c4c(O)cccc4c23)C1=O,4.0222764,0.0,4.24497013926506,4.196722,6.294567,5.269768623709679
CHEMBL6188294,Cc1c(NC(=O)Nc2ccc(OC(F)(F)F)cc2)sc2ccccc12,7.331614,1.0,5.497882004976272,4.970344,4.836645,5.167263565659523
CHEMBL451523,COc1c(NC(=O)Nc2ccc(-c3ccc(CN4CCOCC4)nc3)c3ccccc23)cc(C(C)(C)C)cc1NS(C)(=O)=O,5.2676063,0.0,6.798175421569083,6.884115,8.391711,7.594943328307735
CHEMBL5632719,O=C(Nc1ccc(-c2ccc3c(=O)[nH]cnc3c2)cc1)Nc1ccc(F)c(F)c1,7.005243,1.0,6.717819242255254,7.299769,5.963462,6.34064055908539
CHEMBL4171543,C=CC(=O)Nc1ccc(-c2ccc(NC(=O)Nc3cccc(Cl)c3)cc2)cn1,8.060481,1.0,6.8626605135202405,7.260312,7.106957,6.984808736145496
CHEMBL1990583,Nc1ncnn2ccc(C(=O)Nc3ccc(NC(=O)Nc4cccc(F)c4)cc3)c12,5.679854,0.0,6.791114119128747,6.4938874,5.5495386,6.1703263657472345
CHEMBL3678955,CC(C)n1c(Nc2ccc(NC(=O)Nc3ccc(F)c(Cl)c3)cc2)nc2cnc(Nc3ccc(N4CCN(C)CC4)cc3)nc21,8.30103,1.0,8.011581372320652,8.114021,8.060991,8.036286329776049
CHEMBL3133751,COc1cc2ncnc(Nc3ccc(NC(=O)Nc4ccc(Cl)c(C(F)(F)F)c4)cc3)c2cc1OCCCN1CCOCC1,6.545155,,6.577279101610184,6.416031,7.6142836,7.0957813316583636
CHEMBL3628796,COc1cc2ncnc(Nc3ccc(NC(=O)Nc4cccc(Br)c4)cc3)c2cc1OC,5.1129456,0.0,6.901428508162499,7.201778,6.7693815,6.835405015647412
CHEMBL3628799,O=C(Nc1ccc(Nc2ncnc3sc4c(c23)CCCC4)cc1)Nc1cccc(Br)c1,5.403403,0.0,7.204565530618031,7.033131,6.3728724,6.788718941609064
CHEMBL1336,CNC(=O)c1cc(Oc2ccc(NC(=O)Nc3ccc(Cl)c(C(F)(F)F)c3)cc2)ccn1,7.0277586,1.0,6.203765236771467,5.9226274,6.347517,6.275641125160636
CHEMBL4077930,COc1cc2ncnc(Oc3ccc(NC(=O)Nc4cccc(C(F)(F)F)c4)c4ccccc34)c2cc1OC,5.5703654,0.0,5.917120669186115,5.7130175,7.6322494,6.774685012251139
CHEMBL5631544,CC(C)c1ccc(Nc2ncnc3cc(NC(=O)Nc4ccccc4)ccc23)cc1,6.3196645,,6.388724347929159,6.6028996,6.5241675,6.456445942809184
CHEMBL4089588,O=C(Nc1ccc(Cl)cc1)Nc1ccc2ncnc(Nc3cccc(Br)c3)c2c1,7.7144427,1.0,7.512296828329563,7.416872,8.255763,7.8840299411118036
CHEMBL1081198,O=C(Nc1cccc(-c2cn3ccnc3c(NCc3ccncc3)n2)c1)Nc1cccc(C(F)(F)F)c1,4.30103,0.0,6.58629430869884,6.422871,8.397455,7.4918747620764705
CHEMBL1090354,O=C(Nc1ccccc1)Nc1cccc(-c2nc3sccn3c2-c2ccnc(Nc3ccc(N4CCOCC4)cc3)n2)c1,7.0,1.0,7.509679582118988,7.4864383,7.640539,7.575109375715256
CHEMBL1684800,COc1ccc(Cn2ncc(NC(=O)c3cc(NC(=O)Nc4ccc(Cl)c(C(F)(F)F)c4)ccc3C)c2N)cc1,6.993962,,5.961479411125183,5.5247693,7.051498,6.506488673686981
CHEMBL3133756,O=C(Nc1cccc(Nc2ncnc3cc(OCCCN4CCN(CCO)CC4)ccc23)c1)Nc1ccc(Cl)c(C(F)(F)F)c1,7.004365,1.0,6.897188404301802,6.780854,8.235463,7.56632577334841
CHEMBL3133755,O=C(Nc1cccc(Nc2ncnc3cc(OCCCN4CCOCC4)ccc23)c1)Nc1ccc(F)c(Cl)c1,5.4795165,0.0,6.989966618220012,7.210977,7.1611824,7.075574510892233
CHEMBL4226177,C=CC(=O)Nc1cccc(NC(=O)Nc2ccnc(Nc3ccc(C(=O)N4CCN(C)CC4)cc3OC)n2)c1,6.3399477,,6.908631351959139,7.0865254,6.979391,6.9440112249908
CHEMBL4228848,C=CC(=O)Nc1cccc(NC(=O)Nc2ccnc(Nc3ccc(C(=O)N4CCOCC4)cc3OC)n2)c1,6.89279,,6.796236286532312,6.842448,7.472046,7.1341410924849065
CHEMBL4224932,C=CC(=O)Nc1cccc(NC(=O)Nc2ccnc(Nc3ccc(N4CCC(N5CCN(C)CC5)CC4)cc3OC)n2)c1,7.0378604,1.0,7.409022461175917,7.2713976,7.310216,7.359619205594062
CHEMBL5272590,C=CC(=O)Nc1ccc2ncc(NC(=O)Nc3ccccc3)nc2c1,7.60206,1.0,6.646088047504426,6.7191353,6.299236,6.472661934137345
CHEMBL298679,COc1ccc(NC(=O)Nc2nc3nc(NCCCN4CCN(C)CC4)ncc3cc2-c2c(Cl)cccc2Cl)cc1,6.1426673,,6.27045382465635,6.085633,6.9418135,6.606133646794728
CHEMBL56983,CCN(CC)CCCCNc1ncc2cc(-c3c(Cl)cccc3Cl)c(NC(=O)Nc3ccccc3)nc2n1,6.0,,5.983612919364657,6.187758,6.4086933,6.196153116481645
CHEMBL4535881,O=C(Nc1ccccc1)Nc1nnc(-c2cccnc2)o1,6.559563,,5.512159305214882,5.383389,6.225389,5.868774154484273
CHEMBL62701,Cn1c(SSc2c(C(=O)Nc3ccccc3)c3cccnc3n2C)c(C(=O)Nc2ccccc2)c2cccnc21,4.6516953,0.0,6.198332623286781,5.8640924,5.2305746,5.714453615567951
CHEMBL5569987,C/C(=N\O)c1ccc(NC(=O)c2cc(-c3ccc(S(C)(=O)=O)cc3)nc3ccccc23)cc1,6.978811,,5.957956532557805,6.036055,7.0736103,6.515783419171969
CHEMBL1944926,O=C(Nc1cccc(Br)c1)c1c(O)c2ccccc2[nH]c1=O,4.2456517,0.0,5.029940159916878,5.02465,5.012533,5.021236673891544
CHEMBL1630111,Nc1ccccc1NC(=O)c1ccc(-c2ccc3ncnc(Nc4ccc(OCc5cccc(F)c5)c(Cl)c4)c3c2)o1,8.537602,1.0,7.654738976657391,7.6393456,6.5562057,7.105472363084555
CHEMBL1630112,Nc1ccccc1NC(=O)c1ccc(-c2ccc3ncnc(Nc4ccc(OCc5cccc(F)c5)c(Cl)c4)c3c2)s1,8.552842,1.0,7.704476524889469,7.7463655,6.6352797,7.169878090173006
CHEMBL3678956,CC(C)n1c(Nc2ccc(C(=O)Nc3cccc(F)c3)cc2)nc2cnc(Nc3ccc(N4CCN(C)CC4)cc3)nc21,7.0604806,1.0,8.115593843857447,7.867368,7.918257,8.01692554016908
CHEMBL5632112,O=C(Nc1ccccc1)c1ccc(Nc2ncnc3[nH]ccc23)cc1,4.5228786,0.0,6.3941606270074836,6.4646077,7.0739965,6.7340785854458804
CHEMBL4446681,CN(CCc1ccc(-c2ccccc2)cc1)Cc1cn(C)c2ccc(C(=O)Nc3ccc(F)cc3)cc12,5.0,0.0,5.53400422513485,5.721406,7.2586055,6.396304852664471
CHEMBL373882,CNc1ncnc(-c2cccnc2Oc2ccc(F)c(C(=O)Nc3cc(C(F)(F)F)ccc3N(C)CCCN(C)C)c2)n1,4.60206,0.0,6.484695823192596,6.557161,8.003624,7.2441598927974695
CHEMBL5517879,COc1ccc(C2CC(c3ccc(Cl)cc3Cl)=NN2c2nc(C)c(C(=O)Nc3ccccc3)s2)cc1OC,7.4881167,1.0,5.583505458235741,5.617916,7.2635036,6.423504504859448
CHEMBL5269307,COc1ccc2nc(Cl)c(C3CC(c4ccc(C)cc4)=NN3c3nc(C)c(C(=O)Nc4ccccc4)s3)cc2c1,7.3714066,1.0,5.857457441091538,5.400494,7.579045,6.718251129984855
CHEMBL131577,Cc1cccc(Cl)c1NC(=O)c1cnc(NC(=O)C2CC2)s1,5.0,0.0,6.428785531095096,6.5358467,4.9321985,5.680492027785097
CHEMBL5416410,Cc1nc(Nc2ncc(C(=O)Nc3c(C)cccc3Cl)s2)cc(N2CCN(CCO)CC2)n1,6.492144,,6.71043154006345,6.9086933,7.047325,6.878878337170397
CHEMBL5874947,C=CC(=O)Nc1cccc(Nc2nc(Nc3ccccc3)ncc2C(=O)Nc2ccccc2)c1,6.2596374,,6.867133016586304,6.9083695,7.7971125,7.332122740745545
CHEMBL364623,Cc1cc(Nc2ncc(C(=O)Nc3c(C)cccc3Cl)s2)nc(C)n1,5.2839966,0.0,6.3387819057405,6.414877,6.190081,6.264431512638927
CHEMBL461114,Nc1ncnc(Nc2ccc(OCc3ccccc3)c(Cl)c2)c1C(=O)Nc1ccccc1,7.1191864,1.0,6.816730145215988,6.8294826,7.1100864,6.963408293128014
CHEMBL5303395,C=CC(=O)N1CCC[C@@H](n2nc(C(=O)Nc3ccc(CC(=O)N(C)C)c(C)c3C)c3c(N)ncnc32)C1,7.1870866,1.0,6.967960796356201,6.975485,7.084837,7.026398878097535
CHEMBL5206193,O=C(Nc1ccccc1C(=O)N/N=C/c1ccc(O)cc1O)c1ccco1,7.287194,1.0,5.056931661585966,5.0831866,5.6513085,5.354120099057754
CHEMBL1782692,NS(=O)(=O)c1ccc(NC(=O)c2ccccc2NC(=O)c2ccco2)cc1,7.5058455,1.0,5.162548246502877,4.956441,5.2262297,5.194388957083225
CHEMBL435054,Cn1c(SSc2c(C(=O)Nc3ccccn3)c3ccccc3n2C)c(C(=O)Nc2ccccn2)c2ccccc21,4.3279023,0.0,6.266839245428096,5.9484124,5.8189344,6.042886843020444
CHEMBL3707348,CC#CC(=O)N1CCC[C@H]1c1nc(-c2ccc(C(=O)Nc3ccccn3)cc2)c2c(N)nccn12,5.454322,0.0,6.199942196011543,6.116449,7.8235083,7.01172522932291
CHEMBL2029697,Cc1nn(C)cc1C(=O)Nc1ccn(Cc2c(F)cccc2Cl)n1,4.1402617,0.0,5.420386441349983,5.7508764,6.3160806,5.868233505785465
CHEMBL4570293,C=CC(=O)Nc1cc(Nc2nccc(NC(=O)c3cccc4ccccc34)n2)c(OC)cc1N1CCN(C)CC1,7.4774256,1.0,7.224278031587601,7.386988,7.9097805,7.567029266953469
CHEMBL4522594,Cn1cc(NC(=O)c2ccc(NS(=O)(=O)c3ccccc3)cc2)cn1,4.4336805,0.0,4.664469385147095,4.98805,5.344034,5.004251790046692
CHEMBL4878790,O=C(Nc1cncnc1Oc1cccc(C(F)(F)F)c1)c1ccc(F)cc1,5.5257835,0.0,6.573485917311448,6.3795824,6.705909,6.639697346320519
CHEMBL6191781,COc1cc(N2CCC(N3CCN(C)CC3)CC2)c(C)cc1Nc1nccc(-n2cc(NC(=O)C3CC3)cn2)n1,6.947704,,7.1146525566492755,7.3414497,7.6333985,7.374025544758354
CHEMBL5807574,Nc1ncnc2c1c(C(=O)Nc1nc3cc(-c4ccccc4)ccc3o1)cn2[C@@H]1CCN(C(=O)/C=C/CN2CCCC2)C1,7.489455,1.0,7.435064927339555,7.429352,7.576095,7.505580015778542
CHEMBL6030528,Nc1ncnc2c1c(C(=O)Nc1nc3cc(-c4ccccc4)ccc3o1)cn2[C@@H]1CCN(C(=O)/C=C/CN2CCCCC2)C1,7.1706963,1.0,7.430525137782098,7.429352,7.5671716,7.498848355710507
CHEMBL5785458,CN(C)C/C=C/C(=O)N1CC[C@@H](n2nc(C(=O)Nc3nc4cc(-c5ccccc5)ccc4o3)c3c(N)ncnc32)C1,7.7121983,1.0,7.550177489585348,7.460196,7.351106,7.450641828212474
CHEMBL6026303,CN(C)C/C=C/C(=O)N1CCC[C@@H](n2nc(C(=O)Nc3nc4cc(-c5cccs5)ccc4o3)c3c(N)ncnc32)C1,6.8326826,,7.100734776509187,7.3143406,7.2736983,7.187216553217362
CHEMBL3966111,C=CC(=O)NCCCn1c(NC(=O)c2cccc(C(F)(F)F)c2)nc2cc(C)ccc21,6.7904353,,6.636437698046367,6.3068295,7.5148826,7.075660131295523
CHEMBL3892960,C=CC(=O)NC1CCC(n2c(NC(=O)c3cccc(C(F)(F)F)c3)nc3cc(C)ccc32)C1,5.166853,0.0,6.986794017513591,6.70635,7.0686545,7.02772427735726
CHEMBL3953921,C=CC(=O)N1CCCC(n2c(NC(=O)c3cccc(C(F)(F)F)c3)nc3cc(C)ccc32)C1,7.607303,1.0,7.17609588889281,7.2483473,6.949398,7.062746964832147
CHEMBL3982602,C=CC(=O)N1CCC(n2c(NC(=O)c3cccc(C(F)(F)F)c3)nc3cc(C)ccc32)CC1,4.7835703,0.0,7.264679007132848,7.395115,7.3157763,7.290227677623431
CHEMBL6061460,CN(C)C/C=C/C(=O)N1CC(N2CC(C(=O)Nc3nc4cc(Cl)ccc4o3)c3c(N)ncnc32)C1,7.6903696,1.0,7.087129075050354,7.2614307,6.434856,6.760992506504059
CHEMBL5831739,Nc1ncnc2c1c(C(=O)Nc1nc3cc(Cl)ccc3o1)cn2[C@@H]1CCN(C(=O)/C=C/CN2CCCC2)C1,7.5934596,1.0,7.382490942875544,7.1551323,7.7317085,7.557099734743436
CHEMBL5994959,Nc1ncnc2c1c(C(=O)Nc1nc3cc(Cl)ccc3o1)cn2[C@@H]1CCN(C(=O)/C=C/CN2CCCCC2)C1,7.430626,1.0,7.369294884006182,7.1551323,7.700509,7.53490197767814
CHEMBL5808724,C=CC(=O)NCCCn1nc(C(=O)Nc2nc3ccccc3o2)c2c(N)ncnc21,7.958607,1.0,7.319843610752194,7.16695,5.825282,6.572562853807494
CHEMBL5913449,Nc1ncnc2c1c(C(=O)Nc1nc3cc(Cl)ccc3o1)nn2[C@@H]1CCCN(C(=O)/C=C/CN2CCCC2)C1,6.838632,,6.874489258229732,6.853223,7.915015,7.3947522394359115
CHEMBL5885364,Nc1ncnc2c1c(C(=O)Nc1nc3cc(Cl)ccc3o1)nn2[C@@H]1CCCN(C(=O)/C=C/CN2CCCCC2)C1,6.860121,,6.861308827698231,6.853223,7.645031,7.253169901520014
CHEMBL5828421,Nc1ncnc2c1c(C(=O)Nc1nc3cc(Cl)ccc3o1)nn2[C@@H]1CCN(C(=O)/C=C/CN2CCCC2)C1,7.223299,1.0,7.141495306889215,6.949805,7.7947073,7.468101302584012
CHEMBL5899620,Nc1ncnc2c1c(C(=O)Nc1nc3cc(Cl)ccc3o1)nn2[C@@H]1CCN(C(=O)/C=C/CN2CCCCC2)C1,7.1518106,1.0,7.1284840534130725,6.949805,7.7576766,7.443080327411492
CHEMBL5949598,C=CC(=O)N1CC(n2nc(C(=O)Nc3nc4cc(F)ccc4o3)c3c(N)ncnc32)C1,7.686133,1.0,7.282187439407623,7.1039395,7.782177,7.532182205421584
CHEMBL5846269,C=CC(=O)N1CCCC(Cn2nc(C(=O)Nc3nc4ccccc4o3)c3c(N)ncnc32)C1,7.7447276,1.0,7.7232756604978015,7.2838793,7.242634,7.48295474003894
CHEMBL51028,CN1CCN(CCCNc2ncc3cc(-c4c(Cl)cccc4Cl)c(NC(=O)NC4CCCCC4)nc3n2)CC1,6.055517,,6.34769801457723,6.3814106,8.223786,7.2857421843210854
CHEMBL5811320,C=CC(=O)N1CCC[C@@H](n2nc(C(=O)Nc3nc4ncccc4o3)c3c(N)ncnc32)C1,7.546682,1.0,7.467742908619699,7.405565,7.0071507,7.237446779322056
CHEMBL5208369,O=C(Nc1nccs1)C(c1cc[nH]n1)N1Cc2ccccc2C1=O,6.027797,,7.200371942344167,7.310627,6.445912,6.823141913326014
CHEMBL5200637,CN1CCC(c2ccc(-c3ccc4c(c3)CCN(C(C(=O)Nc3nccs3)c3cccc(F)c3)C4=O)cc2)CC1,8.6575775,1.0,9.110792998671531,9.2746105,6.7250147,7.917903842628002
CHEMBL5202129,CN1CCN(c2ccc(-c3ccc4c(c3)CCN(C(C(=O)Nc3nccs3)c3cccc(F)c3)C4=O)cc2)CC1,8.958608,1.0,8.510827383895714,8.940477,7.018115,7.7644712137679255
CHEMBL5195912,CN1CCC(c2ccc(-c3ccc4c(c3)C(=O)N(C(C(=O)Nc3nccs3)c3cccc(F)c3)CC4)cc2)CC1,8.49485,1.0,9.228564147353172,9.385934,8.635948,8.932256164252758
CHEMBL5187605,CN1CCN(c2ccc(-c3ccc4c(c3)C(=O)N(C(C(=O)Nc3nccs3)c3cccc(F)c3)CC4)cc2)CC1,8.167491,1.0,8.625261871516704,9.054784,8.67586,8.650561138242484
CHEMBL5193027,O=C(Nc1nccs1)C(c1ccccc1)N1Cc2ccc(-c3ccc4[nH]ccc4c3)cc2C1=O,7.823909,1.0,8.0734193274322,8.084233,6.991949,7.532684204426549
CHEMBL5197154,CN1CCC(c2ccc(-c3ccc4c(=O)n(C(C(=O)Nc5nccs5)c5ccccc5)ccc4c3)cc2)CC1,8.920818,1.0,9.155351547400157,8.850876,7.618171,8.386761381228766
CHEMBL5178865,CN1CCN(c2ccc(-c3ccc4c(=O)n(C(C(=O)Nc5nccs5)c5ccccc5)ccc4c3)cc2)CC1,8.468521,1.0,8.648559737483659,8.471307,7.688095,8.168327415128548
CHEMBL5173701,CN1CCC(c2ccc(-c3ccc4ccn(C(C(=O)Nc5nccs5)c5ccccc5)c(=O)c4c3)cc2)CC1,8.744727,1.0,9.150055921475092,8.809256,6.988571,8.06931354423364
CHEMBL5208065,CN1CCN(c2ccc(-c3ccc4ccn(C(C(=O)Nc5nccs5)c5ccccc5)c(=O)c4c3)cc2)CC1,8.30103,1.0,8.64862168220679,8.4909,7.2483993,7.948510469933351
CHEMBL5204270,CN1CCC(c2ccc(-c3ccc4c(=O)n(C(C(=O)Nc5nccs5)c5ccccc5)cnc4c3)cc2)CC1,8.236572,1.0,9.238840885162354,8.992641,7.6216164,8.430228624343872
CHEMBL5204970,CN1CCN(c2ccc(-c3ccc4c(=O)n(C(C(=O)Nc5nccs5)c5ccccc5)cnc4c3)cc2)CC1,8.508638,1.0,8.648100883046785,8.704686,7.6892595,8.168680206080278
CHEMBL5191674,CN1CCC(c2ccc(-c3ccc4ncn(C(C(=O)Nc5nccs5)c5ccccc5)c(=O)c4n3)cc2)CC1,9.2218485,1.0,8.600940509239834,8.893625,7.3654275,7.983184001644453
CHEMBL5172573,CN1CCN(c2ccc(-c3ccc4ncn(C(C(=O)Nc5nccs5)c5ccccc5)c(=O)c4c3)cc2)CC1,9.045757,1.0,8.73674918202559,9.05258,7.4906,8.113674645562966
CHEMBL5207108,CN1CCC(c2ccc(-c3cnc4ncn(C(C(=O)Nc5nccs5)c5ccccc5)c(=O)c4c3)cc2)CC1,8.721247,1.0,9.152539733052254,8.414901,7.4993157,8.325927735865116
CHEMBL5200988,CN1CCC(c2ccc(-c3ccc4c(=O)n(C(C(=O)Nc5nccs5)c5ccccc5)ncc4c3)cc2)CC1,8.013228,1.0,9.080012853542963,8.603054,7.642637,8.36132481475671
CHEMBL5207462,CN1CCN(c2ccc(-c3ccc4c(=O)n(C(C(=O)Nc5nccs5)c5ccccc5)ncc4c3)cc2)CC1,7.74958,1.0,8.613640274087587,8.2336645,7.710551,8.162095529576142
CHEMBL5178754,CN1CCC(c2ccc(-c3ccc4cnn(C(C(=O)Nc5nccs5)c5ccccc5)c(=O)c4c3)cc2)CC1,8.39794,1.0,9.064115965763728,8.575997,6.9204826,7.992299300630887
CHEMBL5206436,CN1CCN(c2ccc(-c3ccc4cnn(C(C(=O)Nc5nccs5)c5ccccc5)c(=O)c4c3)cc2)CC1,7.9871626,1.0,8.602574584762255,8.267821,7.1902246,7.896399616142114
CHEMBL5195669,O=C(Nc1nccs1)C(c1n[nH]c2c1CCC2)N1Cc2ccccc2C1=O,6.566561,,7.120777053060985,7.0716853,6.943564,7.032170495600927
CHEMBL5190204,CCC1CCN(c2ccc(-c3cc(F)c4c(c3)C(=O)N(C(C(=O)Nc3nccs3)c3ncn5c3CCC5)C4)cc2)CC1,8.39794,1.0,8.195584851497696,8.204087,8.067421,8.131502905485176
CHEMBL5173986,O=C(Nc1nccs1)C(c1ncn2c1CCC2)N1Cc2ccc(C#Cc3ccccc3)cc2C1=O,6.8847756,,7.003034630099932,6.908472,6.123004,6.563019294877847
CHEMBL5207152,O=C(Nc1nccs1)C(c1ncn2c1C[C@@H](F)C2)n1cc2c(Cl)cc(-c3ccc(N4CCN(C5CC5)CC4)cc3)c(Cl)c2n1,7.646215,1.0,8.097437869687877,8.008703,7.763411,7.93042445738117
CHEMBL5170519,Cc1c(-c2ccc(N3CCOCC3)cc2)cc(C(F)F)c2cn(C(C(=O)Nc3nccs3)c3ncn4c3CCC43CC3)nc12,8.0,1.0,7.88529665907224,8.104137,8.406432,8.145864405433336
CHEMBL5177023,Cc1c(C#Cc2ccc(CN3CCC(CO)CC3)cc2)cc(C(F)F)c2cn(C(C(=O)Nc3nccs3)c3ncn4c3CCC43CC3)nc12,7.79588,1.0,8.008474226891995,8.239488,8.249923,8.129198489636183
CHEMBL5269346,O=C(Nn1c(-c2ccc(Br)cc2)cs/c1=N\c1ccc([N+](=O)[O-])cc1)c1ccc(Cl)cc1,5.0819697,0.0,6.065765997767448,6.0613728,5.7663198,5.916042874753475
CHEMBL4077349,O=C(Nn1c(-c2ccccc2)nc2ccccc2c1=O)c1ccc(Br)cc1,6.1079054,,6.445856409668923,6.09125,6.457919,6.451887765228749
CHEMBL5273438,C=CC(=O)Nc1cc(Nc2ncc(C(=O)OC3CCC3)c(-c3cn(C)c4ccccc34)n2)c(OC)cc1N(C)CCN(C)C,7.075721,1.0,7.259246214151383,7.1841054,7.156163,7.2077047148942945
CHEMBL5851317,C=CC(=O)Nc1cc(Nc2ncc(C(=O)O[C@@H]3CCOC3)c(-c3cn(C)c4ccccc34)n2)c(OC)cc1N(C)CCN(C)C,6.5228786,,7.2704468615055085,6.9840994,7.6573067,7.463876766324043
CHEMBL455433,O=C(O[C@H]1CN[C@H](C#Cc2cc3ncnc(NCc4cccc(Oc5ccccc5)c4)c3s2)C1)N1CCOCC1,6.7447276,,6.667263421217601,6.6733155,6.561017,6.614140228827795
CHEMBL455434,O=C(O[C@H]1CN[C@H](C#Cc2cc3ncnc(Nc4ccc(Cc5ccccc5)cc4)c3s2)C1)N1CCOCC1,6.6197886,,6.9647551392657405,6.8250713,6.868906,6.916830580191952
CHEMBL451513,O=C(O[C@H]1CN[C@H](C#Cc2cc3ncnc(Nc4ccc(OCc5cccc(F)c5)c(Cl)c4)c3s2)C1)N1CCCC1,7.004365,1.0,7.271543790748198,7.4648438,7.2659097,7.268726731265822
CHEMBL499534,O=C(O[C@H]1CN[C@H](C#Cc2cc3ncnc(Nc4ccc(OCc5cccc(F)c5)c(Cl)c4)c3s2)C1)N1CCNCC1,7.2006593,1.0,7.2718981235051,7.356143,7.4461613,7.359029696823351
CHEMBL449949,O=C(O[C@H]1CN[C@H](C#Cc2cc3ncnc(Nc4ccc(OCc5cccc(F)c5)nc4)c3s2)C1)N1CCOCC1,5.5850267,0.0,7.158093556751336,7.0783973,7.5654306,7.361762098962826
CHEMBL504117,O=C(O[C@H]1CN[C@H](C#Cc2cc3ncnc(Nc4ccc(OCc5ccccn5)c(Cl)c4)c3s2)C1)N1CCOCC1,7.30103,1.0,7.297190396528399,7.476365,7.559387,7.428288801779825
CHEMBL508760,O=C(O[C@H]1CN[C@H](C#Cc2cc3ncnc(Nc4ccc(OCc5cscn5)c(Cl)c4)c3s2)C1)N1CCOCC1,6.920819,,7.283607933655619,7.4614935,7.150334,7.216970907516897
CHEMBL453398,O=C(O[C@H]1CN[C@H](C#Cc2cc3ncnc(Nc4ccc(Oc5ccccn5)c(Cl)c4)c3s2)C1)N1CCOCC1,6.7212462,,7.125146482318171,7.27098,7.0458336,7.085490034982328
CHEMBL505463,O=C(O[C@H]1CN[C@H](C#Cc2cc3ncnc(Nc4ccc(Oc5ccnc6ccc(F)cc56)c(Cl)c4)c3s2)C1)N1CCOCC1,6.552842,,7.265073492960325,7.2924476,7.546753,7.405913211323913
CHEMBL461811,Cc1cc(Oc2ccc(Nc3ncnc4cc(C#C[C@@H]5C[C@@H](OC(=O)N6CCOCC6)CN5)sc34)cc2Cl)no1,6.39794,,7.172596039620186,7.2524505,7.908518,7.5405569385722995
CHEMBL501050,O=C(O[C@H]1CN[C@H](C#Cc2cc3ncnc(Nc4ccc(Sc5cccc(F)c5)c(Cl)c4)c3s2)C1)N1CCOCC1,6.2006593,,7.336833957507026,7.4611354,7.480487,7.408660413659518
CHEMBL457250,O=C(O[C@H]1CN[C@H](C#Cc2cc3ncnc(Nc4ccc(Sc5ccccn5)cc4)c3s2)C1)N1CCOCC1,5.782516,0.0,6.73574414797624,6.779506,6.8803463,6.8080452230970065
CHEMBL452716,O=C(O[C@H]1CN[C@H](C#Cc2cc3ncnc(Nc4ccc5c(Oc6ccccn6)cccc5c4)c3s2)C1)N1CCOCC1,5.978811,0.0,7.004824360485589,7.09875,7.855364,7.430094103155392
CHEMBL447720,O=C(O[C@H]1CN[C@H](C#Cc2cc3ncnc(Nc4ccc5c(ccn5CCc5ccccc5)c4)c3s2)C1)N1CCOCC1,5.500313,0.0,7.079781947050776,7.3042436,7.952939,7.5163604902795385
CHEMBL451347,O=C(O[C@H]1CN[C@H](C#Cc2cc3ncnc(Nc4ccc5c(ccn5Cc5cscn5)c4)c3s2)C1)N1CCOCC1,6.167491,,7.24984518002896,7.3944597,7.6184964,7.4341707990141135
CHEMBL452768,O=C(O[C@H]1CN[C@H](C#Cc2cc3ncnc(Nc4ccc5c(ccn5S(=O)(=O)c5ccsc5)c4)c3s2)C1)N1CCOCC1,6.823909,,6.558321378211181,6.8804464,7.4811954,7.019758414020141
CHEMBL451074,O=C(O[C@H]1CN[C@H](C#Cc2cc3ncnc(Nc4ccc5c(cnn5S(=O)(=O)c5cccc(F)c5)c4)c3s2)C1)N1CCOCC1,6.6382723,,7.3936549112598104,7.3221765,7.7165184,7.55508665667971
CHEMBL193368,CCc1c(C(=O)OCCCn2ccnc2)cn2ncnc(Nc3ccc4c(cnn4Cc4ccccc4)c3)c12,6.7695513,,6.889602768619856,6.9484954,7.441712,7.165657335619132
CHEMBL461113,Nc1ncnc(Nc2ccc(OCc3ccccc3)c(Cl)c2)c1C(=O)OCCN1CCOCC1,6.823909,,7.211015248471782,6.9787188,7.98621,7.598612558928274
CHEMBL3741399,C#Cc1cccc(Nc2ncnc3cc(OCCOC(=O)c4ccccc4OC(C)=O)c(OCCOC(=O)c4ccccc4OC(C)=O)cc23)c1,7.468521,1.0,7.35066721200943,7.954298,7.0996566,7.225161896944046
CHEMBL3741424,C#Cc1cccc(Nc2ncnc3cc(OCCOC(=O)c4ccccc4OC(C)=O)c(OCCOC)cc23)c1,8.30103,1.0,7.334229373931885,7.987863,7.401323,7.367776107788086
CHEMBL5974145,N#Cc1cnc2c(Cl)cc(NC(C3=CN([C@@H]4CCN(C(=O)OCc5ccccc5)C4)NN3)c3cccnc3)cc2c1Nc1ccc(F)c(Cl)c1,6.9244533,,7.252999137095043,7.625417,6.75067,7.001834546651159
CHEMBL5872256,N#Cc1cnc2c(Cl)cc(NC(C3=CN(C4CCN(C(=O)OCc5ccccc5)CC4)NN3)c3cccnc3)cc2c1Nc1ccc(F)c(Cl)c1,6.634512,,7.236510576605796,7.6664033,7.816784,7.526647240817546
CHEMBL5746241,O=C(OCc1ccccc1)N1CCC(n2cc(C(Nc3cc(Cl)c4ncnc(Nc5ccc(F)c(Cl)c5)c4c3)c3ccccc3)nn2)CC1,5.0716043,0.0,6.982981777509054,7.622885,7.2949195,7.138950634161631
CHEMBL3612598,CCOC(=O)CCCn1c(=O)oc2cc3ncnc(Nc4ccc(C(=O)OCc5ccc(Cl)cc5)cc4)c3cc21,6.180456,,6.051800495386123,6.212434,6.6763062,6.3640533715486525
CHEMBL3623287,COc1cc2ncnc(Nc3cccc(Cl)c3F)c2cc1OC(=O)N1CCN(C)C2CC21,8.124669,1.0,8.357404559910297,8.472712,8.279302,8.31835310164094
CHEMBL3623281,COc1cc2ncnc(Nc3cccc(Cl)c3F)c2cc1OC(=O)N1CCOCC1,8.387217,1.0,8.359541166404883,8.214115,8.0308485,8.195194834758837
CHEMBL5270693,COc1cc(N2CCC(N(C)C)CC2)ccc1Nc1ncc(C(=O)Oc2ccccc2)c(-c2c[nH]c3ccccc23)n1,10.69897,1.0,9.086925020217896,8.873687,8.319376,8.703150506019593
CHEMBL3740492,Cc1c(C(=O)c2coc3c2cc(O)c2ccccc23)[nH]c(-c2ccccc2)c1-c1ccccc1,5.29243,0.0,5.289251929124196,5.700588,4.9633136,5.126282754341761
CHEMBL3741960,Cc1c(C(=O)c2coc3ccc(O)cc23)[nH]c(-c2ccccc2)c1-c1ccccc1,5.4353337,0.0,5.165256397326788,5.54799,4.413986,4.789621301690738
CHEMBL1928301,O=C(c1cc2ccccc2[nH]1)c1cc2c(Nc3ccc(OCc4cccc(F)c4)cc3Cl)ncnc2s1,7.732828,1.0,7.081987861394882,7.0854473,7.0772333,7.079610587954521
CHEMBL1928315,O=C(c1cc2ccccc2s1)c1cc2c(Nc3ccc(F)c(Cl)c3)ncnc2s1,7.966576,1.0,7.5770338121652605,7.467945,7.3872647,7.482149270355702
CHEMBL3436360,CN1CCN(C(=O)c2ccc(-c3ccc4ncnc(Nc5ccc(OCc6cccc(F)c6)c(Cl)c5)c4c3)o2)CC1,6.633764,,7.819191587896577,7.844878,7.934441,7.876816338763351
CHEMBL4869634,CC(C)Oc1cc(F)ccc1Nc1ncnc2ccc(-c3ccc(C(=O)N4CCNCC4)cc3)nc12,5.705534,0.0,6.9577086624503135,7.1361194,6.8485637,6.903136166781187
CHEMBL5821734,CN(C)C(=O)N[C@@H]1CCCN(c2cnc(C(N)=O)c(Nc3ccc(C(=O)N4CCCC4)cc3)n2)C1,5.2596374,0.0,5.277697451114655,5.5896845,6.5647287,5.921213093996048
CHEMBL6176188,O=C(c1ccc2ccccc2c1)c1cn(-c2ccccc2)nc1C1=Nn2c(Cc3nnc4n3N=C(c3nn(-c5ccccc5)cc3C(=O)c3ccc5ccccc5c3)CS4)nnc2SC1,7.707744,1.0,6.659258355498314,6.544971,7.796934,7.228096241652965
CHEMBL1171792,Cc1ccc(Br)c2c(C#N)cc(C(=O)C3CC3)n12,7.070581,1.0,5.089278403242429,5.272194,5.2372274,5.1632529215614
CHEMBL3623280,COc1cc2ncnc(Nc3cccc(Cl)c3F)c2cc1C(=O)N1CCOCC1,6.779892,,8.146639141360918,8.000013,7.5238485,7.835243837495645
CHEMBL5558538,O=C(c1cccc(-c2ccc3ncnc(N4CCc5ccccc54)c3n2)c1)N1CCNCC1,6.6382723,,7.3422350386778525,6.9138446,7.9696703,7.655952667196592
CHEMBL277430,Cc1ccc(N(C(=O)c2ccccc2)C(=O)c2ccccc2)cc1Nc1nccc(-c2cccnc2)n1,4.124939,0.0,4.975212703943253,4.805444,6.830469,5.90284091770649
CHEMBL2159053,COc1ccc(C2=NN(C(=O)c3ccc(Cl)cc3O)C(c3ccc(Cl)cc3)C2)cc1,4.9792247,0.0,5.238052263498307,5.362963,4.705639,4.971845574498177
CHEMBL1229517,CCCS(=O)(=O)Nc1ccc(F)c(C(=O)c2c[nH]c3ncc(-c4ccc(Cl)cc4)cc23)c1F,7.318759,1.0,6.883698730860438,6.911851,5.949617,6.416657819943769
CHEMBL81712,O=C(c1ccccc1)c1cc2ncnc(Nc3ccc4[nH]ccc4c3)c2s1,8.045757,1.0,7.886302799582482,7.7902737,6.318364,7.102333471477031
CHEMBL3799345,O=C(c1ccccc1)c1ccc(NC(=O)c2cc3ccccc3[nH]2)cc1,4.309804,0.0,4.588618922233581,4.8056498,5.969734,5.279176557064057
CHEMBL419409,COc1ccc(C#CC(C)(C)N)cc1C(=O)c1ccc(Nc2ccc(F)cc2F)cc1,5.2060323,0.0,5.366652517318726,4.9305706,4.919624,5.143138184547425
CHEMBL3799956,O=C(c1ccccc1)c1cccc(NC(=O)c2cc3ccccc3[nH]2)c1,4.3467875,0.0,4.525215577483177,4.6729927,5.5327187,5.028967117965221
CHEMBL434063,CN(CCOc1ccc(C[C@H](Nc2ccccc2C(=O)c2ccccc2)C(=O)O)cc1)c1ccccn1,4.962733,0.0,6.01463500604885,7.075922,6.515671,6.265152891208018
CHEMBL5282557,CCCCCCCCCNc1nc2ccccc2c2c(C(=O)c3ccc(F)cc3)c(N)cn12,6.802361,,6.358523710012435,6.0960975,8.00856,7.1835419453382485
CHEMBL461571,Cc1c(C(=O)c2ccc(Cl)cc2)c2ccc(OC(F)(F)F)cc2n1Cc1cccc(O[C@H](C)C(=O)O)c1,5.649752,0.0,5.7354010033607485,5.17861,6.486312,6.110856457948685
CHEMBL1830231,COc1cc(C(=O)c2csc(-c3ccc4[nH]ccc4c3)n2)cc(OC)c1OC,8.09691,1.0,5.955139725804329,6.382299,5.2261496,5.590644642412663
CHEMBL5286014,C=CC(=O)N1CCC[C@H](n2nc(C(=O)c3ccc(CC(=O)N(C)C)c(C)c3C)c3c(N)ncnc32)C1,7.1870866,1.0,6.9433980123202,6.774658,7.4447536,7.194075829585393
CHEMBL4216765,COc1ccc(C(=O)n2nc(-c3cccnc3)nc2N)cc1,5.4436975,0.0,5.733752252260845,5.4284067,5.1123543,5.4230532654126495
CHEMBL5287053,COc1ccc(C(=O)n2nc(-c3ccncc3)nc2N)cc1,5.337242,0.0,5.7759056229194,5.5854735,5.154567,5.465236193875471
CHEMBL363607,Cc1ccc(F)c(C(=O)n2nc(Nc3ccc(S(N)(=O)=O)cc3)nc2C)c1F,4.3391347,0.0,5.589463341236114,4.886765,6.7092505,6.149356895685196
CHEMBL160935,Cn1c(SSc2c(C(=O)c3ccco3)c3ccccc3n2C)c(C(=O)c2ccco2)c2ccccc21,5.113509,0.0,5.34486229300499,5.18198,5.702939,5.523900663256645
CHEMBL363130,Cc1ccsc1C(=O)n1nc(Nc2ccc(S(N)(=O)=O)cc2)nc1N,5.075721,0.0,5.584329623579979,4.960233,5.031505,5.307917365729809
CHEMBL3741069,Cc1[nH]c(-c2ccccc2)c(-c2ccccc2)c1C(=O)c1cn(-c2ccccc2)nc1-c1ccccc1,5.59176,0.0,5.438518162965774,5.4101906,5.1420326,5.290275393128395
CHEMBL5807191,CC(C)N1C=C([C@@H](Nc2cc(Cl)c3ncc(C#N)c(Nc4ccc(F)c(Cl)c4)c3c2)c2cncc(C(=O)N3CCCC3)c2)NN1,7.853872,1.0,7.167619580507278,7.546611,8.435828,7.801723894715309
CHEMBL6170958,CCOc1ccc(/C=C2/C(=O)N(c3ccc(Cl)cc3)N=C2C)cc1,9.920818,1.0,6.115350770359948,6.1316,5.157304,5.636327290239788
CHEMBL2316149,COc1cc(/C=C2\CCC/C(=C\C3CCCCC3)C2=O)cc(OC)c1,5.1243606,0.0,5.359279565095901,5.4225883,5.360687,5.359983172059058
CHEMBL4081727,COc1cc(Br)c(/C=C2\CC(C)C/C(=C\c3nc(C)c(C)nc3C)C2=O)cc1OC,5.7212462,0.0,5.6531906976302455,5.71698,7.0595226,6.356356663207213
CHEMBL48614,CN1CCC(c2c(O)cc(O)c3c2O/C(=C\c2ccccc2Cl)C3=O)CC1,5.7746906,0.0,5.868506298065186,6.1198554,5.174224,5.521365098953247
CHEMBL3361128,O=C1/C(=C\c2ccc(O)c(O)c2)Oc2ccccc21,4.0,0.0,5.2649504855871205,5.483027,4.7225924,4.993771419703961
CHEMBL4100075,Cc1nc(C)c(/C=C2\CC(C)C/C(=C\c3nc(C)c(C)nc3C)C2=O)nc1C,5.958607,0.0,5.650940377910931,5.536323,7.1004767,6.375708559850851
CHEMBL5181037,COc1cccc2c1C(=O)C1=C(C2=O)c2c(O)cc(CO)cc2[C@@H](O)[C@@H]1O,8.1844225,1.0,5.415340796768666,6.0565457,5.3175764,5.366458602577448
CHEMBL3219127,C=CC(=O)Nc1cccc(N2C(=O)C3CCCCN3C(=O)c3cnc(Nc4ccc(N5CCN(C)CC5)cc4OC)nc32)c1,8.366531,1.0,7.538264267524084,7.703911,7.709639,7.623951669971149
CHEMBL398154,CCOc1cc2ncnc(NC3=CC(=O)C(OCc4ccccn4)=CC3=O)c2cc1NC(=O)/C=C/CN(C)C,6.571622,,7.517305670976639,7.2286367,7.9259086,7.72160711824894
CHEMBL243839,CCOc1cc2ncnc(NC3=CC(=O)C(OCc4cccs4)=CC3=O)c2cc1NC(=O)/C=C/CN(C)C,6.926595,,7.032062029043834,6.943131,8.210215,7.621138321955999
CHEMBL5185036,CCc1ccc(C2=C(O)C(=O)C(c3ccc(CC)cc3)=C(O)C2=O)cc1,7.520281,1.0,5.256576955318451,5.573218,4.75128,5.003928393125534
CHEMBL1242973,COC(=O)[C@@]1(Cc2ccc(O)c(CC=C(C)C)c2)OC(=O)C(O)=C1c1ccc(O)cc1,3.229148,0.0,6.447126758396625,6.637532,5.2245474,5.835837072283029
CHEMBL2332119,NC(=O)C1=C(N)C(=O)C=C(Nc2ccccc2O)C1=O,5.5850267,0.0,4.86529670894146,4.8176494,5.671443,5.2683698472380645
CHEMBL6171440,COc1cc(-c2nc3ccccc3s2)ccc1OCC(=O)N1C(=O)C=CC1=O,6.920819,,6.620945242884614,6.0167217,5.144384,5.882664575101364
CHEMBL9470,CC(C)=CC[C@@H](O)C1=CC(=O)c2c(O)ccc(O)c2C1=O,6.856361,,5.21469310204188,5.4431605,5.0046177,5.10965539654096
CHEMBL1630578,C[C@@H]1C[C@H]2[C@@H]3CCC4=CC(=O)C=C[C@]4(C)C3=CC[C@]2(C)[C@H]1C(=O)CN1CCN(c2cc(N3CCCC3)nc(N3CCCC3)n2)CC1,4.6904335,0.0,6.209591888257434,4.9533806,8.052502,7.131046783362116
CHEMBL5789285,C=CC(=O)Nc1cccc(Nc2nc(Nc3ccc(C4CCN(CCF)C(=O)C4)cc3OC)ncc2C(F)(F)F)c1,4.470294,0.0,6.282411900162697,6.378246,7.749768,7.016089840233326
CHEMBL5865007,CN1CCC(c2ccc3c(c2)[nH]/c(=N\C(=O)c2ccnc(-c4cnn(C)c4)c2)n3CC(C)(C)O)CC1=O,7.1007266,1.0,7.47803075202306,7.43897,6.7243085,7.101169621388117
CHEMBL4645726,N#CC1=C(N)N(c2nnc3c4ccccc4nc(Sc4ccc(Br)cc4)n23)C(=O)C1,5.7447276,0.0,5.9157204866409305,5.615851,8.397532,7.1566264748573305
CHEMBL1641995,N#Cc1cnc(Nc2cccc(Br)c2)c2cc(NC(=O)[C@@H]3CCC(=O)N3)ccc12,5.6575775,0.0,6.133938537240028,6.1340203,6.824423,6.479180686771869
CHEMBL5980088,COC1CCN(c2nccc(Nc3cc4c(cn3)nc(COCCOCCN3CCN(CCCCc5ccc6c(c5)C(=O)N(C5CCC(=O)NC5=O)C6=O)CC3)n4C(C)C)n2)CC1,4.853872,0.0,6.285558242400487,5.571834,7.7966986,7.041128406325976
CHEMBL5967794,O=C1CCC(N2C(=O)c3ccc(N4CCC(CCCOCCCCCc5cccc6c5C(=O)N(C(C(=O)Nc5nccs5)c5cc(F)ccc5O)C6)CC4)cc3C2=O)C(=O)N1,5.823909,0.0,7.478889887622428,8.201921,6.0207963,6.74984309330157
CHEMBL5850357,O=C1CCC(N2C(=O)c3ccc(N4CCC(CN5CCC(OCC#Cc6cccc7c6C(=O)N(C(C(=O)Nc6nccs6)c6cc(F)ccc6O)C7)CC5)CC4)cc3C2=O)C(=O)N1,5.958607,0.0,7.672046008958706,8.190164,5.783478,6.727761896080915
CHEMBL6037186,O=C1CCC(N2C(=O)c3ccc(N4CCC(CN5CCC(OC/C=C/c6cccc7c6C(=O)N(C(C(=O)Nc6nccs6)c6cc(F)ccc6O)C7)CC5)CC4)cc3C2=O)C(=O)N1,5.853872,0.0,7.633215172940778,8.068138,5.8051577,6.719186417189383
CHEMBL5753614,O=C1CCC(N2C(=O)c3ccc(N4CCC(CN5CCC(OCCCc6cccc7c6C(=O)N(C(C(=O)Nc6nccs6)c6cc(F)ccc6O)C7)CC5)CC4)cc3C2=O)C(=O)N1,5.7447276,0.0,7.532914480598201,7.885924,5.706544,6.619729201511259
CHEMBL5965216,CC(C)n1nc(N2CC(CN3CCN(CC4CCN(c5ccc6c(c5)C(=O)N(C5CCC(=O)NC5=O)C6=O)CC4)CC3)C2)c2cnc(Nc3ccnc(-c4cnn(S(=O)(=O)C5CC5)c4)n3)cc21,7.9119544,1.0,6.947940818985303,7.0219865,6.283036,6.615488525489965
CHEMBL5984029,CC(C)n1nc(N2CCN(CC3CCN(c4ccc5c(c4)C(=O)N(C4CCC(=O)NC4=O)C5=O)CC3)CC2)c2cnc(Nc3ccnc(-c4cnn(S(=O)(=O)C5CC5)c4)n3)cc21,8.309804,1.0,6.917047797441481,6.8804636,5.8691273,6.393087535500525
CHEMBL5989746,O=C1CCC(N2C(=O)c3ccc(N4CCN(C5CCN(CCCOCCCCNc6cccc7c6C(=O)N(C(C(=O)Nc6nccs6)c6cc(F)ccc6O)C7)CC5)CC4)cc3C2=O)C(=O)N1,6.1487417,,7.586340405276844,8.2692995,6.3610787,6.973709572221551
CHEMBL6007759,O=C1CCC(N2C(=O)c3ccc(N4CCN(CC5CCN(CC#Cc6cccc7c6C(=O)N(C(C(=O)Nc6nccs6)c6cc(F)ccc6O)C7)CC5)CC4)cc3C2=O)C(=O)N1,5.7695513,0.0,7.6481507067084324,7.8348775,5.780267,6.714208734244108
CHEMBL5862453,O=C1CCC(N2C(=O)c3ccc(N4CCN(CC5CCN(CCCc6cccc7c6C(=O)N(C(C(=O)Nc6nccs6)c6cc(F)ccc6O)C7)CC5)CC4)cc3C2=O)C(=O)N1,6.091515,,7.5232947384488025,7.93688,6.086815,6.805054809409948
CHEMBL6007655,COC1(CCN2CCN(c3ccc4c(c3)C(=O)N(C3CCC(=O)NC3=O)C4=O)CC2)CCN(c2nccc(Nc3cc4c(cn3)nc(C)n4C(C)C)n2)CC1,5.926936,0.0,6.188885470628739,5.3643513,7.974992,7.081938634514809
CHEMBL5893933,O=C1CCC(N2C(=O)c3ccc(N4CCN(CCCC#Cc5cccc6c5C(=O)N(C(C(=O)Nc5nccs5)c5cc(F)ccc5O)C6)CC4)cc3C2=O)C(=O)N1,5.469651,0.0,7.534560982284092,8.388389,5.493781,6.514171036033403
CHEMBL5832364,O=C1CCC(N2C(=O)c3ccc(N4CCN(CCCOCCCC#Cc5cccc6c5C(=O)N(C(C(=O)Nc5nccs5)c5cc(F)ccc5O)C6)CC4)cc3C2=O)C(=O)N1,5.429118,0.0,7.485574286619823,8.383973,5.585775,6.535674592574438
CHEMBL5759916,O=C1CCC(N2C(=O)c3ccc(N4CCN(CCCOCCCCNc5cccc6c5C(=O)N(C(C(=O)Nc5nccs5)c5cc(F)ccc5O)C6)CC4)cc3C2=O)C(=O)N1,5.920819,0.0,7.5109037892534625,8.222947,6.284505,6.897704339847678
CHEMBL5995787,CC(C)n1c(COCCN2CCN(c3ccc(OCCCN4CCN(c5ccc6c(c5)C(=O)N(C5CCC(=O)NC5=O)C6=O)CC4)cc3)CC2)nc2cnc(Nc3ccnc(-c4cnn(S(=O)(=O)C5CC5)c4)n3)cc21,8.008774,1.0,6.526962173836573,6.4844546,6.585315,6.556138700672559
CHEMBL6052248,COC1CCN(c2nccc(Nc3cc4c(cn3)nc(COCCN3CCN(c5ccc(OCCCN6CCN(c7ccc8c(c7)C(=O)N(C7CCC(=O)NC7=O)C8=O)CC6)cc5)CC3)n4C(C)C)n2)CC1,6.5686364,,6.039775510089739,5.426709,7.705426,6.872600863107614
CHEMBL6040478,COC1CCN(c2nccc(Nc3cc4c(cn3)nc(COCCOCCON3CCN(c5ccc6c(c5)C(=O)N(C5CCC(=O)NC5=O)C6=O)CC3)n4C(C)C)n2)CC1,5.0,0.0,6.119065508345764,5.75424,7.774645,6.9468551800151666
CHEMBL5774764,COC1CCN(c2nccc(Nc3cc4c(cn3)nc(COCCON3CCN(c5ccc6c(c5)C(=O)N(C5CCC(=O)NC5=O)C6=O)CC3)n4C(C)C)n2)CC1,4.590228,0.0,6.119065508345764,5.75424,7.8682013,6.993633382072051
CHEMBL5795202,O=C1CCC(N2C(=O)c3ccc(NCCOCCOCC#Cc4cccc5c4C(=O)N(C(C(=O)Nc4nccs4)c4cc(F)ccc4O)C5)cc3C2=O)C(=O)N1,5.60206,0.0,7.461153507391612,7.654749,5.6559696,6.558561563571294
CHEMBL5968417,O=C1CCC(N2C(=O)c3ccc(NCCOCCOCCOCC#Cc4cccc5c4C(=O)N(C(C(=O)Nc4nccs4)c4cc(F)ccc4O)C5)cc3C2=O)C(=O)N1,6.113509,,7.461153507391612,7.654749,6.351015,6.906084299166997
CHEMBL5755507,CC(C)n1nc(N2CC(CN[C@H]3C[C@H](Oc4ccc5c(c4)C(=O)N(C4CCC(=O)NC4=O)C5=O)C3)C2)c2cnc(Nc3ccnc(-c4cnn(S(=O)(=O)C5CC5)c4)n3)cc21,8.886057,1.0,6.6910217268921075,5.9941916,6.6048756,6.647948645733651
CHEMBL5899856,COC1CCN(c2nccc(Nc3cc4c(cn3)nc(COCCCN3CCN(CCCOc5ccc6c(c5)C(=O)N(C5CCC(=O)NC5=O)C6=O)CC3)n4C(C)C)n2)CC1,5.991483,0.0,6.271078066948861,5.365207,7.2396746,6.755376317562565
CHEMBL5823873,O=C1CCC(N2C(=O)c3ccc(OCCN4CCN(CCCC#Cc5cccc6c5C(=O)N(C(C(=O)Nc5nccs5)c5cc(F)ccc5O)C6)CC4)cc3C2=O)C(=O)N1,5.711254,0.0,6.999526230021604,7.9534407,5.394532,6.197029216847961
CHEMBL5997059,COC1CCN(c2nccc(Nc3cc4c(cn3)nc(COCCOCCN3CCN(CCOc5ccc6c(c5)C(=O)N(C5CCC(=O)NC5=O)C6=O)CC3)n4C(C)C)n2)CC1,5.026872,0.0,6.359713763859537,5.305118,7.4608164,6.9102650736106765
CHEMBL5760517,COC1CCN(c2nccc(Nc3cc4c(cn3)nc(COCCN3CCN(CCOc5ccc6c(c5)C(=O)N(C5CCC(=O)NC5=O)C6=O)CC3)n4C(C)C)n2)CC1,5.6487846,0.0,6.359737059738901,5.305118,7.3927784,6.876257728172673
CHEMBL5982112,COC1CCN(c2nccc(Nc3cc4c(cn3)nc(-c3ccc(CN5CCN(CCOc6ccc7c(c6)C(=O)N(C6CCC(=O)NC6=O)C7=O)CC5)cc3)n4C(C)C)n2)CC1,6.318759,,6.7709143804712015,5.931,6.9258184,6.84836641188477
CHEMBL5740251,O=C1CCC(N2C(=O)c3ccc(OCCN4CCN(Cc5ccc(C6Cc7c(NCc8ccccc8Cl)ncnc7N6)cc5)CC4)cc3C2=O)C(=O)N1,6.314836,,6.875789078133448,6.811593,5.3331957,6.10449238223689
CHEMBL5804483,O=C1CCC(N2C(=O)c3ccc(OCCOCCOCC#Cc4cccc5c4C(=O)N([C@@H](C(=O)Nc4nccs4)c4cc(F)ccc4O)C5)cc3C2=O)C(=O)N1,5.5567546,0.0,6.97771387327711,7.304656,5.6808066,6.329260255043707
CHEMBL5829312,O=C1CCC(N2C(=O)c3ccc(OCCOCCOCCN4CCN(Cc5ccc(-c6cc7c(NCc8ccccc8Cl)ncnc7[nH]6)cc5)CC4)cc3C2=O)C(=O)N1,5.9836907,0.0,7.2406407314538965,7.371278,5.787279,6.513959930241109
CHEMBL5757114,O=C1CCC(N2C(=O)c3ccc(OCCOCCOCCOCCCc4cccc5c4C(=O)N(C(C(=O)Nc4nccs4)c4cc(F)ccc4O)C5)cc3C2=O)C(=O)N1,5.73683,0.0,6.847546700584039,7.1940985,5.3635178,6.105532230907254
CHEMBL5870193,O=C1CCC(N2C(=O)c3ccc(OCCOCCOCCOCCN4CCN(Cc5ccc(C6Cc7c(NCc8ccccc8Cl)ncnc7N6)cc5)CC4)cc3C2=O)C(=O)N1,6.124939,,6.885658535914763,6.79172,6.819993,6.852825777509383
CHEMBL5744096,O=C1CCC(N2C(=O)c3ccc(OCCOCCOCCOCCOCC#Cc4cccc5c4C(=O)N([C@@H](C(=O)Nc4nccs4)c4cc(F)ccc4O)C5)cc3C2=O)C(=O)N1,5.8991647,0.0,6.97771387327711,7.304656,5.185772,6.081742907707891
CHEMBL5825749,O=C1CCC(N2C(=O)c3ccc(OCCOCCOCCOCCOCCN4CCN(Cc5ccc(C6Cc7c(NCc8ccccc8Cl)ncnc7N6)cc5)CC4)cc3C2=O)C(=O)N1,5.657667,0.0,6.885658535914763,6.79172,6.3558917,6.620775120237044
CHEMBL5962222,O=C1CCC(N2C(=O)c3ccc(OCCOCCOCCOCCOCCOCC#Cc4cccc5c4C(=O)N([C@@H](C(=O)Nc4nccs4)c4cc(F)ccc4O)C5)cc3C2=O)C(=O)N1,5.0120544,0.0,6.97771387327711,7.304656,5.524042,6.250878001396856
CHEMBL5987087,O=C1CCC(N2C(=O)c3ccc(OCCOCCOCCOCCOCCOCCN4CCN(Cc5ccc(C6Cc7c(NCc8ccccc8Cl)ncnc7N6)cc5)CC4)cc3C2=O)C(=O)N1,6.0132284,,6.885658535914763,6.79172,6.20479,6.545224325635604
CHEMBL5862480,COC1CCN(c2nccc(Nc3cc4c(cn3)nc(COCCOCCOCCOc3ccc5c(c3)C(=O)N(C3CCC(=O)NC3=O)C5=O)n4C(C)C)n2)CC1,4.823909,0.0,6.368923805620935,5.4044805,8.0973835,7.233153652383221
CHEMBL5196498,C=CC(=O)Nc1cccc(Nc2nc(Nc3ccc(N4CCN(C(=O)CCCC(=O)Nc5cccc6c5C(=O)N(C5CCC(=O)NC5=O)C6=O)CC4)cc3OC)ncc2C(F)(F)F)c1,6.4859443,,6.90763366387004,7.2732573,7.121091,7.014362276423546
CHEMBL5201794,C=CC(=O)Nc1cccc(Nc2nc(Nc3ccc(N4CCN(C(=O)CCCCCC(=O)Nc5cccc6c5C(=O)N(C5CCC(=O)NC5=O)C6=O)CC4)cc3OC)ncc2C(F)(F)F)c1,6.9401774,,6.860586928550214,7.173116,7.3751163,7.117851638408408
CHEMBL5200495,C=CC(=O)Nc1cccc(Nc2nc(Nc3ccc(N4CCN(C(=O)CCCCNc5cccc6c5C(=O)N(C5CCC(=O)NC5=O)C6=O)CC4)cc3OC)ncc2C(F)(F)F)c1,6.563844,,6.8814781834256085,7.0569263,7.5824018,7.231939967948766
CHEMBL5206775,C=CC(=O)Nc1cccc(Nc2nc(Nc3ccc(N4CCN(CCOCCNc5cccc6c5C(=O)N(C5CCC(=O)NC5=O)C6=O)CC4)cc3OC)ncc2C(F)(F)F)c1,7.0281415,1.0,6.819394779205322,7.340385,7.434389,7.126891946792602
CHEMBL5933379,O=C1CCC(N2C(=O)c3cccc(NCCOCCOCC#Cc4cccc5c4C(=O)N([C@@H](C(=O)Nc4nccs4)c4cc(F)ccc4O)C5)c3C2=O)C(=O)N1,5.376751,0.0,7.487437743448076,7.8842864,5.573641,6.530539283406167
CHEMBL5759210,O=C1CCC(N2C(=O)c3cccc(NCCOCCOCCN4CCN(Cc5ccc(-c6cc7c(NCc8ccccc8Cl)ncnc7[nH]6)cc5)CC4)c3C2=O)C(=O)N1,6.5850267,,7.4544230975707375,7.775943,5.5881457,6.521284415225188
CHEMBL5971757,O=C1CCC(N2C(=O)c3cccc(NCCOCCOCCOCC#Cc4cccc5c4C(=O)N([C@@H](C(=O)Nc4nccs4)c4cc(F)ccc4O)C5)c3C2=O)C(=O)N1,5.071334,0.0,7.487437743448076,7.8842864,5.9457674,6.716602573048501
CHEMBL6037318,O=C1CCC(N2C(=O)c3cccc(NCCOCCOCCOCCN4CCN(Cc5ccc(-c6cc7c(NCc8ccccc8Cl)ncnc7[nH]6)cc5)CC4)c3C2=O)C(=O)N1,6.6382723,,7.4544230975707375,7.775943,5.6259937,6.540208413104216
CHEMBL5923228,O=C1CCC(N2C(=O)c3cccc(NCCOCCOCCOCCOCC#Cc4cccc5c4C(=O)N([C@@H](C(=O)Nc4nccs4)c4cc(F)ccc4O)C5)c3C2=O)C(=O)N1,5.2925134,0.0,7.487437743448076,7.8842864,5.594242,6.540839919697671
CHEMBL5789149,O=C1CCC(N2C(=O)c3cccc(NCCOCCOCCOCCOCCN4CCN(Cc5ccc(-c6cc7c(NCc8ccccc8Cl)ncnc7[nH]6)cc5)CC4)c3C2=O)C(=O)N1,6.958607,,7.4544230975707375,7.775943,6.6739826,7.064202858904998
CHEMBL5967065,O=C1CCC(N2C(=O)c3cccc(NCCOCCOCCOCCOCCOCC#Cc4cccc5c4C(=O)N([C@@H](C(=O)Nc4nccs4)c4cc(F)ccc4O)C5)c3C2=O)C(=O)N1,4.5228786,0.0,7.487437743448076,7.8842864,5.443608,6.46552277530375
CHEMBL5944645,O=C1CCC(N2C(=O)c3cccc(NCCOCCOCCOCCOCCOCCN4CCN(Cc5ccc(-c6cc7c(NCc8ccccc8Cl)ncnc7[nH]6)cc5)CC4)c3C2=O)C(=O)N1,6.3467875,,7.4544230975707375,7.775943,5.6710806,6.5627518434325856
CHEMBL5761717,O=C1CCC(N2C(=O)c3cccc(NCCOCCOCCOCCOCCOCCOCC#Cc4cccc5c4C(=O)N(C(C(=O)Nc4nccs4)c4cc(F)ccc4O)C5)c3C2=O)C(=O)N1,5.5086384,0.0,7.487437743448076,7.8842864,6.3812175,6.934327611576943
CHEMBL5823446,O=C1CCC(N2C(=O)c3cccc(NCCOCCOCCOCCOCCOCCOCCCc4cccc5c4C(=O)N(C(C(=O)Nc4nccs4)c4cc(F)ccc4O)C5)c3C2=O)C(=O)N1,5.5086384,0.0,7.331807445946194,7.9289775,6.376051,6.8539291975214365
CHEMBL5792219,O=C1CCC(N2C(=O)c3cccc(NCCOCCOCCOCCOc4ccc(-c5cc6c(NCc7ccccc7Cl)ncnc6[nH]5)cc4)c3C2=O)C(=O)N1,5.4317985,0.0,7.306146160364152,7.6214337,6.129502,6.717823989987374
CHEMBL6043242,O=C1CCC(N2C(=O)c3cccc(NCCOCCOCCOc4ccc(-c5cc6c(NCc7ccccc7Cl)ncnc6[nH]5)cc4)c3C2=O)C(=O)N1,5.2441254,0.0,7.306146160364152,7.6214337,5.564396,6.435271032452584
CHEMBL6042374,O=C1CCC(N2C(=O)c3cccc(NCCOCCOc4ccc(-c5cc6c(NCc7ccccc7Cl)ncnc6[nH]5)cc4)c3C2=O)C(=O)N1,6.5026217,,7.306146160364152,7.6214337,6.013012,6.6595790463685995
CHEMBL5755313,O=C1CCC(N2C(=O)c3cccc(NCCOCCc4ccc(-c5cc6c(NCc7ccccc7Cl)ncnc6[nH]5)cc4)c3C2=O)C(=O)N1,7.6927624,1.0,7.4368690073490145,7.841966,5.200426,6.318647554516792
CHEMBL5284115,COc1cc(N2CCC(N3CCN(CCC#Cc4cccc5c4CN(C4CCC(=O)NC4=O)C5=O)CC3)CC2)ccc1Nc1ncc(Cl)c(Nc2ccccc2P(C)(C)=O)n1,8.236572,1.0,7.696317956467469,7.9385815,7.7550826,7.725700281868378
CHEMBL5419641,COc1cc2ncnc(N(Cc3ccc([N+](=O)[O-])cc3)c3ccc(F)c(Cl)c3)c2cc1OCCOCCOCCOCCC(=O)Nc1cccc2c1CN(C1CCC(=O)NC1=O)C2=O,5.44855,0.0,7.250740224381288,7.35137,7.5563517,7.403545943031709
CHEMBL6165880,COc1cc(N2CCC(N3CCN(CC4CCN(c5ccc6c(c5)CN(C5CCC(=O)NC5=O)C6=O)CC4)CC3)CC2)ccc1Nc1ncc(Cl)c(Nc2ccccc2P(C)(C)=O)n1,7.161151,1.0,7.710849918464819,7.885223,8.393147,8.051998693515857
CHEMBL5769497,COc1ccccc1C(=O)NCc1ccc(-c2nn(C3CCC(=O)C3)c3ncnc(N)c23)cc1,5.2596374,0.0,6.0507609160741165,5.698107,5.4657793,5.7582701102892555
CHEMBL5860886,COc1ccccc1C(=O)NCc1ccc(-c2nn(C3CCC(=O)CC3)c3ncnc(N)c23)cc1,6.2596374,,5.95548063437144,5.7265053,5.8312817,5.8933811481793725
CHEMBL5958954,COc1ccccc1C(=O)NCc1ccc(-c2nn(C3CCCC(=O)C3)c3ncnc(N)c23)cc1,6.2596374,,6.043938749233881,5.6473308,5.4122887,5.728113707502683
CHEMBL5977738,Cc1ccc(S(=O)(=O)c2ccc(C3C(C(=O)c4ccccc4)=C(N)NC4=C3C(=O)CC(C)(C)C4)cc2)cc1,9.853872,1.0,5.161138984262943,5.115042,5.245096,5.203117595463992
CHEMBL5881155,CCOC(=O)C1=C(C(F)(F)F)NC2=C(C(=O)CC(C)(C)C2)C1c1ccc(S(=O)(=O)c2ccccc2)cc1,9.6575775,1.0,6.093326008319854,5.5771155,5.9408193,6.017072635889053
CHEMBL498247,CCC(C)[C@@H]1[C@@](C)(C(=O)/C=C/OC)[C@H]2[C@H](C)C[C@@](C)(O)C[C@]2(O)C(=O)[C@@]1(C)O,4.978811,0.0,5.207024767001469,6.0275273,5.919432,5.563228465119997
CHEMBL3982407,COc1cc(/C=C2\CCCCC2=O)cc(OC)c1,4.7288556,0.0,5.4860055792331694,5.140544,4.8912134,5.188609498143196
CHEMBL6173880,COc1cc(N(C)CCN(C)C)c2cc1Nc1nccc(n1)-c1cn(c3ccccc13)CCCCCCC(=O)N2,7.1766977,1.0,7.1051198481321345,7.1741014,6.9975443,7.051332068383694
CHEMBL6168797,COc1cc(N(C)CCN(C)C)c2cc1Nc1nccc(n1)-c1cn(c3ccccc13)CCCCCC(=O)N2,6.942531,,7.1051198481321345,7.1741014,7.134941,7.120030474603176
CHEMBL6173841,COc1cc(N(C)CCN(C)C)c2cc1Nc1ncc(C3CC3)c(n1)Nc1ccc(cc1P(C)(C)=O)OCCCCC(=O)N2,6.780288,,7.291916249394417,7.3557196,7.627084,7.459500013887882
CHEMBL5750713,C=CC(=O)Nc1cccc(Nc2nc(Nc3cccc(OCCCN4CCCC4=O)c3)ncc2F)c1,6.2596374,,7.074220685220901,6.980272,6.568561,6.82139088116941
CHEMBL5897274,C=CC(=O)N(C)Cc1ccc(Oc2nc(Nc3cccc(OCCCN4CCCC4=O)c3)ncc2F)cc1,6.2596374,,6.018062156575067,6.0515995,6.420554,6.219308158823422
CHEMBL5815423,C=CC(=O)Nc1cccc(Nc2nc(Nc3ccc(OCCN4CCCC4=O)cc3)ncc2F)c1,7.2596374,1.0,7.068003282864888,7.1405063,7.5673637,7.31768351093928
CHEMBL5830860,C=CC(=O)Nc1cccc(Nc2nc(Nc3ccc(OCCN4CCCC4=O)nc3)ncc2F)c1,7.2596374,1.0,7.23230255250136,7.4822707,7.605694,7.4189981848200155
CHEMBL5783875,C=CC(=O)N1CCOc2ccc(Nc3nc(Nc4ccc(N5CCCC5=O)cc4)ncc3C(C)=O)cc21,7.2596374,1.0,7.1816475651661555,7.1604586,6.510134,6.845890892644723
CHEMBL6161006,COc1cc(N(C)CCN(C)C)c2cc1Nc1nccc(n1)-c1cn(c3ccccc13)CCCC(=O)N2,6.9894466,,7.049383036096891,7.184955,7.1071763,7.078279669980208
CHEMBL3622652,O=C1CCN(C/C=C/C(=O)Nc2cc3c(Nc4ccc(F)c(Cl)c4)ncnc3cc2O[C@H]2CCOC2)CC1,6.2838297,,8.245973148703575,8.012458,7.2575707,7.751771946132183
CHEMBL233324,O=C1CCN(Cc2ccn3ncnc(Nc4ccc5c(cnn5Cc5cccc(F)c5)c4)c23)CCN1,6.6197886,,6.969263186434906,7.0439553,8.279797,7.624529893388352
CHEMBL5082149,COc1cc(CC(=O)N2CC(=O)N[C@@H](Cc3ccccc3)C(=O)N(CC(N)=O)C(=O)CCSCc3ccc(cc3)C(=O)N[C@@H](CCCCN)CN(C(=O)CCC3CCCCC3)CC(=O)N[C@@H](Cc3ccccc3)CN(C(=O)CCc3ccccc3)CC(=O)N[C@@H](Cc3ccccc3)C2)cc(OC)c1,4.7520266,0.0,5.959572857856751,5.3387623,5.463481,5.711526903629303
CHEMBL5827368,O=C1CCc2c(Oc3ccc4c(c3)[C@H]3[C@H](NC(=O)Cc5cccc(C(F)(F)F)c5)[C@H]3O4)ccnc2N1,5.5932894,0.0,6.752330097378075,6.9370294,7.0000515,6.87619079789558
CHEMBL6024685,O=C1CCc2c(Oc3ccc4c(c3)[C@H]3[C@H](NC(=O)c5ccc(-c6ccccc6)o5)[C@H]3O4)ccnc2N1,6.4867826,,6.879228009672392,6.8438344,7.765663,7.322445578322524
CHEMBL5897419,CCN1CCC(=Cc2ccc(C(=O)N[C@@H]3[C@H]4Oc5ccc(Oc6ccnc7c6CCC(=O)N7)cc5[C@@H]34)cc2C(F)(F)F)CC1,9.585027,1.0,8.254059692541759,8.403658,8.379721,8.316890190203985
CHEMBL5840248,CCN1CCC(Cc2ccc(C(=O)N[C@@H]3[C@H]4Oc5ccc(Oc6ccnc7c6CCC(=O)N7)cc5[C@@H]34)cc2C(F)(F)F)CC1,9.69897,1.0,8.487588733275732,8.667126,8.710446,8.599017545501392
CHEMBL5971901,O=C1CCc2c(Oc3ccc4c(c3)[C@H]3[C@H](NC(=O)c5ccc(CN6CCN7CCC[C@@H]7C6)c(C(F)(F)F)c5)[C@H]3O4)ccnc2N1,9.677781,1.0,8.263202054168499,8.398272,8.143725,8.203463724685568
CHEMBL5746879,O=C1CCc2c(Oc3ccc4c(c3)[C@H]3[C@H](NC(=O)c5ccc(CN6CCn7c(nnc7C(F)(F)F)C6)c(C(F)(F)F)c5)[C@H]3O4)ccnc2N1,8.29243,1.0,8.326439146300157,8.215663,8.242096,8.28426754678289
CHEMBL5976230,CN1CCN(CCOc2ccc(C(=O)N[C@@H]3[C@H]4Oc5ccc(Oc6ccnc7c6CCC(=O)N7)cc5[C@@H]34)cc2C(F)(F)F)CC1,7.920819,1.0,8.702744421601297,8.752116,8.512565,8.607654540359974
CHEMBL6019942,O=C1CCc2c(Oc3ccc4c(c3)[C@H]3[C@H](NC(=O)c5cncc(C(F)(F)F)c5)[C@H]3O4)ccnc2N1,7.376751,1.0,7.8400848507881165,7.595554,7.723755,7.781919866800308
CHEMBL5836093,O=C1CCc2c(Oc3ccc4c(c3)[C@H]3[C@H](NC(=O)c5ccnc(C(F)(F)F)c5)[C@H]3O4)ccnc2N1,6.879426,,7.737525704105694,7.7128277,7.7340107,7.735768200258414
CHEMBL5289623,C=CC(=O)N1CCc2ccc(N3C(=O)CCc4cnc5ccc(-c6cnn(C)c6)cc5c43)cc21,5.365523,0.0,7.282846287531513,7.14343,6.456358,6.869602121732065
CHEMBL5779580,COc1ccc(OCCN2CCNC(=O)C2)cc1Nc1ncc(Cl)c(Nc2ccc3ccccc3c2P(C)(C)=O)n1,6.732828,,8.341042534763163,7.906825,7.6478124,7.9944274506243795
CHEMBL265629,O=C1CN(Cc2ccn3ncnc(Nc4ccc5c(cnn5Cc5cccc(F)c5)c4)c23)CCN1,6.455932,,7.0297032822966585,7.0531926,6.7070303,6.868366789311171
CHEMBL4081429,C=CC(=O)Nc1cc(Nc2nccc(-c3cn4c5c(cccc35)CCC4)n2)c(OC)cc1N1CCNC(=O)C1,6.1394777,,7.277189549207687,7.597991,7.3348036,7.30599656522274
CHEMBL1200558,CC[C@H](C)[C@H](N)C1=N[C@H](C(=O)N[C@@H](CC(C)C)C(=O)N[C@H](CCC(=O)O)C(=O)N[C@H](C(=O)N[C@H]2CCCCNC(=O)[C@H](CC(N)=O)NC(=O)[C@@H](CC(=O)O)NC(=O)[C@H](Cc3cnc[nH]3)NC(=O)[C@@H](Cc3ccccc3)NC(=O)[C@H]([C@@H](C)CC)NC(=O)[C@@H](CCCN)NC2=O)[C@@H](C)CC)CS1,5.26946,0.0,5.315487262010574,5.389602,6.177424,5.746455608010292
CHEMBL5558572,C/C(=N\N1C(=O)CNC1=S)c1ccc(O)cc1O,4.6352615,0.0,5.515628673315048,5.4584107,5.258812,5.387220311999321
CHEMBL234580,O=C1CNCCN(Cc2ccn3ncnc(Nc4ccc5c(cnn5Cc5cccc(F)c5)c4)c23)C1,6.1079054,,6.968481931666534,7.0961833,7.3175397,7.143010811795792
CHEMBL6102514,O=C(O)CN1CCN(CC(=O)O)CC(=O)Nc2cc3c(Nc4ccc(OCc5cccc(F)c5)c(Cl)c4)ncnc3cc2NC(=O)C1,6.7011523,,7.383036841602552,7.34303,7.434524,7.408780450449103
CHEMBL5398727,CN1C(=O)C(C(=O)NN)N(C)c2ccccc21,6.197887,,5.409363816181818,5.4645123,5.0579495,5.233656679590543
CHEMBL5743153,C=CC(=O)Nc1cccc(Nn2cc3c(c2F)NCC(=O)C3Nc2ccc(N3CCN(CC(C)O)CC3)cc2)c1,5.5228786,0.0,6.5744176330963775,6.536003,7.3288093,6.9516134472091995
CHEMBL4280817,O=C1CSC(N2N=C(c3ccncc3)CC2c2ccc(Br)cc2)=N1,8.045757,1.0,5.817374761939049,5.5578628,5.6087084,5.713041571795941
CHEMBL591053,O=C1CSC(NN=C2CCCCC2)=N1,4.387216,0.0,5.37989852857022,5.357031,5.403179,5.391538848635696
CHEMBL589165,O=C1CSC(NN=C2CCCCCC2)=N1,4.4436975,0.0,5.37989852857022,5.357031,4.8570056,5.118452062365554
CHEMBL592240,O=C1CSC(NN=C2CCCCCCC2)=N1,4.5686364,0.0,5.37989852857022,5.357031,4.8897433,5.134820928332351
CHEMBL4644480,O=C1CSCC(=O)N1c1nnc2c3ccccc3nc(Sc3ccc(Br)cc3)n12,5.387216,0.0,5.898584668636322,5.8121142,6.8444643,6.371524485349655
CHEMBL2048796,O=C1Cc2c(cccc2Oc2ccc(Nc3ncnc4ccn(CCO)c34)cc2Cl)N1,8.522879,1.0,7.685530757196366,8.232895,7.740008,7.71276931727311
CHEMBL5982687,C=CC(=O)N1CCOc2ccc(Nc3ncc(F)c(Nc4ccc5c(c4)CC(=O)N5)n3)cc21,7.2596374,1.0,7.217916134675345,7.7246814,6.5605173,6.889216722885768
CHEMBL6000527,C=CC(=O)N1CCOc2ccc(Nc3nc(Nc4ccc5c(c4)CC(=O)N5)ncc3C(C)=O)cc21,7.2596374,1.0,7.301559575796127,7.8460994,6.797077,7.049318377375602
CHEMBL2048791,O=C1Cc2cc(Oc3ccc(Nc4ncnc5ccn(CCO)c45)cc3Cl)ccc2N1,6.017729,,7.557490644256274,8.199649,7.047839,7.30266490449508
CHEMBL2048792,O=C1Cc2ccc(Oc3ccc(Nc4ncnc5ccn(CCO)c45)cc3Cl)cc2N1,5.6382723,0.0,7.471230115691821,7.9876485,5.7220283,6.596629185577234
CHEMBL2048795,O=C1Cc2cccc(Oc3ccc(Nc4ncnc5ccn(CCO)c45)cc3Cl)c2N1,8.552842,1.0,7.739219793029249,7.916191,6.859435,7.299327437255592
CHEMBL3884319,CC1(C)C(=O)N([C@H]2CCc3c(O)cccc32)c2nc(Nc3ccccc3)ncc21,5.0,0.0,6.918374705201104,6.7980113,7.4060807,7.16222771400497
CHEMBL3087199,C=CC(=O)N1CC[C@H](N2C(=O)N(C3CCCC3)Cc3cnc(Nc4ccc(N5CCN(C)CC5)cc4OC)nc32)C1,7.231362,1.0,6.532543496231239,7.317843,7.285906,6.909224667121967
CHEMBL3087200,C=CC(=O)N1CC[C@H](N2C(=O)N(C3CCCCC3)Cc3cnc(Nc4ccc(N5CCN(C)CC5)cc4OC)nc32)C1,7.3675427,1.0,6.532413264056047,7.317843,7.4490175,6.990715394387642
CHEMBL3087209,C=CC(=O)NC1CCC(N2C(=O)N(Cc3ccccc3)Cc3cnc(Nc4ccc(N5CCN(C)CC5)cc4OC)nc32)CC1,6.14966,,7.797881031777181,7.6683617,7.0739045,7.435892773044962
CHEMBL3087208,C=CC(=O)N1CCC(N2C(=O)N(Cc3ccccc3)Cc3cnc(Nc4ccc(N5CCN(C)CC5)cc4OC)nc32)CC1,6.8428454,,7.48259292454095,7.385942,7.598093,7.5403429786889316
CHEMBL2029438,C=CC(=O)Nc1cccc(N2C(=O)N(Cc3ccccc3)Cc3cnc(Nc4ccc(N5CCN(C)CC5)cc4OC)nc32)c1,9.164413,1.0,8.438761059343815,8.275575,7.866701,8.152731092721224
CHEMBL2029439,C=CC(=O)Nc1cccc(N2C(=O)N(c3ccc(-c4ccccc4)cc3)Cc3cnc(Nc4ccc(N5CCN(C)CC5)cc4OC)nc32)c1,8.464705,1.0,8.48207617676258,8.342275,8.426793,8.454434637606145
CHEMBL2029441,C=CC(=O)Nc1cccc(N2C(=O)N(c3ccc(OCc4ccccc4)cc3)Cc3cnc(Nc4ccc(N5CCN(C)CC5)cc4OC)nc32)c1,8.614394,1.0,8.121390364726386,8.056957,8.142623,8.13200665620963
CHEMBL2029440,C=CC(=O)Nc1cccc(N2C(=O)N(c3ccc(Oc4ccccc4)cc3)Cc3cnc(Nc4ccc(N5CCN(C)CC5)cc4OC)nc32)c1,8.692504,1.0,8.054425358533859,8.140257,8.429729,8.24207741010189
CHEMBL2029437,C=CC(=O)Nc1cccc(N2C(=O)N(c3ccc4ccccc4c3)Cc3cnc(Nc4ccc(N5CCN(C)CC5)cc4OC)nc32)c1,8.872895,1.0,8.237238438487053,8.286959,8.152431,8.194834486424924
CHEMBL3087193,C=CC(=O)N1CC[C@H](N2C(=O)N(c3ccccc3)Cc3cnc(Nc4ccc(C5CCN(C)CC5)cc4)nc32)C1,7.790485,1.0,7.072743861873944,7.018365,7.482441,7.277592405180136
CHEMBL3087194,C=CC(=O)N1CC[C@H](N2C(=O)N(c3ccccc3)Cc3cnc(Nc4ccc(CCN5CCN(C)CC5)cc4)nc32)C1,7.38405,1.0,7.1011474874672444,7.206752,8.177482,7.639314569386698
CHEMBL4078973,CCC(=O)N1CC[C@H](N2C(=O)N(c3cc(OC)ccc3F)Cc3cnc(Nc4ccc(N5CC6(CCN(C)CC6)C5)c(C)c4)nc32)C1,6.6615434,,6.368149316509564,6.2353077,6.7050495,6.536599415640036
CHEMBL4096988,CCC(=O)N1CC[C@H](N2C(=O)N(c3cc(OC)ccc3F)Cc3cnc(Nc4ccc(N5C[C@H]6CN(C)C[C@H]6C5)c(C)c4)nc32)C1,6.6655464,,6.305550335645676,6.306512,6.7254734,6.51551186978817
CHEMBL4086821,CCC(=O)N1CC[C@H](N2C(=O)N(c3cc(OC)ccc3F)Cc3cnc(Nc4ccc(N5CCC6(CCN(C)C6)C5)c(C)c4)nc32)C1,6.5291486,,6.328304074860754,6.2601805,6.7359014,6.532102715302081
CHEMBL4104717,CCC(=O)N1CC[C@H](N2C(=O)N(c3cc(OC)ccc3F)Cc3cnc(Nc4ccc(N5CCC6(CCN(C)CC6)CC5)c(C)c4)nc32)C1,6.6487837,,6.443501002987225,6.59175,6.8460884,6.644794706205527
CHEMBL4083224,CCC(=O)N1CC[C@H](N2C(=O)N(c3cc(OC)ccc3F)Cc3cnc(Nc4ccc(N5CCCN(C)CC5)c(C)c4)nc32)C1,6.679854,,6.38189701795578,6.425398,6.6942396,6.538068317174911
CHEMBL2029436,C=CC(=O)Nc1cccc(N2C(=O)N(c3ccccc3)Cc3cnc(Nc4ccc(N5CCN(C)CC5)cc4OC)nc32)c1,9.29243,1.0,8.422637447476387,8.324461,8.054541,8.23858904081583
CHEMBL4102288,CCC(=O)N1CC[C@H](N2C(=O)N(c3cc(OC)ccc3F)Cc3cnc(Nc4ccc(N5CCOCC5)c(C)c4)nc32)C1,6.203426,,6.439558373689652,6.354414,6.3744884,6.40702336370945
CHEMBL3087195,C=CC(=O)N1CC[C@H](N2C(=O)N(c3ccccc3)Cc3cnc(Nc4cccc(N5CCN(C)CC5)c4)nc32)C1,7.0092173,1.0,7.759280168473721,7.5775447,7.7677364,7.763508301705122
CHEMBL2029435,C=CC(=O)Nc1cccc(N2C(=O)N(C3CC3)Cc3cnc(Nc4ccc(N5CCN(C)CC5)cc4OC)nc32)c1,9.136677,1.0,8.231014008919397,8.281887,8.217061,8.22403752585252
CHEMBL3586189,O=C1N=C(N2CCC[C@H]2C(=O)Nc2ccc3ncnc(Nc4cccc(Cl)c4)c3c2)S/C1=C/c1ccc(-c2ccccc2)cc1,4.879426,0.0,5.5648769499858215,5.6370807,5.749192,5.657034593919913
CHEMBL3586185,O=C1N=C(N2CCC[C@H]2C(=O)Nc2ccc3ncnc(Nc4cccc(Cl)c4)c3c2)S/C1=C/c1ccc(Cl)cc1,5.1191864,0.0,5.275062412023544,5.2411027,5.4691067,5.37208454310894
CHEMBL5198368,CC1=NNC2=NC(=O)NC(c3ccccc3Br)C12,7.0457573,1.0,5.146912155270577,5.1890497,4.525569,4.836240558683873
CHEMBL4537790,Cc1cc2cc(n1)-c1cnn(C)c1OCCC[C@@H](C)CN1/C(=N/C2=O)Nc2ccc(CN3CCN(C)CC3)cc21,9.372364,1.0,7.770483283267135,8.444994,7.89266,7.831571712129173
CHEMBL4519157,O=C1/N=C2\Nc3ccccc3N2CCCCCOc2ccccc2-c2cc1ccn2,8.522879,1.0,7.362905962189039,8.341125,7.8562646,7.60958527670304
CHEMBL7002,CC1(COc2ccc(CC3SC(=O)NC3=O)cc2)CCCCC1,5.3320804,0.0,5.938868677690415,5.9068966,5.21667,5.577769357003167
CHEMBL213560,O=C1NC(=O)N(CCc2ccccc2)/C1=C/c1ccc(O)cc1,5.434994,0.0,5.5796109766960145,5.0806303,4.872717,5.2261639401912685
CHEMBL279481,O=C1NC(=O)c2c1c1c3cccc(O)c3[nH]c1c1[nH]c3c(O)cccc3c21,4.537602,0.0,4.9690986979007725,4.894631,4.465659,4.71737891972065
CHEMBL337026,CN[C@H]1C[C@@H]2O[C@](C)([C@H]1OC)n1c3ccccc3c3c4c(c5c6ccccc6n2c5c31)C(=O)NC4=O,6.69897,,6.795689999421438,6.6497173,7.1157875,6.9557387527624766
CHEMBL3818289,O=C1N[C@H](C(=O)Nc2cc3c(Nc4ccc(F)c(Cl)c4)ncnc3cc2OCCCN2CCOCC2)CO1,8.342944,1.0,8.156081286728382,8.32489,8.054873,8.10547737661004
CHEMBL3819120,O=C1N[C@H](C(=O)Nc2cc3c(Nc4ccc(F)c(Cl)c4)ncnc3cc2OCCN2CCCCC2)CO1,7.5929494,1.0,8.305565831522147,8.475411,7.4083886,7.856977223088344
CHEMBL3818563,CCOc1cc2ncnc(N[C@@H](C)c3ccccc3)c2cc1NC(=O)[C@@H]1COC(=O)N1,8.703402,1.0,7.946615192271415,8.140106,7.745213,7.8459141120201075
CHEMBL3818970,CCOc1cc2ncnc(Nc3ccc(OCC4CC4)c(Cl)c3)c2cc1NC(=O)[C@@H]1COC(=O)N1,7.283329,1.0,8.171102266223656,8.362781,7.9589324,8.065017332986706
CHEMBL3945072,COc1cc2c(Nc3ccc(Cl)c(Cl)c3F)ncnc2cc1OC[C@@H]1CN2CCC[C@@H]2C(=O)N1,6.2798405,,7.917023552273001,7.5966935,7.155385,7.53620428483401
CHEMBL3900059,COc1cc2c(Nc3ccc(Cl)c(Cl)c3F)ncnc2cc1OC[C@@H]1CN2CCCC[C@@H]2C(=O)N1,6.2798405,,7.93897962333191,7.6325936,7.721382,7.830180882222596
CHEMBL5619757,O=C1NC(c2ccc(OCc3ccc(Cl)cc3)cc2)Nc2ccccc21,4.1469107,0.0,5.727113080169944,5.4747796,4.6563826,5.191747820449962
CHEMBL3219131,C=CC(=O)Nc1cccc(N2C(=O)C(c3ccccc3)N(C)C(=O)c3cnc(Nc4ccc(N5CCN(C)CC5)cc4OC)nc32)c1,6.936282,,7.869354509433111,7.7781577,7.8665237,7.867939126054447
CHEMBL5597898,COc1ccc(NC(=O)C2=C(C)NC(=O)NC2c2ccc(OCc3ccccc3)c(OC)c2)c(OC)c1,7.4293404,1.0,6.046925218273386,5.752162,5.281979,5.66445215114414
CHEMBL5597233,COc1ccc(NC(=O)C2=C(C)NC(=O)NC2c2ccc(OC)c(OC)c2)c(OC)c1,7.155958,1.0,5.186622097492218,5.2029967,5.196073,5.191347576379776
CHEMBL3671561,C=CC(=O)Nc1cc2c(Nc3ccc(Br)cc3F)ncnc2cc1OCC1CNC(=O)O1,7.7695513,1.0,7.670466558436553,7.7981987,7.8718586,7.7711625776191555
CHEMBL453336,COc1cc(C2=C(c3cn(COCc4ccccc4)c4ccccc34)CNC2=O)cc(OC)c1OC,4.853872,0.0,5.220491868495941,5.521196,6.7772055,5.998848667860031
CHEMBL5085136,C=CC(=O)N1CCC2(CC1)CNC(=O)c1cc(-c3ccnc(-c4ccc5c(c4)OCO5)n3)[nH]c12,7.776809,1.0,7.908965550774619,8.054652,7.7131505,7.81105802601292
CHEMBL5089073,C=CC(=O)N1CCC2(CC1)CNC(=O)c1cc(-c3ccnc(Nc4ccccc4OC)c3)[nH]c12,7.0742483,1.0,8.717106493285725,8.678967,7.9703493,8.34372790255717
CHEMBL490780,CCOc1cc(/C=C2/CCNC2=O)cc(CSc2ccccc2)c1O,6.0457573,,6.462645338123496,6.1944685,5.139186,5.800915621790019
CHEMBL378370,COc1cc2ncnc(Nc3cccc(Cl)c3F)c2cc1CN(C)C1CCNC1=O,7.69897,1.0,7.811832673464503,7.649639,7.8312316,7.821532133775098
CHEMBL5762610,CN1CCN([C@@H]2CCCN(c3cnc(C(N)=O)c(Nc4ccc(C5(C)CCN(C6CCC6)CC5)cc4)n3)C2)C1=O,6.2596374,,5.91656277179718,5.91754,7.593229,6.754895794391632
CHEMBL5823139,CN1CCN([C@@H]2CCCN(c3cnc(C(N)=O)c(Nc4ccc(C5(C)CCN(C6COC6)CC5)cc4)n3)C2)C1=O,6.2596374,,5.991191944735391,5.925007,7.777643,6.884417574235371
CHEMBL5825778,CN1CCC[C@H]1COc1cnccc1-c1[nH]c2c(c1Nc1cccc(F)c1)C(=O)NCC2,9.508638,1.0,8.610204470773537,8.459148,7.258521,7.934362775395313
CHEMBL5855803,CC(C)(COc1cnccc1-c1[nH]c2c(c1Nc1cccc(F)c1)C(=O)NCC2)N1CCOCC1,9.143875,1.0,8.745472859740257,8.426124,6.945854,7.845663523375988
CHEMBL5956184,O=C1NCCc2[nH]c(-c3ccncc3OCc3ccccc3)c(Nc3cccc(F)c3)c21,8.858576,1.0,8.75547017812729,8.576405,6.811674,7.783572148084641
CHEMBL2048793,O=C1NCc2c(Oc3ccc(Nc4ncnc5ccn(CCO)c45)cc3Cl)cccc21,6.05061,,7.499923242437462,7.9187617,7.1521597,7.326041466647197
CHEMBL131193,CO[C@H]1[C@@H](N(C)Cc2ccccc2)C[C@@H]2O[C@@]1(C)n1c3ccccc3c3c4c(c5c6ccccc6n2c5c31)C(=O)NC4,6.0409584,,6.368707123041153,6.4801536,6.315172,6.341939659237862
CHEMBL5558098,C=CC(=O)N1CC[C@H](n2cc(-c3ccncc3)c(-c3cccc(/C=C/c4ccc5c(c4)CN(C)C5=O)c3)n2)C1,6.6575775,,6.404187431150012,6.429502,7.095525,6.749856109526422
CHEMBL5562889,C=CC(=O)Nc1ccc(OC)c(Nc2cc(-c3c[nH]nc3-c3cccc(OCc4ccc5c(c4)CN(C)C5=O)c3)ccn2)c1,6.468709,,7.286555305520694,6.939743,7.75443,7.5204925613602
CHEMBL5562445,CN1Cc2cc(COc3cccc(-c4n[nH]cc4-c4ccncc4)c3)ccc2C1=O,6.823909,,6.568088014682133,6.304179,8.329442,7.448765019456545
CHEMBL5566816,COc1cc2ncnc(-c3c[nH]nc3-c3cccc(OCc4ccc5c(c4)CN(C)C5=O)c3)c2cc1OC,6.4317985,,6.979265167057514,6.5001774,6.9617214,6.9704932936728
CHEMBL5761246,C=CC(=O)N1CCC2CN(c3nc(Nc4cnn(C)c4)c4c(c3F)CNC4=O)CC21,5.8303256,0.0,5.730092044770718,5.8373313,6.264241,5.997166631668806
CHEMBL5935382,C=CC(=O)N1CC2CN(c3nc(Nc4cnn(C)c4)c4c(c3F)CNC4=O)CC2C1,5.864867,0.0,5.753981879552205,5.8624105,6.585737,6.16985955397288
CHEMBL5809223,C=CC(=O)NC1CN(c2nc(Nc3cnn(C)c3)c3c(c2F)CNC3=O)C1,5.9492335,0.0,5.765462597211201,5.6423254,6.8418326,6.303647617499033
CHEMBL5958444,C=CC(=O)NC1CN(c2nc(Nc3ccc(N4CCOCC4)cc3)c3c(c2F)CNC3=O)CC1F,5.9262815,0.0,5.657173192799092,5.847746,6.3000116,5.978592413812876
CHEMBL5755043,C=CC(=O)N(C)C1CCN(c2nc(Nc3cnn(C)c3)c3c(c2F)CNC3=O)C1,5.9783974,0.0,5.7848028579354285,5.870363,6.9834375,6.384120198041201
CHEMBL5822835,C=CC(=O)N1CCCCC(Nc2nc(Nc3ccc(OCCOC)cc3)c3c(c2F)CNC3=O)C1,5.640354,0.0,5.933356209993362,5.89376,6.1512365,6.042296372056008
CHEMBL6042351,C=CC(=O)N1CCCC(Nc2nc(-c3cnc(C)s3)c3c(c2F)CNC3=O)C1,5.128135,0.0,6.946415227949619,6.6099133,6.494853,6.720634123831987
CHEMBL5843489,C=CC(=O)N1CCCC(Nc2nc(-c3cnn(C4CC4)c3)c3c(c2F)CNC3=O)C1,5.080817,0.0,6.168335262537003,6.064541,6.462702,6.315518530011177
CHEMBL5894066,C=CC(=O)N1CCCC(Nc2nc(Nc3ccc(C(=O)N4CCOCC4)cc3)c3c(c2F)CNC3=O)C1,5.7481184,0.0,5.661272494196892,5.5700035,6.5814753,6.121373876035213
CHEMBL5873347,C=CC(=O)N1CCCC(Nc2nc(Nc3ccc(N4CCC(O)C(C)(C)C4)cn3)c3c(c2F)CNC3=O)C1,5.0805035,0.0,6.743817183673382,6.495178,6.962719,6.8532680736482146
CHEMBL5764610,C=CC(=O)N1CC(Nc2nc(Nc3ccc(N4CCN(C5COC5)CC4C)cc3)c3c(c2F)CNC3=O)CCC1C,5.499078,0.0,6.273450274467468,5.9363513,6.890395,6.581922719478607
CHEMBL5874587,C=CC(=O)N1CCCC(Nc2nc(Nc3ccc(N4CCN(C5COC5)CC4C)cn3)c3c(c2F)CNC3=O)C1,5.045227,0.0,6.836753283736251,6.315204,6.963889,6.900321202872764
CHEMBL5796539,C=CC(=O)N1CCCC(Nc2nc(Nc3ccc(N4CCN(C)CC4)cc3)c3c(c2F)CNC3=O)C1,5.371611,0.0,5.685014070272445,5.5529103,6.608324,6.146669060587882
CHEMBL5801676,C=CC(=O)N1CCCC(Nc2nc(Nc3ccc(N4CCN(C)CC4)cn3)c3c(c2F)CNC3=O)C1,5.414314,0.0,6.997557793617249,6.40591,6.699824,6.848690824985504
CHEMBL5982923,C=CC(=O)N1CCCC(Nc2nc(Nc3ccc(N4CCN(C)CC4)nc3)c3c(c2F)CNC3=O)C1,5.7953377,0.0,6.553515024781227,6.1115446,6.820656,6.6870854237675665
CHEMBL5979689,C=CC(=O)N1CCCC(Nc2nc(Nc3ccc(N4CCOCC4=O)cc3)c3c(c2F)CNC3=O)C1,5.822752,0.0,5.441594383716583,5.2910914,6.949263,6.1954287397861485
CHEMBL5946793,C=CC(=O)N1CC(Nc2nc(Nc3cccc(N4CCOCC4)c3)c3c(c2F)CNC3=O)CCC1C,5.413863,0.0,5.3779956197738645,5.880551,6.9727473,6.175371472835541
CHEMBL5850413,C=CC(=O)N1CCCC(Nc2nc(Nc3cnn(C4CN(C)CC4F)c3)c3c(c2F)CNC3=O)C1,5.9150662,0.0,5.823415173888207,5.9052596,7.6856213,6.754518217742444
CHEMBL5991264,C=CC(=O)N1CCCC(Nc2nc(Nc3cnn(C4CCOCC4)c3)c3c(c2F)CNC3=O)C1,5.7587028,0.0,6.245061711072922,6.242377,7.680024,6.962542929053306
CHEMBL6039889,C=CC(=O)N1CCCC(Nc2nc(Nc3cnn(C4CCS(=O)(=O)CC4)c3)c3c(c2F)CNC3=O)C1,5.7956085,0.0,6.325111978054046,6.102449,7.225338,6.77522498011589
CHEMBL5817581,C=CC(=O)N1CCCC(Nc2nc(Nc3ccc(OCCOC)cc3)c3c(c2F)CNC3=O)CC1,5.6245193,0.0,5.868590558171272,5.9324203,5.989266,5.928928238451481
CHEMBL5936556,C=CC(=O)N1CCC(Nc2nc(Nc3ccc(OCCOC)cc3)c3c(c2F)CNC3=O)C1,5.996109,0.0,5.879774850487709,6.0185905,6.980255,6.430014988720417
CHEMBL5784215,C=CC(=O)N1CC(Nc2nc(Nc3ccc(OCCOC)cc3)c3c(c2F)CNC3=O)C1,5.719422,0.0,5.98353452849388,6.027207,5.7454004,5.8644674786329265
CHEMBL2048790,O=C1NCc2cc(Oc3ccc(Nc4ncnc5ccn(CCO)c45)cc3Cl)ccc21,6.29243,,6.752920085589091,7.4773636,5.7029076,6.227913823922475
CHEMBL2048789,O=C1NCc2ccc(Oc3ccc(Nc4ncnc5ccn(CCO)c45)cc3Cl)cc21,8.107905,1.0,6.71338153163592,7.3838396,6.977482,6.845431686838468
CHEMBL2048794,O=C1NCc2cccc(Oc3ccc(Nc4ncnc5ccn(CCO)c45)cc3Cl)c21,7.6777806,1.0,6.958454392883513,7.8167176,7.531419,7.244936596618759
CHEMBL2032380,C=CC(=O)Nc1cccc(N2C(=O)N(C)Cc3cnc(Nc4ccc(N5CCCN(C)CC5)cc4OC)nc32)c1,8.560667,1.0,8.294382247130077,8.304172,7.6787615,7.986571864684423
CHEMBL2032379,C=CC(=O)Nc1cccc(N2C(=O)N(C)Cc3cnc(Nc4ccc(N5CCOCC5)cc4OC)nc32)c1,7.7851562,1.0,7.973950020074844,8.027479,7.411508,7.6927290517091755
CHEMBL2029427,C=CC(=O)Nc1cccc(N2C(=O)N(C)Cc3cnc(NC)nc32)c1,6.0546036,,7.633394261939185,7.684157,7.003545,7.318469534686633
CHEMBL5712062,C[C@H]1Oc2cc(cnc2N)-c2c(nn(C)c2C#N)CN(C)C(=O)C2C=CC(F)=CC21,6.8740106,,6.885177020480235,7.2619553,4.843751,5.864463987077276
CHEMBL5993827,C=CC(=O)Nc1cccc(Nc2nc3c(c(Nc4ccc(N5CCN(C6COC6)C[C@H]5C)cc4)n2)C(=O)NC3)c1,5.245728,0.0,6.204236473143101,6.448441,7.854509,7.029372674971819
CHEMBL5756516,C=CC(=O)Nc1cccc(Nc2nc3c(c(Nc4ccc(N5CCOCC5)cc4)n2)C(=O)NC3)c1,5.370081,0.0,6.46451674759388,6.549642,6.449666,6.457091385424137
CHEMBL5835212,C=CC(=O)Nc1cccc(Nc2nc3c(c(Nc4cnn(C5CC5)c4)n2)C(=O)NC3)c1,5.5120134,0.0,5.508199667135875,5.800289,6.610428,6.059313761790594
CHEMBL5900120,C=CC(=O)Nc1cccc(Nc2nc3c(c(Nc4cnn(C5CCOCC5)c4)n2)C(=O)NC3)c1,5.155585,0.0,5.497591544191043,5.8379416,6.5420284,6.019809985657533
CHEMBL6055068,C=CC(=O)Nc1cccc(Nc2nc3c(c(Oc4ccc(OCCOC)cc4)n2)C(=O)NC3)c1,5.814741,0.0,6.402656790415445,6.585053,6.9386315,6.670644162495931
CHEMBL4780210,Cc1ccc(C2=N/C(=C\c3ccc(Cl)cc3)C(=O)NN2C(=O)c2nc3c(c(C)nn3-c3ccccc3)c(=O)[nH]2)cc1,5.724182,0.0,6.261022463679313,6.163982,7.3057213,6.783371873319149
CHEMBL2029699,Cc1ccc(N2NC(=O)/C(=C/c3ccc(OCc4ccccc4)cc3)C2=O)cc1Cl,5.0655017,0.0,6.184065832223797,5.9560905,5.5703073,5.877186543507529
CHEMBL1504817,O=C1NN(c2ccc(F)c(Cl)c2)C(=O)/C1=C\c1cccc(OC(=O)c2cccs2)c1,5.455932,0.0,5.553752195437749,5.616095,5.341826,5.4477890787522
CHEMBL2029696,O=C1NN(c2ccc(F)cc2)C(=O)/C1=C\c1cccc(OCc2ccccc2F)c1,5.251812,0.0,6.101958958049872,5.7843304,5.643478,5.872718437383701
CHEMBL432941,COc1cccc(-c2ccc3c(c2)NC(=O)/C3=C\c2[nH]c3c(c2CCC(=O)O)CCCC3)c1,5.051587,0.0,5.351218810975552,5.4558735,5.369262,5.360240514725447
CHEMBL480356,Cc1[nH]c(/C=C2\C(=O)Nc3ccc(C(=O)NNc4ccccc4)cc32)c(C)c1CCC(=O)O,5.4584208,0.0,4.754598780870437,4.865601,6.0521374,5.403368077874184
CHEMBL2086760,CCN1CCC(Nc2ccc3c(c2)C(=C(c2ccc(Cl)cc2)c2ncc[nH]2)C(=O)N3)CC1,6.8632793,,6.993777681489786,7.53688,6.1780343,6.5859059935311475
CHEMBL450786,Cc1[nH]c(/C=C2\C(=O)Nc3ccc(S(=O)(=O)Cc4c(Cl)cccc4Cl)cc32)c(C)c1C(=O)N1CCC[C@@H]1CN1CCCC1,5.4202166,0.0,5.822447451015314,5.4460797,6.455165,6.138806180189054
CHEMBL4281426,O=C1Nc2ccc(S(=O)(=O)N3CCOCC3)cc2/C1=N/Nc1ccccc1,7.337242,1.0,6.514760027527809,6.3715405,5.036078,5.775419001877308
CHEMBL4280749,O=C1Nc2ccc(S(=O)(=O)N3CCOCC3)cc2/C1=N/c1ccc(/N=C2\C(=O)Nc3ccc(S(=O)(=O)N4CCOCC4)cc32)cc1,5.9273825,0.0,6.530826313429409,6.282208,5.9976144,6.264220348563459
CHEMBL4288648,O=C1Nc2ccc(S(=O)(=O)N3CCOCC3)cc2/C1=N/c1ccc(O)cc1,6.12436,,6.468309761219555,6.1869073,5.259591,5.863950431909826
CHEMBL4289083,COc1ccc(-c2c(C#N)c(N)n(/N=C3\C(=O)Nc4ccc(S(=O)(=O)N5CCOCC5)cc43)c(=O)c2C#N)cc1,5.7142177,0.0,6.376088248226378,6.6771708,6.4417105,6.4088993601666555
CHEMBL47173,O=C1Nc2ccccc2/C1=C/c1ccc(-c2cccs2)s1,4.9956784,0.0,5.508967640797298,5.271941,5.8298707,5.66941917081674
CHEMBL5592551,O=C1Nc2ccccc2/C1=C/c1ccc(OCC(=O)c2ccc(Br)cc2)cc1,5.856985,0.0,5.871569112154268,6.020514,4.872348,5.371958471940172
CHEMBL314146,CCc1ccc(/C=C2\C(=O)Nc3ccccc32)s1,4.3565474,0.0,5.510775145769119,5.3646946,4.3150406,4.912907867074013
CHEMBL4531109,O=C1Nc2ccccc2N/C1=C\C(=O)c1cccc2ccccc12,5.8892927,0.0,5.68673920750618,5.5588136,5.082825,5.384782195687293
CHEMBL5409736,Cc1nc2c(c(C)c1O)/C(=C/c1ccc3ccccc3n1)C(=O)N2,4.725842,0.0,5.740614958902199,5.831466,6.2059045,5.973259721348683
CHEMBL65848,Cc1cc(C(=O)N2CCOCC2)[nH]c1/C=C1\C(=O)Nc2ncnc(Nc3ccc4c(c3)CCC4)c21,5.850781,0.0,7.1616703921556475,7.356903,7.43802,7.2998453107476236
CHEMBL67057,Cc1cc(C(=O)N2CCOCC2)[nH]c1/C=C1\C(=O)Nc2ncnc(Nc3ccc4c(ccn4Cc4ccccc4)c3)c21,8.346787,1.0,7.346906047066053,7.9289117,7.776578,7.561741998294989
CHEMBL264382,Cc1cc(C(=O)NCCN2CCOCC2)[nH]c1/C=C1\C(=O)Nc2ncnc(Nc3ccc4c(ccn4Cc4ccccc4)c3)c21,8.958608,1.0,7.356321646471819,7.9018955,8.023014,7.689667857537668
CHEMBL67003,Cc1cc(C(=O)N2CCOCC2)[nH]c1/C=C1\C(=O)Nc2ncnc(Nc3ccc4c(cnn4Cc4ccccc4)c3)c21,8.744727,1.0,7.269945456385614,7.6646347,7.795267,7.532606280744076
CHEMBL304971,Cc1c(C(=O)N2CCN(C)CC2)c[nH]c1/C=C1\C(=O)Nc2ncnc(Nc3ccc(F)c(Cl)c3)c21,6.387216,,7.558150652249654,7.4669347,7.85993,7.7090403453509015
CHEMBL69960,Cc1cc(C(=O)N2CCOCC2)[nH]c1/C=C1\C(=O)Nc2ncnc(Nc3ccc(F)c(Cl)c3)c21,6.7695513,,8.10491224249204,7.7483096,7.5878196,7.846365909377734
CHEMBL279035,O=C(O)c1ccc(NN2C(=O)c3c(c4c5cccc(O)c5n(C5OC(CO)C(O)C(O)C5O)c4c4[nH]c5c(O)cccc5c34)C2=O)cc1,4.0457573,0.0,4.3189175540208815,4.176094,7.247776,5.783346792757511
CHEMBL4533337,O=C1c2cc(-c3ccc(N4CCNCC4)cc3)ccc2Nc2ccc(F)cc2N1Cc1ccccc1,6.468709,,6.683425416946411,6.995774,7.1657443,6.924584860801697
CHEMBL3735648,CC1(C)c2cc(C3CCN(CC4CCOCC4)CC3)ccc2C(=O)c2c1[nH]c1cc(C#N)ccc21,6.455932,,5.9165415142311,5.572938,6.630171,6.273356168187327
CHEMBL4795165,C=CC(=O)Nc1cccc(-c2c[nH]c3ncnc(Nc4ccc(CN5C(=O)c6ccccc6C5=O)cc4)c23)c1,7.481486,1.0,7.113157316446304,7.3766685,7.812579,7.462868235707283
CHEMBL202244,COC(=O)c1c(OCCN2CCCC2)c2ccccc2c2oc3c(c12)C(=O)c1ccccc1C3=O,5.0457573,0.0,5.758351024446033,5.7276883,5.548421,5.653385965256463
CHEMBL200976,COC(=O)c1c(OCCN2CCCCC2)c2ccccc2c2oc3c(c12)C(=O)c1ccccc1C3=O,5.552842,0.0,5.7544143391223175,5.7276883,5.7080956,5.731254944829713
CHEMBL5206476,O=C1c2ccccc2CN1C(c1nc(=O)c2ccccc2[nH]1)c1cc(F)ccc1O,5.275724,0.0,5.852089614073436,6.5983005,5.2229238,5.5375066848595935
CHEMBL5955586,NC(=O)c1ncc(N2CCC[C@@H](N3Cc4ccccc4C3=O)C2)nc1Nc1ccc(C2CCN(C3CCCC3)CC2)cc1,5.2596374,0.0,6.27723897298177,6.1653504,7.66765,6.972444597880045
CHEMBL3219348,C=CC(=O)Nc1cccc(N2C(=O)CN(Cc3ccccc3)C(=O)c3cnc(Nc4ccc(N5CCN(C)CC5)cc4OC)nc32)c1,8.040005,1.0,7.934871840854486,7.9768324,7.9853296,7.960100734422604
CHEMBL3219132,C=CC(=O)Nc1cccc(N2C(=O)CN(c3ccccc3)C(=O)c3cnc(Nc4ccc(N5CCN(C)CC5)cc4OC)nc32)c1,7.512296,1.0,7.854868056178093,8.041745,8.0729065,7.963887275159359
CHEMBL5752831,Cc1cnc(Nc2cccc(S(N)(=O)=O)c2)nc1Nc1ccc2c(c1)CCN(S(=O)(=O)C1CC1)C2,7.2596374,1.0,6.8379830070336665,6.90872,6.0530715,6.4455272529522585
CHEMBL5200598,COc1cc(N2CCC(N3CCN(C)CC3)CC2)ccc1Nc1ncc(Cl)c(-c2cn(S(=O)(=O)C3CC3)c3ccccc23)n1,7.4867826,1.0,8.018947244882584,7.9204693,8.120034,8.069490731358528
CHEMBL5624606,CC(C)n1c2cc(Nc3ccnc(-c4cnn(S(=O)(=O)C5CC5)c4)n3)ncc2c2c(OCC(F)(F)F)cc(N3CCN(C)CC3)cc21,9.552842,1.0,7.55080282988151,7.194035,7.716616,7.633709491799276
CHEMBL5276357,CC(C)n1nc(N2CCC(O)CC2)c2cnc(Nc3ccnc(-c4cnn(S(=O)(=O)C5CC5)c4)n3)cc21,7.186727,1.0,7.49780700802803,7.342868,7.082146,7.289976587891578
CHEMBL5273791,CC(C)n1nc(N2CCOCC2)c2cnc(Nc3ccnc(-c4cnn(S(=O)(=O)C5CC5)c4)n3)cc21,7.124977,1.0,7.345191237092016,7.07624,7.7855506,7.5653709157109255
CHEMBL6173823,CC(C)Oc1cc(Nc2ccnc(-c3cnn(S(=O)(=O)C4CC4)c3)n2)ncc1-c1cnn(-c2ccncc2)c1,7.162111,1.0,8.013149372617402,8.061127,7.017584,7.51536660983165
CHEMBL6150231,CC(C)Oc1cc(Nc2ccnc(-c3cnn(S(=O)(=O)C4CC4)c3)n2)ncc1-c1cnn(C2CCOCC2)c1,8.123208,1.0,8.12162320137024,7.928449,7.681333,7.901478133201599
CHEMBL6159859,CC[C@H](C)Nc1cc(Nc2ccnc(-c3cnn(S(=O)(=O)C4CC4)c3)n2)ncc1-c1nnc(C)o1,7.276809,1.0,7.388451409737268,7.313243,7.270154,7.329302704532941
CHEMBL5201532,COc1cc(/C=C/S(=O)(=O)c2ccccc2)cc(OC)c1OC,8.10513,1.0,4.845881280303002,5.0927434,4.928568,4.88722458332777
CHEMBL212201,O=S(=O)(CCCCNCc1ccc(-c2ccc3ncnc(Nc4ccc(OCc5ccccc5)c(Cl)c4)c3c2)o1)c1ccccc1,7.30103,1.0,7.693869681755703,7.670727,7.860017,7.776943252285323
CHEMBL1794063,O=S(=O)(CCNCc1ccc(-c2ccc3ncnc(Nc4ccc(OCc5cccc(F)c5)c(Cl)c4)c3c2)o1)c1ccccc1,7.7212462,1.0,7.712321884632111,7.580869,7.762883,7.7376025354862215
CHEMBL214023,O=S(=O)(CCNCc1ccc(-c2ccc3ncnc(Nc4ccc(OCc5cccc(F)c5)c(C(F)(F)F)c4)c3c2)o1)c1ccccn1,7.7212462,1.0,7.0976364088058475,7.1356983,8.094471,7.596053693294525
CHEMBL265367,Cn1ccnc1S(=O)(=O)CCNCc1ccc(-c2ccc3ncnc(Nc4ccc(OCc5cccc(F)c5)c(C(F)(F)F)c4)c3c2)o1,7.7695513,1.0,7.062163889408112,7.234089,7.2290835,7.145623713731766
CHEMBL212250,O=S(=O)(CCOCc1ccc(-c2ccc3ncnc(Nc4ccc(OCc5cccc(F)c5)c(Cl)c4)c3c2)o1)c1ccccc1,7.60206,1.0,7.184904460072517,7.507156,7.4873934,7.336148919641971
CHEMBL334032,COc1cc(C=C(C#N)C#N)cc(CS(=O)(=O)c2ccc(C)cc2)c1O,4.3544264,0.0,3.8732101207971574,3.9907942,4.6657424,4.2694762590527535
CHEMBL5284780,C=CC(=O)Nc1cc(Nc2ncc(Cl)c(Nc3ccccc3S(=O)(=O)NC3CC3)n2)c(OC)cc1N(C)CCN(C)C,8.966577,1.0,8.402384811639786,8.097709,8.031283,8.21683409512043
CHEMBL591897,CN(CCN/N=N/c1ccc2ncnc(Nc3cccc(Cl)c3)c2c1)CCNS(=O)(=O)c1cccc2c(N(C)C)cccc12,6.221849,,6.759079837799073,6.242508,8.604354,7.681716871261597
CHEMBL606413,CN(C)c1cccc2c(S(=O)(=O)NCCN/N=N/c3ccc4ncnc(Nc5cccc(Cl)c5)c4c3)cccc12,5.853872,0.0,6.576937556266785,6.18852,7.1052713,6.841104447841644
CHEMBL5633661,O=S(=O)(Nc1ccc(Nc2ncnc3[nH]ccc23)cc1)c1ccccc1,5.2376075,0.0,6.277840738296509,6.0482917,6.872944,6.575392308235168
CHEMBL3923650,CCC(=O)Nc1cc2c(Nc3ccc(NS(=O)(=O)c4ccccc4)nc3)ncnc2cc1OC,6.2823296,,7.149651561597983,6.981136,6.298921,6.724286334921916
CHEMBL3263967,COc1cc2c(Oc3ccc(NS(=O)(=O)c4ccc(-c5ccsc5)cc4)cc3F)ccnc2cc1OCCCN1CCN(C)CC1,5.82676,0.0,6.473066068887711,6.4815435,5.6621017,6.06758390724659
CHEMBL3263966,COc1cc2c(Oc3ccc(NS(=O)(=O)c4ccc(-c5cnn(C)c5)cc4)cc3F)ccnc2cc1OCCCN1CCN(C)CC1,5.2419276,0.0,6.541289121508599,6.575254,7.209363,6.8753260526061055
CHEMBL3263969,COc1cc2c(Oc3ccc(NS(=O)(=O)c4cccc(-c5ccco5)c4)cc3F)ccnc2cc1OCCCN1CCN(C)CC1,5.720448,0.0,6.649923629522323,6.684023,5.5141783,6.082050952792168
CHEMBL3263968,COc1cc2c(Oc3ccc(NS(=O)(=O)c4cccc(-c5cccs5)c4)cc3F)ccnc2cc1OCCCN1CCN(C)CC1,5.9573255,0.0,6.728777722120285,6.82298,5.575252,6.152014889121055
CHEMBL3263963,COc1cc2c(Oc3ccc(NS(=O)(=O)c4cccc(-c5ccoc5)c4)cc3F)ccnc2cc1OCCCN1CCN(C)CC1,6.6614523,,6.65484432220459,6.690987,5.6000795,6.127461929321289
CHEMBL3263962,COc1cc2c(Oc3ccc(NS(=O)(=O)c4cccc(-c5cnn(C)c5)c4)cc3F)ccnc2cc1OCCCN1CCN(C)CC1,6.7543473,,6.70381237924099,6.7546835,6.996271,6.850041756331921
CHEMBL3263960,COc1cc2c(Oc3ccc(NS(=O)(=O)c4cccc(-c5ccoc5)c4)cc3F)ccnc2cc1OCCCN1CCOCC1,5.475882,0.0,6.4061237335205075,6.353874,5.4695745,5.93784909248352
CHEMBL3263961,COc1cc2c(Oc3ccc(NS(=O)(=O)c4cccc(-c5cnn(C)c5)c4)cc3F)ccnc2cc1OCCCN1CCOCC1,5.784517,0.0,6.488777676224709,6.463477,6.8354583,6.662117977440357
CHEMBL4536115,COc1cc2c(Oc3ccc(NS(=O)(=O)c4ccccc4C(F)(F)F)cc3F)ccnc2cc1OCCCN1CCOCC1,6.1870866,,6.210875755548477,5.9619703,5.8337107,6.022293213009834
CHEMBL6192271,COc1cc(N2CCC(N3CCN(C)CC3)CC2)c(C)cc1Nc1ncc(Br)c(-n2ccc(-c3ccccc3NS(=O)(=O)C3CC3)n2)n1,7.027566,1.0,7.533951864361763,7.973502,8.348765,7.941358618795872
CHEMBL461782,CCOC(=O)c1ccc(N2CCOCC2)c(NS(=O)(=O)c2cc(Br)c(Cl)s2)c1,4.954677,0.0,6.315696090976396,6.1196656,5.9774246,6.146560356279213
CHEMBL5594833,Cc1cc(Nc2ncc(Cl)c(Nc3ccccc3NS(=O)(=O)C3CC3)n2)ccc1N1CCC(N(C)C)CC1,8.877095,1.0,8.101449971199036,8.554633,7.6638613,7.882655622959137
CHEMBL6143095,[2H]C([2H])([2H])c1cc(Nc2ncc(Br)c(Nc3ccccc3NS(=O)(=O)C3CC3)n2)ccc1N1CCN(C([2H])([2H])[2H])CC1,7.012378,1.0,8.151955011288326,8.275711,8.000482,8.076218308409056
CHEMBL4778717,O=S(=O)(Nc1ccccn1)c1ccc(NC(=S)Nc2ccc3c(c2)OCO3)cc1,5.7246885,0.0,6.233416921595733,5.4143667,5.410252,5.821834507932266
CHEMBL3133893,C=CC(=O)Nc1ccc2ncnc(Nc3ccc(S(=O)(=O)Nc4ccccn4)cc3)c2c1,5.1831546,0.0,6.29918093999227,5.734697,6.671485,6.485332943598429
CHEMBL3978686,O=S(=O)(Nc1ccccn1)c1ccc(Nc2nncc3ccccc23)cc1,7.075721,1.0,6.2177056555747985,6.218859,6.242665,6.23018523478508
CHEMBL3899216,Cc1cc(NS(=O)(=O)c2ccc(Nc3nncc4ccccc34)cc2)no1,6.8860564,,7.754081944227218,7.663574,6.4475765,7.100829233527183
CHEMBL6190638,COc1cc(N2CCC(N3CCN(C)CC3)CC2)c(C)cc1Nc1nccc(-n2cc(NS(=O)(=O)C3CC3)cn2)n1,7.2626953,1.0,7.193772900601229,7.570978,7.800296,7.497034365187089
CHEMBL5398817,CN(C)CCn1ccc2cc(Nc3nccc(-c4sc(NS(=O)(=O)C5CCCCC5)nc4-c4ccc(F)cc4)n3)ccc21,7.69897,1.0,8.03700010985136,8.155843,7.6272664,7.83213325843215
CHEMBL5440481,CN(C)CCn1ccc2cc(Nc3nccc(-c4sc(NS(=O)(=O)c5ccc(F)cc5)nc4-c4ccc(F)cc4)n3)ccc21,7.823909,1.0,8.130419470071793,8.065552,8.018353,8.074386466145516
CHEMBL1944923,CC(=O)Nc1ccc(S(=O)(=O)Nc2nc3ccccc3nc2Nc2ccc(C(=O)O)cc2)cc1,4.5375247,0.0,5.029018545746803,4.5890903,5.8840137,5.456516099274158
CHEMBL4799700,O=S(=O)(Nc1nccs1)c1ccc(NC(=S)Nc2ccc3c(c2)OCO3)cc1,5.7896814,0.0,6.1109208636879915,5.5228853,5.9553347,6.033127763539552
CHEMBL4101774,O=S(=O)(Nc1nccs1)c1ccc(NC(=S)Nc2ccc3ncnc(Nc4cccc(Br)c4)c3c2)cc1,7.6575775,1.0,7.441028823653857,6.4223413,6.732849,7.086938972373804
CHEMBL3970399,O=S(=O)(Nc1nccs1)c1ccc(Nc2nncc3ccccc23)cc1,7.055517,1.0,6.286820858001708,6.224988,5.8336773,6.060249074935912
CHEMBL2029689,O=S(=O)(c1ccc(/N=C/c2cc(Br)ccc2O)cc1)N1CCCCC1,5.0132284,0.0,6.2672298195494545,6.4132423,5.3755584,5.821394097930855
CHEMBL4284841,COc1ccc(C2=C(C#N)C3=NC4=Nc5ccc(S(=O)(=O)N6CCOCC6)cc5C4=NC3C(O)=C2C#N)cc1,6.966576,,6.033296629402373,6.588771,6.1316037,6.0824501736031635
CHEMBL3218002,C#Cc1cccc(Nc2ncnc3ccc(S(=O)(=O)n4ccc(/C=C/C(=O)NO)c4)cc23)c1,5.920819,0.0,7.249433575471241,7.5198874,6.1304502,6.689941912094751
CHEMBL2087354,Cc1ccc(S(=O)(=O)N2CCOc3cc4ncnc(Nc5cccc(Br)c5)c4cc3OCC2)cc1,6.823909,,7.530605235497157,7.687683,6.6530733,7.091839273174604
CHEMBL2408823,COc1cc(N2CCN(C)CC2)ccc1Nc1ncc(Cl)c(Oc2ccc(CCCOc3no[n+]([O-])c3S(=O)(=O)c3ccccc3)cc2)n1,5.874985,0.0,5.8559420951775145,5.9375486,7.023589,6.4397656146969116
CHEMBL2408824,COc1cc(N2CCN(C)CC2)ccc1Nc1ncc(Cl)c(Oc2ccc(CCOc3no[n+]([O-])c3S(=O)(=O)c3ccccc3)cc2)n1,5.5316525,0.0,5.874367020130157,5.9598026,6.85926,6.366813551187516
CHEMBL2408826,COc1cc(N2CCC(O)CC2)ccc1Nc1ncc(Cl)c(Oc2ccc(COc3no[n+]([O-])c3S(=O)(=O)c3ccccc3)cc2)n1,5.5016894,0.0,6.291257368326187,6.332094,6.6554775,6.473367446064949
CHEMBL2408829,COc1cc(N2CCC(O)CC2)ccc1Nc1ncc(Cl)c(Oc2cccc(COc3no[n+]([O-])c3S(=O)(=O)c3ccccc3)c2)n1,6.6197886,,6.667281327340338,6.4810796,6.8090754,6.738178341435061
CHEMBL347854,Cc1ccc(S(=O)(=O)c2c(SSc3[nH]c4ccccc4c3S(=O)(=O)c3ccc(C)cc3)[nH]c3ccccc23)cc1,4.542118,0.0,4.655253744125366,4.6282954,5.3528175,5.004035639762878
CHEMBL5289352,COc1cc2c(Nc3ccc(S(=O)(=O)c4ccccc4)cc3)ncnc2cc1OCC1CCN(C)CC1,6.2596374,,6.722851983706156,7.0857697,6.0353312,6.379091616471609
CHEMBL460732,CS(=O)(=O)CCNCCCCOc1ccc2ncnc(Nc3ccc(S(=O)(=O)c4ccccc4)cc3)c2c1,7.031517,1.0,6.813335024913151,6.6174045,7.1934447,7.003389876882235
CHEMBL6120309,[2H]C([2H])([2H])c1cc(Nc2ncc(Br)c(Nc3ccccc3S(=O)(=O)C3CC3)n2)ccc1N1CCN(C([2H])([2H])[2H])CC1,10.045757,1.0,7.716340115865072,7.7658744,8.44879,8.082564856211345
CHEMBL2425083,COc1cc2ncnc(Nc3ccc(F)c(Cl)c3)c2cc1OCCCN1CC2(C1)CS(=O)(=O)C2,7.6197886,1.0,7.831806069711844,7.569945,7.68469,7.758248034169276
CHEMBL2424664,COc1cc2ncnc(Nc3ccc(F)c(Cl)c3)c2cc1OCCN1CC2(C1)CS(=O)(=O)C2,6.801343,,7.726748799582322,7.3079686,7.2875834,7.507166075358787
CHEMBL4454929,C=CC(=O)Nc1cc(Nc2nccc(-c3cn(C)c4ccccc34)n2)c(OC)cc1N1CCS(=O)(=O)CC1,7.3787293,1.0,7.457090353965759,7.2109885,6.555335,7.006212699413299
CHEMBL3699622,C=CC(=O)Nc1cccc(Nc2nc(Nc3ccc(N4CCS(=O)(=O)CC4)cc3OC)ncc2C(F)(F)F)c1,8.259637,1.0,7.709688391685486,7.4541583,7.8914757,7.80058203458786
CHEMBL2205030,O=S1(=O)N=S(c2ccc(Br)cc2)c2ccncc21,5.2676063,0.0,5.394563683787981,5.0364842,5.5256805,5.460122112890084
CHEMBL5993587,CCN1CCN(CCNc2nccc(-c3c(-c4ccc(F)c(O)c4)nc4sccn34)n2)S1(=O)=O,8.106238,1.0,7.5669453305006025,8.060257,8.049408,7.808176644742488
CHEMBL4074248,NCCn1c(-c2ccccc2)nc2cc(Cl)ccc2c1=O,6.542118,,6.305309360424678,6.6675477,5.128791,5.717050107916196
CHEMBL5288191,COc1nc2ccccc2cc1-c1nc2c(cnn2-c2ccc(Br)cc2)c(=O)[nH]1,5.234555,0.0,6.376406414707501,6.680046,5.2289715,5.802688948015371
CHEMBL4129607,C=CC(=O)Nc1cccc(-n2c(=O)n(C(C)C)c(=O)c3cnc(Nc4ccc(N5CCC(N6CCN(C)CC6)CC5)cc4OC)nc32)c1,7.853872,1.0,8.791018394827844,8.601286,8.538459,8.66473860949278
CHEMBL4126654,C=CC(=O)Nc1cccc(-n2c(=O)n(C)c(=O)c3cnc(Nc4ccc(N5CCOCC5)cc4OC)nc32)c1,7.154902,1.0,7.691818912029266,7.847158,8.091407,7.891612867116928
CHEMBL4125772,C=CC(=O)Nc1cccc(-n2c(=O)n(C)c(=O)c3cnc(Nc4ccc(N5CCSCC5)cc4OC)nc32)c1,7.0409584,1.0,7.823735678593318,7.578563,8.095256,7.959495765169462
CHEMBL505896,COc1cc2c(Oc3ccc(-c4cnc(Cc5ccccc5)n(C)c4=O)cc3F)ccnc2cc1OCCCN1CCOCC1,5.7695513,0.0,6.52564100589071,6.452738,8.002396,7.2640183178867614
CHEMBL453737,COc1cc2c(Oc3ccc(-c4cnc(Nc5ccc(F)cc5)n(C)c4=O)cc3F)ccnc2cc1OCCCN1CCOCC1,5.7695513,0.0,6.413433838344756,6.278751,8.051423,7.232428455579848
CHEMBL5791250,C=CC(=O)Nc1cc(Nc2nccc(-c3cc4c5c(c3)n(C(C)C)c(=O)n5CCC4)n2)c(OC)cc1N(C)CCN(C)C,7.60206,1.0,7.246250867843628,7.2789903,7.8239613,7.535106062889099
CHEMBL5882926,C=CC(=O)Nc1cc(Nc2nccc(-c3ccc4oc(=O)n(C)c4c3)n2)c(OC)cc1N(C)CCN(C)C,7.60206,1.0,7.127932615280152,7.0952473,7.429656,7.278794322013855
CHEMBL3612590,CCOC(=O)CCCn1c(=O)oc2cc3ncnc(Nc4ccc5[nH]ncc5c4)c3cc21,6.8860564,,6.4794325989484785,6.666615,6.8970203,6.688226469457149
CHEMBL1241586,CC(C)n1nc(-c2ccc3[nH]c(=O)[nH]c3c2)c2c(N)ncnc21,6.02826,,6.04984494805336,5.8678865,4.9928584,5.521351678967475
CHEMBL4290785,C=CC(=O)Nc1cccc(-n2c(=O)c(=O)n(C(C)C)c3cnc(Nc4ccc(N5CCC(N6CCN(C)CC6)CC5)cc4OC)nc32)c1,7.830374,1.0,8.35178793211778,8.197442,8.02831,8.19004887710015
CHEMBL106232,CN1CCN(CCCCCNc2ncc3cc(-c4c(Cl)cccc4Cl)c(=O)n(C)c3n2)CC1,5.3467875,0.0,6.2640784708233115,6.49318,8.034852,7.1494652493581885
CHEMBL104244,CN1CCN(CCCCNc2ncc3cc(-c4c(Cl)cccc4Cl)c(=O)n(C)c3n2)CC1,6.6777806,,6.262326325393858,6.5581284,7.3838825,6.823104423988433
CHEMBL299194,CN1CCN(CCCNc2ncc3cc(-c4c(Cl)cccc4Cl)c(=O)n(C)c3n2)CC1,5.0604806,0.0,6.238265589929763,6.536743,7.609095,6.923680343258949
CHEMBL401930,Cc1cc(N2CCOCC2)cc2[nH]c(-c3c(NC[C@@H](O)c4cccc(Cl)c4)cc[nH]c3=O)nc12,5.79588,0.0,6.327169249852497,6.5029864,5.539109,5.933139239947001
CHEMBL459729,Cc1cc(C2CCN(CCCF)CC2)cc2[nH]c(-c3c(NCCn4cc(Cl)cn4)cc[nH]c3=O)nc12,4.6777806,0.0,6.526125909487408,6.4560905,8.075493,7.300809384187064
CHEMBL5913616,Cn1ccc2c([C@H](Nc3cc(Cl)c4ncc(C#N)c(NCC5(C(F)(F)F)CCC5)c4c3)C3=CN(C4(C(F)F)CC4)NN3)cccc2c1=O,8.0,1.0,8.024444658080737,8.081718,8.37526,8.199852505584559
CHEMBL5892389,Cn1ccc2c([C@H](Nc3cc(Cl)c4ncc(C#N)c(NCC(C)(C)C)c4c3)C3=CN(C4CCN(C(C)(C)C)CC4)NN3)cccc2c1=O,8.2218485,1.0,8.667261781692504,8.3903265,8.466984,8.56712278842926
CHEMBL5966165,Cn1ccc2c([C@H](Nc3cc(Cl)c4ncnc(NCC(C)(C)C)c4c3)c3cn(C45CC(C4)C5)nn3)cccc2c1=O,8.769551,1.0,8.56125707924366,8.601606,7.5825157,8.071886397898197
CHEMBL461140,CN(C)CCOc1ccc(/C=C/c2cc(-c3cc4c(=O)[nH]cnc4[nH]3)ccn2)cc1,5.481486,0.0,6.597764524394848,6.8842754,7.529504,7.063634173360754
CHEMBL5780871,Cn1cnc2c([C@H](Nc3cc(Cl)c4ncc(C#N)c(NCC(C)(C)C)c4c3)C3=CN(C45CC(C4)C5)NN3)cccc2c1=O,8.1549015,1.0,8.352476561069489,8.149618,8.433304,8.39289019703865
CHEMBL6976,COc1cc2c(cc1OC)Nc1ncn(C)c(=O)c1C2,3.79588,0.0,6.814858921442712,7.114075,5.966291,6.39057493610893
CHEMBL1241776,CC(C)n1nc(-c2ccc3nc[nH]c(=O)c3c2)c2c(N)ncnc21,5.1307683,0.0,5.1142318820953365,5.858562,4.8353615,4.974796681404113
CHEMBL4871569,Cc1nc2c(Br)cc(Br)cc2c(=O)n1N,7.1426673,1.0,5.891802939971289,5.856854,5.39856,5.645181493560473
CHEMBL4871593,C=CCn1c(=O)c2cnc(Nc3ccc(N4CCN(C)CC4)cc3)nc2n1-c1ccc2c(n1)C(O)(CC)CC2,7.221849,1.0,7.387841729402542,7.1167035,7.8558755,7.6218586107492445
CHEMBL5872960,CC(Nc1c(C#N)cnc2ccc(-c3cncc(-c4n[nH]c(=O)o4)c3)cc12)c1ccccc1,7.958607,1.0,7.370356624977929,7.334465,7.0542765,7.2123165456737794
CHEMBL4459978,CCC(=O)N[C@H]1CC[C@@H](n2c(=O)c(-c3ccccc3Cl)c(C)c3cnc(Nc4ccc(N5CCN(C)CC5)c(C)c4)nc32)CC1,6.9212604,,7.38963443450133,7.260715,6.9414186,7.165526541133722
CHEMBL4443413,CCC(=O)N1CC[C@@H](n2c(=O)c(-c3ccccc3Cl)c(C)c3cnc(Nc4ccc(N5CCN(C)CC5)c(C)c4)nc32)C1,7.087778,1.0,7.219367718974749,6.973938,6.980293,7.099830258031686
CHEMBL7810,COc1cc(O)c2c(=O)c(-c3cccc(Cl)c3)cn(CCc3ccccc3)c2c1,5.6109242,0.0,5.961221926927567,5.916441,5.726973,5.84409749186039
CHEMBL5086054,C=CC(=O)Nc1cccc(-n2c(=O)c(C3CC3)nc3cnc(Nc4ccc(OCCOC)cc4)nc32)c1,6.3345127,,7.019436686038971,7.128216,7.629627,7.324531956911088
CHEMBL5087793,C=CC(=O)Nc1cccc(-n2c(=O)c(C3CCCC3)nc3cnc(Nc4ccc(OCCOC)cc4)nc32)c1,6.8635964,,7.000575495958328,7.2519546,7.5265403,7.263557887673378
CHEMBL5088574,C=CC(=O)Nc1cccc(-n2c(=O)c(C3CCCCC3)nc3cnc(Nc4cccc(N5CCN(C)CC5)c4)nc32)c1,6.466482,,8.325392069816589,7.920641,7.909851,8.117621572017669
CHEMBL3633145,C=CC(=O)Nc1cccc(-n2c(=O)c(Cc3ccccc3)cc3cnc(Nc4ccc(N5CCN(C)CC5)cc4OC)nc32)c1,9.30103,1.0,8.578670323789119,8.379714,8.356593,8.467631727904081
CHEMBL5087214,C=CC(=O)Nc1cccc(-n2c(=O)c(Cc3ccccc3)nc3cnc(Nc4ccc(OC)cc4)nc32)c1,6.8850555,,7.523927095333735,7.8053155,8.317056,7.920491398771604
CHEMBL4779958,Cc1c(NC(=S)Nc2ccc3c(c2)OCO3)c(=O)n(-c2ccccc2)n1C,4.0654006,0.0,4.8483423150266916,5.107096,5.1620293,5.005185790692057
CHEMBL5083645,C=CC(=O)Nc1cccc(-n2c(=O)c(Oc3ccccc3)nc3cnc(Nc4ccc(OC)cc4)nc32)c1,8.040958,1.0,7.578311007022858,7.822804,8.331741,7.955026170015335
CHEMBL5218797,CCC(=O)Nc1cccc(-c2c(-c3ccc(N4CCN(C)CC4)cc3)[nH]c3ncn(C4CCCCC4)c(=O)c23)c1,9.39794,1.0,7.480146853387356,7.865925,7.3101635,7.395155175656081
CHEMBL1944930,O=c1c2c(-c3ccccc3)c3c(nc2nc2[nH]nc(S)n12)-c1ccccc1CC3,4.0675263,0.0,5.800935238230796,5.5481405,6.6457453,6.2233402578177905
CHEMBL2152704,Cc1ccc(O)cc1-n1c(=O)c2c(c3c(N)ncnc31)CCCC2,5.790485,0.0,6.234825448433558,6.107161,5.0485744,5.641699948032697
CHEMBL4072392,CC(=O)c1ccccc1-n1c(-c2ccccc2)nc2cc(Cl)ccc2c1=O,6.1426673,,6.380544770161311,6.0060163,5.610672,5.995608383615812
CHEMBL5279539,COc1ccc(-c2nnc(-n3c(-c4ccccc4)nc4cc(Cl)ccc4c3=O)o2)cc1,7.6777806,1.0,6.655768859684468,6.2742596,6.396578,6.526173347383738
CHEMBL5291481,O=c1c2ccc(Cl)cc2nc(-c2ccccc2)n1-c1nnc(-c2ccccc2C2CC2)o1,6.9914,,5.943884723782539,6.003575,6.3142114,6.129048046171665
CHEMBL4079183,O=c1c2ccc(Cl)cc2nc(-c2ccccc2)n1-c1nnc(C2CC2)s1,6.9914,,6.098371823628742,6.3056836,5.83638,5.967375914255777
CHEMBL4083467,Cc1nnc(-n2c(-c3ccccc3)nc3cc(Cl)ccc3c2=O)s1,4.916497,0.0,6.26253143330415,6.2410197,6.0061035,6.134317474464575
CHEMBL5266387,Cc1ccc2c(=O)n(Cc3ccccc3)c(SCc3cn(-c4ccc(C(=O)O)cc4)nn3)nc2c1,7.411168,1.0,6.354274255633354,5.7224846,6.7589917,6.556632986962795
CHEMBL5612851,Cc1nc2cc(Br)c(Br)cc2c(=O)n1-c1ccc(Nc2nc(N3CCCCC3)nc(N3CCOCC3)n2)cc1,7.434152,1.0,7.269843290448189,7.389978,6.2107267,6.740285014212132
CHEMBL4845732,CCS(=O)(=O)NNC(=O)CSc1nc2ccccc2c(=O)n1Cc1ccc2c(c1)OCO2,6.8329782,,6.384030143022537,6.2761335,5.907576,6.14580311357975
CHEMBL185686,O=c1c2cccc(O)c2oc2cccc(O)c12,6.0457573,,5.046350654065609,4.9096036,4.780691,4.9135209004580975
CHEMBL5573322,CCN(CC)c1nc2oc(C)c(C(=O)NN)c2c(=O)n1-c1ccccc1,4.4899917,0.0,5.654902962871961,5.5199833,6.921137,6.288019909475532
CHEMBL4130016,C=CC(=O)Nc1cccc(-n2c(=O)n(CCCc3ccccc3)c(=O)c3cnc(Nc4ccc(N5CCC(N(C)C)CC5)cc4OC)nc32)c1,8.853872,1.0,8.622438062883559,8.405146,8.186015,8.404226595986458
CHEMBL4128567,C=CC(=O)Nc1cccc(-n2c(=O)n(CCc3ccccc3)c(=O)c3cnc(Nc4ccc(N5CCC(N(C)C)CC5)cc4OC)nc32)c1,9.0,1.0,8.76500271320343,8.486073,8.4569025,8.610952608585357
CHEMBL4128415,C=CC(=O)Nc1cccc(-n2c(=O)n(Cc3ccccc3)c(=O)c3cnc(Nc4ccc(N5CCC(N(C)C)CC5)cc4OC)nc32)c1,8.721247,1.0,8.701087247729301,8.466958,8.290599,8.495843058526516
CHEMBL2029700,Nc1nn2c(=O)cc(-c3ccccc3)[nH]c2c1/N=N/c1ccc2c(c1)OCO2,5.275724,0.0,5.966817960143089,7.1597347,6.3196273,6.143222622573376
CHEMBL5282499,COc1ccc(-c2cc(=O)oc3c(O)c(O)ccc23)cc1O,5.309804,0.0,5.692814668118953,5.447901,4.956908,5.324861447066068
CHEMBL3753305,C=CC(=O)Nc1cccc(-n2c(=O)cc(-c3ccccc3)c3cnc(Nc4ccc(N5CCN(C)CC5)cc4OC)nc32)c1,7.6777806,1.0,8.257606071233749,7.682353,8.3214655,8.289535781741142
CHEMBL5631610,N#Cc1c(-c2ccc(Cl)cc2Cl)cc(-c2c[nH]c3ccccc23)[nH]c1=O,6.856222,,5.149843916296959,5.1274314,5.7540236,5.4519337341189384
CHEMBL5192793,COc1ccc(-c2cc(=O)cc(-c3ccc(OC)cc3)o2)cc1,9.823909,1.0,5.678528953890005,5.563408,5.3832445,5.530886734177669
CHEMBL5565187,Cc1cc(C)n(-c2cc(=O)[nH]c3c(C)cccc23)n1,7.017729,1.0,6.147526414195697,6.4545255,5.69604,5.921783283849558
CHEMBL3752448,C=CC(=O)Nc1cccc(-n2c(=O)cc(C3CC3)c3cnc(Nc4ccc(N5CCN(C)CC5)cc4OC)nc32)c1,8.0,1.0,7.99778209733963,8.009213,8.166369,8.082075767755509
CHEMBL2029695,Cn1c(NCc2cccc(C(F)(F)F)c2)cc(=O)n(C)c1=O,4.076238,0.0,5.551770569284757,5.3775296,5.1078053,5.329787910679976
CHEMBL1944920,Cn1cc(NC(=O)/C=N/O)c(=O)n1-c1ccccc1,5.05061,0.0,5.3931552617039005,5.446602,6.0748196,5.733987413261618
CHEMBL5823172,Cc1c([C@H](Nc2cc(Cl)c3ncc(C#N)c(NCC(C)(C)C)c3c2)C2=CN(C3(C(F)F)CC3)NN2)ccc(=O)n1C,7.958607,1.0,8.336888546282337,8.296238,6.8982778,7.617583152917169
CHEMBL1944928,COc1ccc2c3oc(=O)cc(O)c3c(=O)n(C)c2c1,4.151663,0.0,5.5222435178359355,5.551891,4.973321,5.247782239417235
CHEMBL204232,CC(=O)Nc1c(C(C)=O)c(=O)n(C)c2nc(-c3ccc(Cl)cc3Cl)c(-c3ccc(Cl)cc3)cc12,5.4867826,0.0,5.8595728245803285,5.4596653,6.2026796,6.031126229337284
CHEMBL1241863,CC(C)n1nc(-c2ccc3[nH]c(=O)ccc3c2)c2c(N)ncnc21,5.1739254,0.0,6.212216091354687,6.2736664,4.848972,5.530593967537085
CHEMBL1241864,Nc1ncnc2c1c(-c1ccc3[nH]c(=O)ccc3c1)nn2C1CCCC1,5.853872,0.0,6.27685717900594,6.525063,6.2727966,6.274826904932658
CHEMBL4779681,O=c1ccc2ccc(Oc3nc(Nc4ccc(N5CCC(N6CCCCC6)CC5)c(F)c4)nc4ccsc34)cc2[nH]1,6.958607,,6.856496869325638,6.8368363,8.285951,7.571223765015603
CHEMBL4780855,CN(C)CCNc1ccc(Nc2nc(Oc3ccc4ccc(=O)[nH]c4c3)c3sccc3n2)cc1F,6.6382723,,5.926350778341293,6.51151,7.225399,6.575874897837639
CHEMBL244948,O=c1ccc2ccc(O)c(O)c2o1,5.115205,0.0,5.380910704135895,4.9802055,4.5713363,4.976123486757278
CHEMBL4099008,C=CC(=O)N1CCC(Cn2c(=O)cc(C)c3cnc(Nc4ccc(N5CCN(C)CC5)cc4OC)nc32)C1,7.1951795,1.0,7.067223509033519,6.9475822,7.078616,7.0729198256532335
CHEMBL5194482,C=CC(=O)Nc1cccc(Cn2c(=O)ccc3cnc(Nc4ccc(N5CCN(C)CC5)cc4)nc32)c1,6.6239853,,7.669759844779968,7.6382837,8.282229,7.9759946341514585
CHEMBL4086000,C=CC(=O)Nc1cccc(-n2c(=O)cc(C)c3cnc(Nc4ccc(N5CCN(C)CC5)nc4)nc32)c1,8.853872,1.0,8.337683817942938,7.9798455,7.779051,8.058367322484653
CHEMBL4082515,C=CC(=O)Nc1cccc(-n2c(=O)cc(C)c3cnc(Nc4cnn(CCN(C)C)c4)nc32)c1,8.376751,1.0,7.785439256827036,7.4971013,7.2257786,7.505608918269475
CHEMBL4064475,C=CC(=O)Nc1cccc(-n2c(=O)cc(C)c3cnc(Nc4cnn(C5CCN(C)CC5)c4)nc32)c1,8.744727,1.0,7.967068636616071,7.8012033,7.364374,7.665721398691336
CHEMBL4063421,C=CC(=O)Nc1cccc(-n2c(=O)cc(C)c3cnc(Nc4nc5c(s4)CN(C)CC5)nc32)c1,8.60206,1.0,7.991794399698575,7.5558844,8.027944,8.009869005421798
CHEMBL4091991,C=CC(=O)Nc1cc(-n2c(=O)ccc3cnc4ccc(-c5ccc(NS(C)(=O)=O)cc5)cc4c32)ccc1C,6.062759,,7.329479397654534,7.1515746,6.9800243,7.1547518677115445
CHEMBL4077064,C=CC(=O)N1CCc2ccc(-n3c(=O)ccc4cnc5ccc(-c6cnn(C)c6)cc5c43)cc21,6.0584884,,7.3982693062850435,7.383273,6.146002,6.772135561040471
CHEMBL1817964,C/C=C(\C)C(O[C@@H]1O[C@H](CO)[C@@H](O)[C@H](O)[C@H]1O)C(C)/C=C(C)/C=C/CC(C)/C=C/c1oc(OC)c(C)c(=O)c1C,6.79588,,5.603037557999293,4.548531,6.615574,6.109305720527967
CHEMBL1242119,Nc1ncnc2c1c(-c1ccc3occc(=O)c3c1)nn2C1CCCC1,4.0,0.0,5.943957686762014,5.9004354,5.767298,5.855627954175074
CHEMBL1817965,C/C=C(\C)[C@H](O)[C@H](C)/C=C(C)/C=C/CC(C)/C=C/c1oc(OC)c(C)c(=O)c1C,6.254179,,5.233679156303406,4.751159,5.551146,5.392412593364716
CHEMBL2437464,C=CC(=O)Nc1cccc(-n2c(=O)cnc3cnc(Nc4ccc(N5CCCC5)cc4)nc32)c1,7.8860564,1.0,8.26699602663517,8.253988,8.036988,8.151992142498493
CHEMBL2437463,C=CC(=O)Nc1cccc(-n2c(=O)cnc3cnc(Nc4ccc(N5CCCCC5)cc4)nc32)c1,7.8752785,1.0,8.250829399228095,8.202793,7.972813,8.111821264326572
CHEMBL4650323,C=CC(=O)N1CCC[C@@H](n2c(=O)n(-c3ccc(Oc4ccccc4)cc3)c3c(N)nccc32)C1,7.1307683,1.0,7.005632316927115,6.8054667,6.7872314,6.896431881119808
CHEMBL599388,COc1cc(-c2nc(=O)c3c([nH]2)sc2ccc(C)cc23)ccc1OCC(=O)O,5.6197886,0.0,6.160686250925064,6.7557507,5.73257,5.946628211140633
CHEMBL268501,Cc1ccc2c(-c3ccccc3)nc(=O)n(C(C)C)c2c1,8.69897,1.0,5.771864112643969,5.954011,5.1175275,5.444695798768883
CHEMBL2064403,O=c1oc2cc3ncnc(Nc4ccc5[nH]ncc5c4)c3cc2n1CCCN1CCOCC1,6.920819,,6.131656162193844,6.395296,7.4352245,6.783440347637449
CHEMBL2064393,Cc1c(OCC(F)(F)F)ccnc1COc1cccc(Nc2ncnc3cc4oc(=O)n(CCCN5CCOCC5)c4cc23)c1,7.004365,1.0,5.986251007556915,5.659484,6.497093,6.241672104120255
CHEMBL6246,O=c1oc2c(O)c(O)cc3c(=O)oc4c(O)c(O)cc1c4c23,6.161151,,5.4088889148831365,5.318005,4.44901,4.928949405103921
CHEMBL4868909,COc1cccc(-c2cc(-c3c(O)c4ccccc4oc3=O)nc(N)c2C#N)c1,7.481486,1.0,6.023398869633675,5.9886,6.1288424,6.076120611727237
CHEMBL3814812,Fc1cccc(COc2ccc(Nc3ncnc4ccc(NC(=S)NCCCN5CCOCC5)cc34)cc2Cl)c1,7.69547,1.0,6.79444345831871,6.8565316,7.632109,7.21327631175518
CHEMBL3814940,Fc1cccc(COc2ccc(Nc3ncnc4ccc(NC(=S)NCCN5CCCCC5)cc34)cc2Cl)c1,5.7544875,0.0,6.944393346309662,7.0311136,7.153558,7.048975561857223
CHEMBL3814694,Fc1ccc(Nc2ncnc3ccc(NC(=S)NCCN4CCCCC4)cc23)cc1Cl,7.09691,1.0,6.839252082109451,7.048806,7.2906337,7.064942880272865
CHEMBL3813728,Fc1cccc(COc2ccc(Nc3ncnc4ccc(NC(=S)NCCN5CCOCC5)cc34)cc2Cl)c1,6.5734887,,6.871186866760254,6.829978,6.967056,6.919121332168579
CHEMBL4848093,NS(=O)(=O)c1ccc(CCNC(=S)Nc2ccc3ncnc(Nc4ccc(OCc5cccc(F)c5)c(Cl)c4)c3c2)cc1,7.361278,1.0,7.066577414572239,7.1098075,7.443413,7.2549950976669795
CHEMBL4857605,NS(=O)(=O)c1ccc(CCNC(=S)Nc2ccc3ncnc(Nc4cccc(C(F)(F)F)c4)c3c2)cc1,7.200122,1.0,7.135927000045776,7.005035,7.318734,7.227330584526062
CHEMBL4789796,S=C(NN=C(c1ccccc1)c1ccccc1)Nc1ccc2c(c1)OCO2,6.003051,,5.00451973259449,5.351504,5.3393097,5.171914712488651
CHEMBL4776925,S=C(NNc1ccccc1)Nc1ccc2c(c1)OCO2,5.08281,0.0,4.901803951263428,5.115466,4.9316034,4.916703691482544
CHEMBL4782320,S=C(Nc1ccc2c(c1)OCO2)Nc1c2ccccc2nc2ccccc12,3.9888527,0.0,5.551753420233727,5.743992,4.847101,5.199427315890789
CHEMBL4062528,S=C(Nc1ccc2ncnc(Nc3cccc(Br)c3)c2c1)N1CCOCC1,7.5702477,1.0,7.37010965714852,7.2310677,6.554904,6.962506820609172
CHEMBL4160854,Nc1n[nH]c2cccc(-c3ccc(NC(=S)Nc4cc(Br)ccc4OC(F)(F)F)cc3)c12,5.2676063,0.0,5.812267474234104,6.049274,5.6555004,5.733883943110705
CHEMBL5207327,COc1cc2c(cc1OC)C(Oc1cccc(NC(=S)Nc3ccc(Cl)c(C(F)(F)F)c3)c1)=NCN2,7.69897,1.0,5.418091681202253,5.403781,5.897053,5.657572223047415
CHEMBL5218459,COc1cc2ncnc(Oc3cccc(NC(=S)Nc4ccc(Cl)c(C(F)(F)F)c4)c3)c2cc1OC,7.69897,1.0,6.124415192723275,5.8794703,6.1130643,6.118739740908146
CHEMBL5192572,COc1cc2c(cc1OC)C(Sc1cccc(NC(=S)Nc3ccc(Br)c(C(F)(F)F)c3)c1)=NCN2,8.0,1.0,5.121198896368344,4.7874713,5.2691736,5.195186259249846
CHEMBL4225828,CNC(=O)c1ccc(Sc2cccc(NC(=S)Nc3ccc(Cl)c(C(F)(F)F)c3)c2)nc1,6.224754,,6.095448660517668,5.914754,5.578645,5.837046944928634
CHEMBL5218990,COc1cc2ncnc(Sc3cccc(NC(=S)Nc4ccc(Br)c(C(F)(F)F)c4)c3)c2cc1OC,8.0,1.0,6.761400230626265,6.2324038,6.6262317,6.693815950502952
CHEMBL5275471,CCOC(=O)c1csc(NC(=S)Nc2ccc(Cl)cc2)n1,4.9956784,0.0,5.470222253402073,5.867684,5.644025,5.557123551170031
CHEMBL1944922,Cn1c2ccccc2n2c(=S)[nH]nc12,4.6575775,0.0,5.567846981485685,4.9541526,5.6111383,5.58949266264836
CHEMBL64894,CN(C)c1ccc(C(=C2C=CC(=[N+](C)C)C=C2)c2ccc(N(C)C)cc2)cc1,6.325139,,5.1000885301828385,4.7610564,4.9046,5.002344336807727
CHEMBL1812491,Cn1cccc1-c1nc2cc(NC(=O)CCl)ccc2[nH]1,4.9182925,0.0,6.110448693037033,6.005691,5.1078415,5.609145092368125
CHEMBL293482,N#CC(C#N)=Cc1ncc[nH]1,3.2740884,0.0,6.481823276281357,5.4938383,3.9335098,5.207666551470757
CHEMBL1276179,CN1C[C@@H]2C[C@H]1CN2c1cc(F)c(-c2ccnc3c(-c4cccc5[nH]ncc45)c(-c4ccncc4)nn23)c(F)c1,6.761954,,7.012311152957734,7.2091684,8.455949,7.7341299913043065
CHEMBL4549626,C=CC(=O)N1CCC(Oc2nc(Nc3ccc(N4CCOCC4)cc3)nc3[nH]cc(-c4ccnc(NC)c4)c23)CC1,7.4202166,1.0,7.150171033898989,7.306716,8.214019,7.682094927807649
CHEMBL5765903,C=CC(=O)Nc1cc(Nc2ncc(Cl)c(-c3ccn(C)c3)n2)c(OC)cc1N1CCC(N(C)C)CC1,7.107157,1.0,7.470706727206707,7.9461217,7.431698,7.451202286332846
CHEMBL5763689,C=CC(=O)Nc1cc(Nc2nccc(-c3cc(F)c4nc(C)n(C(C)C)c4c3)n2)c(OC)cc1N1CCC(N2CCOCC2)CC1,7.60206,1.0,7.500267515182495,7.4692206,7.3336353,7.416951422691345
CHEMBL6061951,C=CC(=O)Nc1cc(Nc2nccc(-c3cc(F)c4nc(C)n(C(C)C)c4c3)n2)c(OC)cc1N1CCOCC1,7.60206,1.0,7.406482492685318,7.4158225,7.315967,7.361224787831306
CHEMBL4448494,Cc1nc2c(F)cc(-c3nc(Nc4ccc5c(n4)CCN(CCN(C)C)C5)ncc3F)cc2n1C(C)C,5.705534,0.0,6.905576858719189,6.91826,7.6728,7.289188461403052
CHEMBL5906672,C=CC(=O)Nc1cc(Nc2ncc(Cl)c(-c3cnn(C)c3)n2)c(OC)cc1N1CCN(C)CC1,7.2429256,1.0,7.494795515537262,7.382062,7.173802,7.334298707246781
CHEMBL5797186,C=CC(=O)Nc1cc(Nc2nccc(-c3cnc4c(ccn4C)c3)n2)c(OC)cc1N1CCN(C)CC1,7.2558656,1.0,7.804857168197632,7.9466286,8.295395,8.050126032829285
CHEMBL5914449,C=CC(=O)Nc1cc(Nc2nccc(-c3cnc4c(ccn4C)c3)n2)c(OC)cc1N(C)CCN1CCCC1,7.9062395,1.0,7.992605936527252,8.035912,8.302524,8.147564774751663
CHEMBL5805507,C=CC(=O)Nc1cc(Nc2nccc(-c3cnc4c(cnn4C)c3)n2)c(OC)cc1N1CCN(C)CC1,7.1726713,1.0,7.766065093278885,7.7227025,8.340833,8.0534489017725
CHEMBL6035061,C=CC(=O)Nc1cc(Nc2ncc(Cl)c(-c3cnn(C4CCN(C(=O)OC(C)(C)C)CC4)c3)n2)c(OC)cc1N1CCC(N(C)C)CC1,8.043093,1.0,7.493412849605083,7.1972227,7.6399803,7.566696582883596
CHEMBL4569508,O=C(NCC(F)(F)F)c1cc(-c2cnn3cc(-c4ccc(OCCN5CCCCC5)cc4)cnc23)cs1,5.958607,0.0,6.619803148470519,6.649716,6.1143565,6.367079833131133
CHEMBL4550702,Cn1cc(-c2cnc3c(-c4csc(C(=O)NCC(F)(F)F)c4)cnn3c2)cn1,4.552842,0.0,6.7408981138978685,6.5467625,6.37043,6.555664053286825
CHEMBL1242757,CC(C)n1nc(-c2cccc3[nH]ccc23)c2c(N)ncnc21,5.337242,0.0,5.906111025810242,5.684886,5.9845066,5.945308816432953
CHEMBL1242758,Nc1ncnc2c1c(-c1cccc3[nH]ccc13)nn2C1CCCC1,5.853872,0.0,5.971150603294372,5.992983,5.2482796,5.609715087413788
CHEMBL5288751,C=CC(=O)N1CCC([C@@H]2CCNc3c(C(N)=O)c(-c4cc(OC)c(C5CC5)c(OC)c4)nn32)CC1,6.3467875,,5.901759266707632,6.27319,6.9233174,6.412538349555598
CHEMBL5272694,C=CC(=O)N1CCC(C2CCNc3c(C(N)=O)c(-c4cc(OC)c(C5CCCC5)c(OC)c4)nn32)CC1,5.3471737,0.0,5.930435112112098,6.360515,6.8406734,6.385554279383686
CHEMBL6036005,CN(C)C(=O)N[C@@H]1CCCN(c2cnc(C(N)=O)c(Nc3ccc(C4(CN)CCCC4)cc3)n2)C1,5.2596374,0.0,5.2599715852737425,5.8372345,5.793662,5.526816828250885
CHEMBL5920681,CN(C)C(=O)N1CCC[C@@H]2[C@H]1CCCN2c1cnc(C(N)=O)c(Nc2ccc(C3CCN(C4CCCC4)CC3)cc2)n1,5.2596374,0.0,6.152667472958565,6.2645807,7.614932,6.8837997666001325
CHEMBL5746447,CN(C)C(=O)N[C@@H]1CCCCN(c2cnc(C(N)=O)c(Nc3ccc(C4CCN(C5CCCC5)CC4)cc3)n2)C1,6.2596374,,5.4061860394477845,5.6906595,7.7373514,6.571768728494645
CHEMBL5967377,CN(C)C(=O)N[C@@H]1CCCN(c2cnc(C(N)=O)c(Nc3ccc(C4CCN(C5CCCCC5)CC4)cc3)n2)C1,5.2596374,0.0,5.412137355804443,5.6280804,6.3837547,5.897946043014526
CHEMBL6010002,CN(C)C(=O)N[C@@H]1CCCN(c2cnc(C(N)=O)c(Nc3ccc(C4CCN(C5CCOCC5)CC4)cc3)n2)C1,5.2596374,0.0,5.520450731754303,5.6747966,6.4584413,5.989445994615554
CHEMBL5828306,CN(C)C(=O)N[C@@H]1CCCN(c2cnc(C(N)=O)c(Nc3ccc(C4CCN(C5COC5)CC4)cc3)n2)C1,5.2596374,0.0,5.535358566045761,5.625669,6.6586986,6.097028562426567
CHEMBL3416614,Brc1cc2c(NCc3ccncc3)ncnc2s1,5.4108324,0.0,6.257931313415368,6.497259,6.1239486,6.190939943740765
CHEMBL5419670,Cn1cc(-c2ccnc(Nc3cccc(COCCOCCn4ccnc4[N+](=O)[O-])c3)n2)c2ccccc21,5.3951263,0.0,5.933075270652771,6.1678014,6.3887467,6.160911004543305
CHEMBL5876064,CN(C)C/C=C/C(=O)N1CCOc2c1ccc1ncnc(Nc3ccc(OCc4ccncc4)cc3)c21,5.5606675,0.0,6.446995128591855,6.4325314,6.768607,6.6078011340896285
CHEMBL247916,NC1CCN(Cc2ccn3ncnc(Nc4ccc5c(cnn5Cc5ccncc5)c4)c23)CC1,6.275724,,7.1942177102963125,7.4569507,6.844125,7.01917125215133
CHEMBL3663929,C=CC(=O)N1CC[C@@H](Oc2nc(Nc3ccc(N4CCC(N5CCN(C)CC5)CC4)cc3)c(C(N)=O)nc2CC)C1,8.09691,1.0,8.74522572517395,8.614923,7.1974907,7.971358208656311
CHEMBL4297674,CC#CC(=O)N[C@H]1CCCN(c2c(F)cc(C(N)=O)c3[nH]c(C)c(C)c23)C1,5.69897,0.0,5.665240679860115,5.2645626,5.946271,5.805755811274052
CHEMBL5909369,C=CC(=O)Nc1cc(Nc2ncc3ccc(C4CC4)n3n2)c(OC)cc1N1CCC(N(C)C)CC1,6.581699,,7.513131266832351,7.2741995,6.623902,7.068516555428505
CHEMBL3663934,CCC(=O)N1CC[C@@H](Oc2nc(Nc3ccc(N4CCN(C)CC4)cc3)c(C(N)=O)nc2CC)C1,8.586315,1.0,8.151180637677509,7.541539,6.0620527,7.106616682211557
CHEMBL564829,CNC(=O)c1nn(C)c2c1C(C)(C)Cc1cnc(Nc3ccc(N4CCN(C)CC4)cc3)nc1-2,5.5130033,0.0,7.22371213831504,7.011919,6.9662495,7.0949808021287115
CHEMBL6050550,C=CC(=O)Nc1cc(Nc2ncc3ccc(-c4cnn(C)c4)n3n2)c(OC)cc1N1CCN(C)CC1,8.077451,1.0,7.996923845211666,7.859085,8.13322,8.065071782072385
CHEMBL3678959,CC(C)n1c(NC2CCCCC2)nc2cnc(Nc3ccc(N4CCN(C)CC4)cc3)nc21,7.823909,1.0,7.652950346112252,7.855692,7.6359963,7.644473343908787
CHEMBL4283970,O=C(O)CCCC(=O)Nc1cc(N2CCOCC2)ncn1,7.6171656,1.0,6.887827646255493,7.479873,5.8392935,6.363560563087463
CHEMBL5189778,CC(C)c1cnc(N2CCCC2)c2cnc(Nc3ccnc(N4CC[C@@H](O)[C@@](C)(F)C4)n3)cc12,6.1419983,,6.414865227878093,6.511209,7.0640593,6.739462242692708
CHEMBL5184941,CC(C)c1nnc(N2CC[C@H]2C)c2cnc(Nc3ccnc(N4CC[C@@H](O)[C@@](C)(F)C4)n3)cc12,6.3448925,,6.514347971643717,6.239269,7.0485125,6.7814302152224935
CHEMBL431977,NC(=O)C1CCN(Cc2ccc(-c3cc4nccc(Nc5ccc6[nH]ccc6c5)c4s3)cc2)CC1,9.0,1.0,7.644999204973379,7.8206377,7.022606,7.333802550484736
CHEMBL5277940,CN1CCN(c2ccc(Nc3ncc(Br)c(Nc4ccc5[nH]ncc5c4)n3)cc2)CC1,6.9072714,,7.027251672824224,7.235149,7.553367,7.29030940536658
CHEMBL255866,CO/N=C/c1c(N)ncnc1Nc1ccc2[nH]ncc2c1,6.5142784,,7.56142947880427,7.5401835,7.2890472,7.425238360007604
CHEMBL5831921,COc1cc(N2CCC3(CC2)CN(C)C3)c(C)cc1Nc1ncc(Cl)c(Nc2ccc3c(c2P(C)(C)=O)CCC3)n1,9.308919,1.0,9.314016963243484,8.971892,8.628846,8.971431565880774
CHEMBL5280953,CC(=O)N1CCc2cc(Nc3nc(Nc4ccc(N5CCN(C)CC5)cc4)ncc3Br)ccc21,5.0332565,0.0,6.799352208753427,6.971565,6.3509016,6.575126906226078
CHEMBL5275932,CC(=O)N1CCc2ccc(Nc3nc(Nc4ccc(N5CCN(C)CC5)cc4)ncc3Br)cc21,5.1548133,0.0,6.868844885309537,7.0637383,6.9558043,6.91232461665074
CHEMBL5776776,C=CC(=O)N1CCOc2ccc(Nc3nc(Nc4ccc(N5CCOCC5)nc4)ncc3C(C)=O)cc21,7.2596374,1.0,7.159464945793152,6.813552,6.382653,6.771059091091156
CHEMBL5193123,COc1cc(N2CCC(N3CCCN(C)CC3)CC2)c(C)cc1Nc1ncc(Br)c(Nc2ccc3c(c2P(C)(C)=O)OCCO3)n1,10.150515,1.0,9.393506761789322,9.395402,8.6370535,9.01528012573719
CHEMBL5192223,COc1cc(N2CCC(N3CCCOCC3)CC2)c(C)cc1Nc1ncc(Br)c(Nc2ccc3c(c2P(C)(C)=O)OCCO3)n1,9.803652,1.0,9.471546850204469,9.414499,8.638623,9.055085043907166
CHEMBL5203220,CCc1cc(Nc2ncc(Br)c(Nc3ccc4c(c3P(C)(C)=O)OCO4)n2)c(OC)cc1N1CCC(N2CC(N(C)C)C2)CC1,9.610925,1.0,9.931366703510285,9.503428,8.625281,9.278324018716813
CHEMBL6011218,COc1cc(N2CCC3(CC2)CN(C)C3)c(C)cc1Nc1ncc(Cl)c(Nc2ccc3cnn(C)c3c2P(C)(C)=O)n1,8.237322,1.0,9.297339060306548,9.03962,8.591563,8.944451142549514
CHEMBL5173070,CN1CCN(c2ccc(Nc3ncc(Br)c(Nc4ccc5cn[nH]c5c4)n3)cc2)CC1,6.662065,,6.889794817050298,7.1920233,7.6124935,7.251144166032473
CHEMBL5418539,COc1cc(N2CCC(N3C[C@H]4COC[C@H]4C3)CC2)c(C)cc1Nc1ncc(Br)c(Nc2ccc3nccnc3c2P(C)(C)=O)n1,9.983288,1.0,9.766044900417327,9.820784,8.557027,9.161535881757736
CHEMBL5431909,COc1cc(N2CCC(N3CC[C@@H](N(C)C)C3)CC2)c(C)cc1Nc1ncc(Br)c(Nc2ccc3nccnc3c2P(C)(C)=O)n1,9.886057,1.0,9.891456823349,9.834802,8.6669,9.279178252220154
CHEMBL5180894,CCc1cc(Nc2ncc(Br)c(Nc3ccc4nccnc4c3P(C)(C)=O)n2)c(OC)cc1N1CCC(N2CCCN(C)CC2)CC1,9.080922,1.0,9.399292845726013,9.441128,8.662197,9.030744979381561
CHEMBL6043358,COc1cc(N2CCC3(CC2)CN(C)C3)c(C)cc1Nc1ncc(Cl)c(Nc2ccc3nccnc3c2P(C)(C)=O)n1,9.1012745,1.0,9.379065709114075,9.232056,8.60355,8.991307833194732
CHEMBL5272206,CN1CCN(c2ccc(Nc3ncc(Br)c(Nc4ccc5nccnc5c4)n3)cc2)CC1,6.508214,,7.217972219864526,7.248142,7.186384,7.202178210457165
CHEMBL5928819,COc1cc(N2CCC3(CC2)CN(C)C3)c(C)cc1Nc1ncc(Cl)c(Nc2ccc3sccc3c2P(C)(C)=O)n1,9.21254,1.0,9.31787274122238,8.904669,8.047558,8.682715286016464
CHEMBL5767132,COc1cc(N2CCC3(CCN(C)CC3)CC2)c(Cl)cc1Nc1ncc(Cl)c(Nc2ccc3sccc3c2P(C)(C)=O)n1,8.578396,1.0,9.261760727167129,8.927375,8.370952,8.816356189846992
CHEMBL5209094,CCc1cc(Nc2ncc(Br)c(Nc3ccn4ncnc4c3P(C)(C)=O)n2)c(OC)cc1N1CCC(N2CCN(CC)CC2)CC1,9.586963,1.0,7.807280901670456,8.4554,8.671557,8.239419164061546
CHEMBL5195137,CCc1cc(Nc2ncc(Br)c(Nc3ccn4ncnc4c3P(C)(C)=O)n2)c(OC)cc1N1CCC(N2CCOCC2)CC1,9.388123,1.0,7.783825963139533,8.294474,8.647353,8.21558956772089
CHEMBL5907728,C=CC(=O)N1CCC(Oc2cc3c(Nc4cccc5cnn(C)c45)c(C#N)cnc3cc2OC)CC1,5.5850267,0.0,6.580717279593149,7.0411153,6.692186,6.636451579173405
CHEMBL5983716,C=CC(=O)N1CCC(Oc2cc3c(Nc4cccc(C5CC5)c4)c(C#N)cnc3cc2OC)CC1,5.7703037,0.0,6.332529406448206,6.5542,6.418644,6.375586678932111
CHEMBL5542997,O=C(NO)c1sccc1Nc1nc(Nc2ccc(N3CCOCC3)cc2)ncc1Cl,7.790485,1.0,7.307280392646789,7.251624,6.371278,6.839279100894927
CHEMBL522785,COc1cc2nc(Nc3cc(C)[nH]n3)nc(Nc3cccc(-c4nc5ccccc5s4)c3)c2cc1OC,5.481486,0.0,5.875791259010633,5.6582546,7.7360225,6.805906865696112
CHEMBL5184048,C=CC(=O)N1CCC(Oc2nc(Nc3ccn(C)n3)nc3ccsc23)CC1,6.8996296,,7.801303148269653,7.6558566,6.432154,7.116728663444519
CHEMBL58436,c1cc(Nc2nccc(-c3cccnc3)n2)cc(OCCn2ccnc2)c1,5.1487417,0.0,5.60887152651691,5.3838835,5.644086,5.6264787053055745
CHEMBL6052028,C=CC(=O)N1CCC[C@@H](Nc2nc(Nc3cccc(OCCN4CCOCC4)c3)ncc2F)C1,7.2596374,1.0,6.332457971283369,6.4977217,5.9624815,6.147469735000815
CHEMBL491686,Cc1cc(Nc2ccnc(Nc3cccc(-c4nc5ccccc5s4)c3)n2)n[nH]1,5.7212462,0.0,6.200158333182335,6.011188,6.1620827,6.181120502650738
CHEMBL5833522,COc1ccc(OCCNCc2cnccn2)cc1Nc1ncc(Cl)c(Nc2ccc3ccccc3c2P(C)(C)=O)n1,7.5968795,1.0,8.340249644200007,7.507652,7.6948185,8.017534070452054
CHEMBL1270795,CSc1cn2c(-c3cn[nH]c3)cnc2c(Nc2cc(C)ns2)n1,5.2968807,0.0,6.5703568843007085,6.7045727,5.537533,6.053944845348596
CHEMBL443906,c1cc(Nc2ncnc3[nH]cnc23)cc(-c2nc3ccccc3s2)c1,5.7695513,0.0,6.569395530053547,6.097845,7.7480354,7.1587154804808755
CHEMBL217090,Clc1ccc2c(c1Nc1ncnc3cc(OCCCN4CCCC4)cc(OC4CCOCC4)c13)OCO2,6.0457573,,6.686276279807092,6.390652,6.026658,6.356467168986798
CHEMBL217092,CN1CCN(CCOc2cc(OC3CCOCC3)c3c(Nc4c(Cl)ccc5c4OCO5)ncnc3c2)CC1,5.5867004,0.0,6.7115179358124735,6.1948504,7.0637646,6.887641253978014
CHEMBL5915453,C=CC(=O)N1CCC(Oc2cc3c(Nc4cccc5cnn(C)c45)ncnc3cc2OC)C1,5.4089355,0.0,7.405996982177098,7.583537,7.187008,7.296502443114916
CHEMBL5741413,C=CC(=O)N1CCC(Oc2cc3c(Nc4cccc(C5CC5)c4)ncnc3cc2OC)C1,5.8873453,0.0,7.2839049968123435,7.01465,6.4739184,6.878911717385053
CHEMBL5840233,C=CC(=O)N1CCC(Oc2cc3c(Nc4cccc5cnn(C)c45)ncnc3cc2OC)CC1,4.79588,0.0,7.629465486427148,7.7818847,7.526558,7.578011704395214
CHEMBL5976949,C=CC(=O)N1CCC(Oc2cc3c(Nc4cccc(C5CC5)c4)ncnc3cc2OC)CC1,6.2741838,,7.774150269031525,7.288413,6.3079615,7.041055866479874
CHEMBL5901984,C=CC(=O)N1CC(Oc2cc3c(Nc4cccc5cnn(C)c45)ncnc3cc2OC)C1,4.8445473,0.0,7.597942441877865,7.7210307,7.6169863,7.607464358298552
CHEMBL5875860,C=CC(=O)N1CC(Oc2cc3c(Nc4cccc(C5CC5)c4)ncnc3cc2OC)C1,7.0419044,1.0,7.682339230775833,7.18399,7.176739,7.4295392233133315
CHEMBL5180325,Nc1ccc2ncnc(Nc3cccc4cc[nH]c34)c2c1,7.599117,1.0,7.300455422401428,7.150283,6.636285,6.968370125293731
CHEMBL125920,CCOc1cc2ncnc(Nc3cccc(-c4cc[nH]n4)c3)c2cc1OCC,7.958607,1.0,7.634738661448162,7.7960653,8.593902,8.114320147832235
CHEMBL125086,CCOc1cc2ncnc(Nc3cccc(-c4ccco4)c3)c2cc1OCC,8.522879,1.0,7.80781258593003,7.75815,8.474496,8.141154236843189
CHEMBL126974,CCOc1cc2ncnc(Nc3cccc(-c4cncnc4)c3)c2cc1OCC,5.958607,0.0,7.808031281085242,7.6104264,8.0436125,7.925821880624408
CHEMBL340862,CCOc1cc2ncnc(Nc3cccc(-c4cncs4)c3)c2cc1OCC,7.958607,1.0,7.6868801536560065,7.776674,8.707048,8.19696428489685
CHEMBL126996,CCOc1cc2ncnc(Nc3cccc(-c4cocn4)c3)c2cc1OCC,6.1426673,,7.573700994650523,7.250396,8.461804,8.017752692302068
CHEMBL127367,CCOc1cc2ncnc(Nc3cccc(-c4nc[nH]n4)c3)c2cc1OCC,6.4089355,,7.675688167015712,7.5673404,8.627078,8.151383111675582
CHEMBL126192,CCOc1cc2ncnc(Nc3cccc(-c4nccs4)c3)c2cc1OCC,8.69897,1.0,7.43043521526314,7.494139,8.696424,8.063429372920876
CHEMBL5875009,C=CC(=O)N1CCC(Oc2cc3c(Nc4cccc5cnn(C)c45)ncnc3cn2)C1,4.69897,0.0,7.604760510762534,7.254228,7.365715,7.485237768809002
CHEMBL5863176,C=CC(=O)N1CCC(Oc2cc3c(Nc4cccc5cnn(C)c45)ncnc3cn2)CC1,4.537602,0.0,7.702396151761215,7.3764167,7.4238596,7.563127874006828
CHEMBL5818193,C=CC(=O)N1CC(Oc2cc3c(Nc4cccc5cnn(C)c45)ncnc3cn2)C1,4.8847756,0.0,7.629545336206755,7.3207555,7.576707,7.6031261112491295
CHEMBL5990895,C=CC(=O)N1CC(Oc2cc3c(Nc4ccc(Cl)c(C5CC5)c4)ncnc3cn2)C1,5.2676063,0.0,7.098565194467705,6.9445176,6.77067,6.934617565800747
CHEMBL3297896,Cc1nc(Nc2cccc3[nH]ccc23)c2cc(C)oc2n1,7.0447936,1.0,7.058432018756866,7.143044,4.792835,5.925633627176285
CHEMBL5998056,CN(C)C(=O)N[C@@H]1CCCN(c2cnc(C(N)=O)c(Nc3ccc(OC4CCCC4)cc3)n2)C1,5.2596374,0.0,5.457662430206934,5.665701,5.3253937,5.391528053482373
CHEMBL436511,CN1CCC(Oc2cccc3ncnc(Nc4ccc(OCc5cnccn5)c(Cl)c4)c23)CC1,6.161151,,7.113622744778793,7.1496916,6.52969,6.821656266798576
CHEMBL195204,CN1CCC(Oc2cccc3ncnc(Nc4ccc(OCc5cscn5)c(Cl)c4)c23)CC1,6.1561446,,7.118761893212795,7.322853,6.8400817,6.979421792477369
CHEMBL6150652,COc1ccc2ncnc(Nc3ccc(Oc4cc5ncnn5cn4)c(C)c3)c2c1O[C@@H]1CCN(C)CC1(F)F,4.920819,0.0,6.419660891078768,6.4751287,7.029241,6.7244509880656285
CHEMBL6017443,Cc1cc(Nc2ncnc3cccc(OC4CCN(C)CC4(F)F)c23)ccc1Oc1ccc2ccnn2c1,5.9858994,0.0,6.094751382016001,6.6785245,7.6902113,6.892481339048771
CHEMBL5890920,COc1cc(OC2CCN(C)CC2(F)F)c2c(Nc3ccc(Oc4ccn5ccnc5c4)c(C)c3)ncnc2c1,5.7444863,0.0,5.916480187004521,5.5238137,6.3006663,6.108573259624697
CHEMBL5184813,C=CC(=O)N1CCC(Oc2nc(Nc3ccc(CN4CCC(CO)CC4)cc3)ncc2Cl)CC1,7.9100947,1.0,6.943805404186249,7.1866913,7.564399,7.254102084875107
CHEMBL2048797,OCCn1ccc2ncnc(Nc3ccc(Oc4cccc5[nH]ccc45)c(Cl)c3)c21,8.508638,1.0,7.988043044964472,8.059209,8.0986,8.043321716268856
CHEMBL2048798,OCCn1ccc2ncnc(Nc3ccc(Oc4cccc5sccc45)c(Cl)c3)c21,8.055517,1.0,7.781745025118193,7.9011507,8.005773,7.8937588078777
CHEMBL5749776,C=CC(=O)Nc1cc(Nc2nc(-c3cnn(C)c3)c3cc[nH]c3n2)c(OC)cc1N1CC(N(C)C)C1,6.705534,,7.11756846566995,6.786143,7.7975197,7.457544074753921
CHEMBL5837440,C=CC(=O)Nc1cc(Nc2nc(-c3cnn(C)c3)c3c(C)c[nH]c3n2)c(OC)cc1N1CCC(N(C)C)CC1,6.958607,,7.248073686361312,7.180925,8.019439,7.6337562149763105
CHEMBL5208549,C=CC(=O)N1CCC(Oc2nc(Nc3cnn(C)c3)nc3[nH]ccc23)CC1,6.690796,,7.720019953250885,7.8611,6.5179033,7.11896164059639
CHEMBL5183327,Nc1ccc2ncnc(Nc3cccc4c3CCCC4)c2c1,6.783043,,7.113288580775261,7.1976995,6.6586766,6.885982602536679
CHEMBL5268388,C=CC(=O)N1CCC(C2CCNc3c(C(N)=O)c(-c4cc(OC)c5c(c4)OCC5(C)C)nn32)CC1,6.8894105,,5.959719849818283,6.283338,7.0214963,6.490608072873619
CHEMBL4098967,C=CC(=O)Nc1cc(Nc2nccc(-c3cn4c5c(cccc35)CCC4)n2)c(OC)cc1N1CCC(CN(C)C)C1,8.559593,1.0,7.817672250270843,7.63416,7.4964933,7.657082794904708
CHEMBL4099445,C=CC(=O)Nc1cc(Nc2nccc(-c3cn4c5c(cccc35)CCC4)n2)c(OC)cc1N1CCN(C)CC1,7.223748,1.0,7.587299947738647,7.6359563,7.5654063,7.576353135108947
CHEMBL1242207,CC(C)n1nc(-c2ccc3cnccc3c2)c2c(N)ncnc21,4.60206,0.0,5.643956843614578,5.911738,6.3732114,6.008584113717079
CHEMBL5267161,CN1CCN(c2ccc(Nc3nc(Nc4ccc5[nH]ccc5c4)c4cn[nH]c4n3)cc2)CC1,6.8961964,,7.454541126489639,7.230387,7.6969633,7.575752218365669
CHEMBL6165953,COc1cc(N(C)CCN(C)C)c2cc1Nc1ncc(C)c(n1)Nc1ccc(cc1P(C)(C)=O)OCCCn1cc-2cn1,8.224031,1.0,7.643888538281123,8.045468,7.5904627,7.6171756114562355
CHEMBL5272747,C=CC(=O)N1CCCCCCCCCn2cc(c3ccccc32)-c2ccnc(n2)Nc2cccc1c2,7.7390127,1.0,8.48567497588623,8.290533,6.250515,7.368094980008545
CHEMBL5286055,C=CC(=O)N1CCCCCCCCn2cc(c3ccccc32)-c2ccnc(n2)Nc2cccc1c2,7.696804,1.0,8.48567497588623,8.290533,6.8229427,7.654308854825439
CHEMBL6159584,COc1cc(N(C)CCN(C)C)c2cc1Nc1ncc(C)c(n1)Nc1ccc(cc1P(C)(C)=O)OCCCCCC2,6.577248,,7.953319733142853,7.766493,7.495473,7.724396320581436
CHEMBL5288582,C=CC(=O)N1CCC(C2CCNc3c(C(N)=O)c(-c4cc(OC)c5ccoc5c4)nn32)CC1,6.567031,,6.194561806672149,6.741198,6.0986614,6.14661161470082
CHEMBL1242208,CC(C)n1nc(-c2ccc3ccncc3c2)c2c(N)ncnc21,4.0,0.0,5.522402677536011,5.8460464,5.6592093,5.59080596446991
CHEMBL5828371,C=CC(=O)Nc1cc(Nc2ncc3ccc(C)n3n2)c(OC)cc1N1CCC(N(C)C)CC1,7.514362,1.0,7.653727035522461,7.3945603,7.4198637,7.53679536819458
CHEMBL5171318,C=CC(=O)N1CCC(Oc2nc(Nc3cnn(C)c3)nc3ccsc23)CC1,6.869666,,7.819026544094085,7.9725785,6.5218725,7.170449532270432
CHEMBL5179214,CCS(=O)(=O)n1cc2c3ccc(cc31)OCCCCCCOc1cc(c(C3CC3)cc1N1CCOCC1)Nc1ncc(Cl)c-2n1,7.248721,1.0,7.5196440978844965,7.3039765,5.992221,6.755932488242785
CHEMBL5169943,CCS(=O)(=O)n1cc2c3ccc(cc31)OCCCCCCOc1cc(c(C3CCCC3)cc1N1CCOCC1)Nc1ncc(Cl)c-2n1,6.782779,,7.545539053281149,7.3991075,6.0172186,6.781378821531932
CHEMBL6170225,COc1cc(N2CCC(N3CCN(C)CC3)CC2)c2cc1Nc1ncc(C)c(n1)Nc1ccc(cc1P(C)(C)=O)OCCCn1cc-2cn1,7.8978586,1.0,7.744704867899418,8.113937,8.367768,8.056236577779055
CHEMBL6163318,COc1cc(N2CCN(C)CC2)c2cc1Nc1ncc(C)c(n1)Nc1ccc(cc1P(C)(C)=O)OCCCn1cc-2cn1,8.506166,1.0,7.686706145008405,8.12869,7.620382,7.653543988565604
CHEMBL6162695,COc1cc(N2CCOCC2)c2cc1Nc1ncc(C)c(n1)Nc1ccc(cc1P(C)(C)=O)OCCCn1cc-2cn1,8.270681,1.0,7.675584549705189,8.076753,7.755083,7.715333816905817
CHEMBL6142537,CCS(=O)(=O)n1cc2c3cc(ccc31)OCCCCCCCCOc1cc(ccc1N1CCOCC1)Nc1ncc(Cl)c-2n1,7.05061,1.0,7.280251188278198,7.3183117,6.665292,6.972771487236023
CHEMBL5181437,CCS(=O)(=O)n1cc2c3ccc(cc31)OCCCCCCCCOc1cc(ccc1N1CCOCC1)Nc1ncc(Cl)c-2n1,6.8480177,,7.286553783416748,7.2873755,6.567877,6.927215299606323
CHEMBL6152563,CCS(=O)(=O)n1cc2c3cc(ccc31)OCCCCCCCOc1cc(ccc1N1CCOCC1)Nc1ncc(Cl)c-2n1,7.7212462,1.0,7.280251188278198,7.3183117,7.592364,7.436307511329651
CHEMBL5201250,CCS(=O)(=O)n1cc2c3ccc(cc31)OCCCCCCCOc1cc(ccc1N1CCOCC1)Nc1ncc(Cl)c-2n1,7.0462403,1.0,7.286553783416748,7.2873755,7.593932,7.440242967605591
CHEMBL5170303,CCS(=O)(=O)n1cc2c3cc(ccc31)OCCCCCCOc1cc(ccc1N1CCOCC1)Nc1ncc(Cl)c-2n1,8.207608,1.0,7.280251188278198,7.3183117,6.7461743,7.013212761878967
CHEMBL5201287,CCS(=O)(=O)n1cc2c3cc(ccc31)OCCCCCOc1cc(ccc1N1CCOCC1)Nc1ncc(Cl)c-2n1,7.7212462,1.0,7.280251188278198,7.3183117,7.000343,7.140297017097473
CHEMBL5188272,CCS(=O)(=O)n1cc2c3ccc(cc31)OCCCCCOc1cc(ccc1N1CCOCC1)Nc1ncc(Cl)c-2n1,7.2860136,1.0,7.286553783416748,7.2873755,7.135272,7.21091290473938
CHEMBL4877510,CCn1c(-c2ccccc2)c(-c2ncnc3cc(OC)c(OCCCN4CCOCC4)cc23)c2ccccc21,8.886057,1.0,6.733257053934391,6.7108407,6.3533897,6.543323396962313
CHEMBL5218821,CCC(=O)Nc1cccc(-c2c(-c3ccccc3)[nH]c3ncnc(OC)c23)c1,6.337111,,7.559218686355484,7.1865764,6.636278,7.097748419410652
CHEMBL5206817,C=CC(=O)Nc1cccc(-c2c(-c3ccc(N4CCN(C)CC4)cc3)[nH]c3ncnc(OC4CCCC4)c23)c1,7.7212462,1.0,8.00615126291911,8.2585535,8.369272,8.187711747487388
CHEMBL5440626,C=CC(=O)Nc1cccc(-c2c(-c3ccc(N4CCN(C)CC4)cc3)oc3ncnc(NC4CCCC4)c23)c1,8.247425,1.0,7.571641380091507,7.6352777,8.487369,8.029504981885353
CHEMBL5437343,C=CC(=O)Nc1cccc(-c2c(-c3ccc(N4CCN(C)CC4)cc3)oc3ncnc(NC4CCCCC4)c23)c1,7.8652434,1.0,7.553879762192566,7.6352777,8.464728,8.00930405880014
CHEMBL5441041,C=CC(=O)Nc1cccc(-c2c(-c3ccc(N4CCN(C)CC4)nc3)oc3ncnc(NC4CCCC4)c23)c1,7.58089,1.0,7.426294414699077,7.4948807,8.464072,7.945183321088552
CHEMBL5428368,C=CC(=O)Nc1cccc(-c2c(-c3ccc(N4CCOCC4)cc3)oc3ncnc(NC4CCCC4)c23)c1,7.501307,1.0,7.537646428644657,7.498989,8.062556,7.800101347714662
CHEMBL5435463,C=CC(=O)Nc1cccc(-c2c(-c3ccc(N4CCOCC4)cc3)oc3ncnc(NCCO)c23)c1,8.032751,1.0,7.6650223338603976,7.4570794,7.8085003,7.736761311888695
CHEMBL5400012,C=CC(=O)Nc1cccc(-c2c(-c3ccc(N4CCOCC4)nc3)oc3ncnc(NC4CCCC4)c23)c1,7.0200024,1.0,7.38418403595686,7.3569913,8.443104,7.913643913120032
CHEMBL247468,c1ccc(-c2c(-c3ccc(OCCN4CCCC4)cc3)oc3ncnc(NCCN4CCNCC4)c23)cc1,6.4012094,,6.812815695898873,6.5776215,8.379839,7.596327319690159
CHEMBL247866,CC(C)Nc1ncnc2oc(-c3ccc(OCCN4CCCC4)cc3)c(-c3ccccc3)c12,5.9875846,0.0,6.738931401905559,6.617384,7.5446563,7.14179383930422
CHEMBL5429838,C=CC(=O)Nc1cccc(-c2c(-c3ccncc3)oc3ncnc(NC4CCCC4)c23)c1,7.1750894,1.0,6.884058341979981,6.9957814,7.78734,7.335699253082275
CHEMBL5194543,Cc1ccc(-c2c(CN3CCCCC3)nc3scc(C(=O)O)n23)cc1,6.7447276,,6.621966754436492,6.602418,5.6002564,6.111111598730087
CHEMBL422540,c1ccc(-c2c(SSc3[nH]c4ccccc4c3-c3ccccc3)[nH]c3ccccc23)cc1,4.0,0.0,4.882523625691731,4.853028,5.4376855,5.160104557673137
CHEMBL4078920,C=CC(=O)Nc1cccc(-c2c[nH]c3nccc(-c4[nH]c(CCCO)nc4C4CC4)c23)c1,6.5883803,,7.659056205153465,7.5462446,7.5497794,7.60441781014204
CHEMBL4069229,C=CC(=O)Nc1cccc(-c2c[nH]c3nccc(-c4[nH]c(CCCO)nc4C(F)(F)F)c23)c1,6.126543,,7.600975274443626,7.5014315,7.114645,7.357810139358044
CHEMBL4064224,C=CC(=O)Nc1cccc(-c2c[nH]c3nccc(Cl)c23)c1,6.7531586,,6.931080560485523,6.8203635,7.0466223,6.9888514183958375
CHEMBL5512476,COc1ccc(-c2cc(-c3ccc(C)cc3)nc(NN)n2)cc1,7.1487417,1.0,5.816712880134583,5.8065867,5.1347675,5.475740206241608
CHEMBL6162243,COc1c(Cl)cc(-c2noc(-c3cn(Cc4cc(-c5cc(Cl)cc(Cl)c5)no4)c4ccccc34)n2)cc1Cl,6.69897,,6.753055205543835,6.56136,7.2663236,7.009689385990301
CHEMBL5630852,c1ccc(-c2cc(N3Cc4ccccc4C3)nc3ccccc23)cc1,7.5044756,1.0,6.196264140605926,5.7673755,7.3062544,6.751259263753891
CHEMBL6147474,COc1cc2nc(-c3ccc(C(F)(F)F)cc3)cc(OCCCN3CCN(C)CC3)c2cc1OC,7.5953374,1.0,6.368744547083264,6.553469,5.975153,6.1719487582218076
CHEMBL6141734,Clc1ccc(-c2cc(OCCCN3CCOCC3)c3cc(-c4ccco4)ccc3n2)cc1,7.6053734,1.0,6.375785733064016,6.6624594,5.075468,5.725626898209255
CHEMBL6078426,COc1cc2nc(-c3ccc(C(F)(F)F)cc3)cc(OCCCNC3CCN(C)CC3)c2cc1OC,7.695725,1.0,6.236841867043859,6.6260343,6.279149,6.257995461262408
CHEMBL6103034,COc1cc2nc(-c3ccc(C(F)(F)F)cc3)cc(OCCCNCC3CCCO3)c2cc1OC,7.6505284,1.0,6.446207862133072,6.5278387,6.6371517,6.54167979013636
CHEMBL4071494,Oc1ccc(-c2nc(-c3ccco3)c(-c3ccnc4[nH]c(-c5ccccc5)cc34)[nH]2)cc1,5.6831145,0.0,6.755672514438629,6.659442,6.275055,6.515363723039627
CHEMBL4062617,C=CC(=O)NCc1cccc(-c2nc(C3CC3)c(-c3ccnc4[nH]c(-c5ccccc5)cc34)[nH]2)c1,5.176818,0.0,7.009704282979171,6.7345653,7.582022,7.295863236536583
CHEMBL1914666,CC(Nc1ncnc2[nH]c(-c3ccc(O)cc3)cc12)c1cccc2ccccc12,5.9965396,0.0,7.692836140394211,8.0822525,6.950279,7.321557688117027
CHEMBL3416598,COc1ccccc1-c1cc2c(NCc3cccnc3)ncnc2s1,6.5606675,,7.094151250123978,7.2528653,6.4448085,6.769479866623879
CHEMBL5424694,CN(Cc1ccncc1)c1ncnc2[nH]c(-c3ccc(CO)cc3)cc12,6.627088,,7.2706762393315625,7.431607,6.8183513,7.0445137540499365
CHEMBL3416597,COc1ccccc1-c1cc2c(NCc3ccncc3)ncnc2s1,6.966576,,7.226046463251114,7.213432,6.467394,6.846720169186592
CHEMBL4105434,CCCCOC(=O)c1c(-c2ccccc2)nn2ccccc12,4.625252,0.0,5.5043742001056675,5.2288284,5.0977864,5.3010803133249285
CHEMBL5282956,C=CC(=O)Nc1ccccc1C1CCNc2c(C(N)=O)c(-c3cc(OC)c(C)c(OC)c3)nn21,7.7447276,1.0,5.985915103932223,6.1910133,7.3007975,6.643356283197801
CHEMBL78685,c1ccc(-c2cc3ncnc(Nc4ccc5[nH]ncc5c4)c3s2)cc1,5.79588,0.0,7.733128415346146,7.901855,7.4289947,7.581061535477638
CHEMBL4159404,C=CC(=O)Nc1cc(Nc2nccc(Nc3ccccc3-c3ccn(C)n3)n2)c(OC)cc1N1CCC(N(C)C)CC1,7.4145393,1.0,7.58141218928496,7.56625,8.195813,7.888612684150537
CHEMBL358092,COC(=O)c1ccc(-c2ccc(-c3ccccc3)cc2O)cc1,4.853872,0.0,5.594994234144687,5.8868294,5.014293,5.304643713980913
CHEMBL5288957,COc1cc2c(Nc3ccc(-c4ccccc4)cc3)ncnc2cc1OCC1CCN(C)CC1,6.2153826,,6.943194944972085,6.9954596,6.4058185,6.674506703671955
CHEMBL1800685,O=C(O)c1cc(-c2ccc(C3CCNCC3)cc2)c2ccc(-c3ccc(C(F)(F)F)cc3)cc2c1,5.338187,0.0,5.854862805008889,5.539982,6.3538165,6.104339657127857
CHEMBL4214264,C=CC(=O)N1CCN(c2ncnc3c(F)c(-c4c(O)cccc4F)c(Cl)cc23)CC1,6.920819,,7.506645203034084,7.797734,6.7785234,7.142584324081739
CHEMBL4876135,c1ccc(-c2ccc3c(Nc4ccc5scnc5c4)ccnc3c2)cc1,5.60206,0.0,6.751067137207303,6.9097075,7.5903444,7.170705783111709
CHEMBL410659,Nc1nccn2c1c(-c1ccc3ccc(-c4ccccc4)nc3c1)nc2[C@H]1C[C@@H](CN2CCC2)C1,5.017729,0.0,6.776883479833603,6.6834383,6.0388284,6.407855926394463
CHEMBL590878,Oc1cc(O)c2cc(O)c(-c3cc(O)c(O)c(O)c3)[o+]c2c1,8.202732,1.0,5.367908958991368,5.3047786,4.814479,5.0911939165989555
CHEMBL436137,Cc1cccc(C)c1-c1cc(C)c2nc(Nc3ccc(OCCN4CCCC4)cc3)nnc2c1,6.015473,,6.281814293799236,6.4810863,6.6215887,6.451701500384726
CHEMBL245800,N#Cc1cnc2ccc(-c3ccc(CN)cc3)cc2c1N[C@@H]1C[C@H]1c1ccccc1,5.6777806,0.0,6.888108906249206,6.672876,5.771743,6.329925863494476
CHEMBL490768,N#C/C(=C\c1cc(-c2ccccc2)c(O)c(-c2ccccc2)c1)C(N)=O,6.39794,,5.315797002911568,5.343385,4.9979205,5.156858758032322
CHEMBL2419762,c1ccc(-c2cccc(Nc3ncnc4cc5c(cc34)OCCCO5)c2)cc1,7.5686364,1.0,7.24477790921075,7.1077404,6.3301067,6.787442322220121
CHEMBL3040806,c1ccc(-c2cccc(Nc3ncnc4cc5c(cc34)OCCO5)c2)cc1,7.376751,1.0,7.473276063095955,7.186118,6.8867373,7.180006704872563
CHEMBL2419760,c1ccc(-c2cccc(Nc3ncnc4cc5c(cc34)OCO5)c2)cc1,8.69897,1.0,7.434963581056823,7.1791716,5.5115423,6.473252950654144
CHEMBL2333991,COc1cc2ncnc(Nc3cccc(-c4ccccc4)c3)c2cc1OC,6.8972235,,7.324541454723903,7.199471,6.5785036,6.951522531713758
CHEMBL5846040,C=CC(=O)Nc1cccc(-c2cccc3cnc(Nc4ccc(OC5CCN(C)CC5F)cc4)nc23)c1,6.5228786,,6.928460193832715,6.639492,6.9275274,6.927993810753027
CHEMBL2029694,CCOc1ccc(-c2cc(C(F)(F)F)c(C#N)c(SCC(=O)NCC(=O)O)n2)cc1,5.075721,0.0,6.189166722626094,6.0981016,5.45924,5.824203341171446
CHEMBL4558324,C=CC(=O)Nc1cc(Nc2nccc(-n3cc(CN(C)C)c(-c4ccccc4)n3)n2)c(OC)cc1N1CCOCC1,8.01478,1.0,7.3145474965572355,7.488433,6.9601707,7.137359121203422
CHEMBL5424597,CN(C)CCn1ccc2cc(Nc3nccc(-n4ccc(-c5ccc(F)cc5)n4)n3)ccc21,6.3882766,,7.625382574796677,7.484049,6.9993453,7.3123639386892325
CHEMBL5639303,COc1ccc(-c2ccnc3c(-c4noc(C)n4)c(C)nn23)cc1,6.9746943,,6.3503193401963935,6.2864304,6.609791,6.480055071099173
CHEMBL5429263,C=CC(=O)Nc1cc(-c2ccccc2)ccn1,4.49485,0.0,6.969984060525894,7.165823,5.6687784,6.319381240010261
CHEMBL475584,COc1cccc(-c2cn(-c3ccc(CCN4CCC(O)CC4)cc3)c3ncnc(N)c23)c1,6.823909,,6.095731529196104,6.2793856,5.6026926,5.849212066630523
CHEMBL2011291,Nc1c(-c2ccc(F)cc2)c(-c2ccncc2)nn1-c1c(Cl)cc(Cl)cc1Cl,6.79673,,5.7198634221951155,5.5856705,6.5885763,6.154219869514305
CHEMBL3787112,Nc1ncnc2c1c(-c1cccc(O)c1)cn2[C@H]1C[C@@H](CN2CCC2)C1,5.6382723,0.0,6.382703283349673,6.3030567,5.6785874,6.03064536001285
CHEMBL4752026,Cc1nc(N2CCC3(CC2)CO[C@@H](C)[C@H]3N)c(CO)nc1-c1cccc(Cl)c1Cl,8.09691,1.0,6.113900412718456,6.3990545,7.355042,6.734471196730932
CHEMBL4557318,N#Cc1ccc(-c2csc(N3N=C(c4ccc(N5CCCCC5)cc4)CC3c3ccc(Cl)cc3)n2)cc1,5.326979,0.0,5.264978164315223,5.304962,5.3319883,5.298483249485493
CHEMBL3114107,CC(C)=NNc1nc(-c2ccc(Cl)cc2)cs1,5.69897,0.0,5.541439124087492,5.881802,5.360255,5.450846944322189
CHEMBL5567575,C=CC(=O)N1CC(Oc2cc3c(-c4c[nH]nc4-c4cccc(OC)c4)ncnc3cc2OC)C1,6.7212462,,7.170157728393872,6.8444386,6.0604787,6.615318207840124
CHEMBL4072874,C=CC(=O)Nc1cccc(-c2c[nH]c3nccc(-c4[nH]c(-c5ccccc5)nc4-c4ccc(F)cc4)c23)c1,7.5293436,1.0,7.093823282718659,7.451788,8.286069,7.68994609951973
CHEMBL2179124,Fc1ccc(-c2nc(-c3ccccc3)[nH]c2-c2ccnc3[nH]ccc23)cc1,6.1999707,,6.6060352820158,6.6573563,5.337324,5.971679712235927
CHEMBL10,C[S+]([O-])c1ccc(-c2nc(-c3ccc(F)cc3)c(-c3ccncc3)[nH]2)cc1,4.5088644,0.0,5.907584001620609,5.907949,6.159632,6.033608103791872
CHEMBL121405,OC1(c2nc(-c3ccc(F)cc3)c(-c3ccnc(NC4CCCCC4)c3)o2)CCNCC1,5.8287888,0.0,6.962300995409488,7.1556797,7.5360265,7.249163736611605
CHEMBL22978,CN1CCC(O)(c2nc(-c3ccc(F)cc3)c(-c3ccncc3)o2)CC1,6.0985417,,6.031726777593295,5.9494834,6.654767,6.343246907015642
CHEMBL5400143,CCS(=O)(=O)N1CCC(c2nc(-c3ccc(F)cc3)c(-c3ccnc(Nc4ccc(C5CCN(C)CC5)cc4)n3)s2)CC1,7.823909,1.0,7.093584806521733,6.960213,7.5968275,7.345206156770388
CHEMBL5419002,CCS(=O)(=O)N1CCC(c2nc(-c3ccc(F)cc3)c(-c3ccnc(Nc4ccc5c(ccn5CCN5CCOCC5)c4)n3)s2)CC1,7.1487417,1.0,7.243437054753303,7.030693,7.134614,7.189025522768498
CHEMBL5412108,CN(C)CCn1ccc2cc(Nc3nccc(-c4sc(N5CCOCC5)nc4-c4ccc(F)cc4)n3)ccc21,7.5850267,1.0,7.545942343831062,7.6217227,8.536817,8.041379470407962
CHEMBL6102249,Oc1ccccc1-c1nc(NCN2CCOCC2)c2ccccc2n1,5.09629,0.0,6.363798499107361,5.8969045,6.429846,6.396822154521942
CHEMBL6102692,Oc1ccccc1-c1nc(NCc2c[nH]cn2)c2ccccc2n1,8.315155,1.0,6.302899344387509,5.973943,7.4192047,6.861052028150786
CHEMBL4218431,N#Cc1ccc(O)c(-c2nc(NCc3cnccn3)c3ccccc3n2)c1,7.579718,1.0,6.241750809805734,6.7313147,6.924264,6.5830073819841655
CHEMBL6103231,Cn1cnc(Nc2nc(-c3ccccc3O)nc3ccccc23)c1,8.471084,1.0,6.280370267374175,6.040242,6.878329,6.579349533787795
CHEMBL3604942,C=CC(=O)Nc1cccc(-c2nc(Nc3n[nH]c4ccccc34)cc(N3CCN(C)CC3)n2)c1,5.305417,0.0,6.141589010953903,5.9284925,7.9325056,7.037047309279442
CHEMBL1812374,Cc1ccc(-c2nc3cc(NC(=O)CCl)ccc3[nH]2)cc1,5.714668,0.0,5.645229231715202,5.851554,5.7673564,5.706292813718319
CHEMBL6161041,COc1cc(-c2nc3ccccc3s2)ccc1OCC(=O)N(C(=O)C(C)(C)C)C(=O)C(C)(C)C,7.0457573,1.0,6.495264817816872,6.300694,5.1736755,5.834470177463123
CHEMBL120185,CN1CCN(c2ccc3c(n2)nc(-c2ccc(F)cc2)n3-c2ccnc(NC3CCCC3)n2)CC1,5.0604806,0.0,6.691606534401574,6.7447453,7.3738694,7.032737976749737
CHEMBL4068092,C=CC(=O)NCc1cn(Cc2cccc(Nc3cc(-c4[nH]c(SC)nc4-c4ccc(F)cc4)ccn3)c2)nn1,6.780634,,7.4483827378352485,7.677727,7.2860746,7.367228688100974
CHEMBL4060003,C=CC(=O)Nc1cc(Nc2cc(-c3[nH]c(SC)nc3-c3ccc(F)cc3)ccn2)cc(N2CCOCC2)c1,7.275724,1.0,7.744082765579223,7.829591,7.2992153,7.521649041175841
CHEMBL4100777,C=CC(=O)Nc1cccc(Nc2cc(-c3[nH]c(SC)nc3-c3ccc(F)cc3)ccn2)n1,8.508638,1.0,7.5979011672735215,7.387506,7.4361353,7.517018229663372
CHEMBL4088971,OCCCc1nc(-c2ccc(F)cc2)c(-c2ccnc3[nH]ccc23)[nH]1,6.0491486,,7.335479329824448,7.1957383,7.013054,7.174266611933708
CHEMBL481789,COc1ccc2c(c1)SCc1cnc(-c3ccccc3)nc1-2,5.326058,0.0,5.844173850100665,4.7479825,6.1103106,5.97724220230253
CHEMBL5401094,COc1cc(N2CCC(N3CCN(C)CC3)CC2)c(C)cc1Nc1nccc(-n2ccnc2-c2ccc(F)cc2)n1,7.552842,1.0,7.156246269086996,7.122601,8.409621,7.782933753897746
CHEMBL1241482,Nc1ncnc2c1c(-c1ccc(F)c(O)c1)nn2Cc1ocnc1-c1ccccc1,4.0,0.0,5.339805636862914,5.537279,5.5323296,5.436067598094542
CHEMBL5436254,CCS(=O)(=O)Nc1nc(-c2ccc(F)cc2)c(-c2ccnc(Nc3ccc(C4CCN(C)CC4)cc3)n2)s1,8.677781,1.0,8.179568738937379,8.073563,8.355843,8.267705664634704
CHEMBL5431378,CCS(=O)(=O)Nc1nc(-c2ccc(F)cc2)c(-c2ccnc(Nc3cc(C)c(N4CCC(N5CCN(C)CC5)CC4)cc3OC)n2)s1,8.0,1.0,8.18263797968626,8.336098,8.283599,8.233118439763786
CHEMBL5411267,CCS(=O)(=O)Nc1nc(-c2ccc(F)cc2)c(-c2ccnc(Nc3cc(-c4cnn(C)c4)c(N4CCOCC4)cc3OC)n2)s1,7.154282,1.0,7.9038504137198125,8.102239,8.087397,7.995623517711957
CHEMBL5401500,CCS(=O)(=O)Nc1nc(-c2ccc(F)cc2)c(-c2ccnc(Nc3ccc4c(ccn4CCN4CCOCC4)c3)n2)s1,8.20066,1.0,8.219509756565094,7.9813237,8.53371,8.376609641313554
CHEMBL122243,Nc1ncnc2c1c(-c1ccccc1)nn2-c1ccccc1,6.09691,,5.588698002795379,5.093566,5.8844666,5.736582325448593
CHEMBL1242659,CCOc1ccc(-c2nn(C3CCCCC3)c3ncnc(N)c23)cc1OC,5.935542,0.0,5.813176920115947,5.7052884,6.5174522,6.16531458005309
CHEMBL1242750,Nc1ncnc2c1c(-c1ccc(F)c(O)c1)nn2C1CCCCCC1,6.110698,,6.277554059425991,6.1002994,4.9833727,5.630463373859724
CHEMBL1241769,Nc1ncnc2c1c(-c1ccc(Cl)c(O)c1)nn2CC1CCCN1,5.027797,0.0,5.733266171824364,5.893441,5.01904,5.376153139775708
CHEMBL1241858,Nc1ncnc2c1c(-c1ccc(Cl)c(O)c1)nn2CC1CCCNC1,5.565431,0.0,5.105782093615759,5.511407,4.8945217,5.000151903436297
CHEMBL1241770,Nc1ncnc2c1c(-c1ccc(Cl)c(O)c1)nn2CC1CCNC1,5.696804,0.0,4.654181447704633,4.876274,4.9483075,4.801244480947654
CHEMBL1241943,Nc1ncnc2c1c(-c1ccc(Cl)c(O)c1)nn2CCC1CCCNC1,4.6882463,0.0,5.170019046000073,5.263541,4.661148,4.915583558644568
CHEMBL1242845,Cc1nn(-c2ccccc2)nc1Cn1nc(-c2ccc(F)c(O)c2)c2c(N)ncnc21,4.0,0.0,5.514320477426051,5.5145574,5.980955,5.747637800663709
CHEMBL485745,Fc1ccc(-c2nn3ccccc3c2-c2ccncc2)cc1,5.2006593,0.0,5.56785069624583,5.613897,5.7952375,5.681544118722281
CHEMBL4074726,c1ccc(-c2nnc(Cc3nc4ccccc4[nH]3)o2)nc1,4.133713,0.0,6.304494291543961,5.2299385,4.630351,5.467422679066658
CHEMBL4753387,C=CC(=O)Nc1cc(Nc2cc(-n3c(SC)nnc3-c3ccc(F)cc3)ccn2)c(OC)cc1N1CCC(N2CCOCC2)CC1,6.952336,,7.24490452170372,7.4545836,8.005433,7.625168802142143
CHEMBL4786701,C=CC(=O)Nc1cc(Nc2cc(-n3c(SC)nnc3-c3ccc(F)cc3)ccn2)c(OC)cc1N1CCCN(C)CC1,6.6426334,,7.331983221769333,7.476,8.020322,7.676152533888817
CHEMBL1016,CCOc1nc2cccc(C(=O)O)c2n1Cc1ccc(-c2ccccc2-c2nnn[nH]2)cc1,5.4845366,0.0,6.571618698281901,6.811963,5.7517614,6.1616900673721515
CHEMBL5431658,C=CC(=O)Nc1cc(-c2c(-c3ccccc3)oc3ncnc(NC4CCCC4)c23)ccc1N1CCN(C)CC1,7.086639,1.0,7.268618836502234,7.4081154,7.770618,7.51961839919289
CHEMBL5432716,C=CC(=O)Nc1cc(-c2c(-c3ccccc3)oc3ncnc(NC4CCCC4)c23)ccc1N1CCOCC1,7.518106,1.0,7.281274535655975,7.3650737,7.413345,7.347309697866439
CHEMBL5435372,C=CC(=O)Nc1cc(-c2c(-c3ccccc3)oc3ncnc(NC4CCCC4)c23)ccc1OC1CCN(C)CC1,6.9175262,,7.382010078529516,7.5749164,8.127544,7.754777240802844
CHEMBL5417638,C=CC(=O)Nc1cccc(-c2c(-c3ccccc3)oc3ncnc(NC4CCCCC4)c23)c1,6.9361887,,6.726253027518591,7.070022,7.5297894,7.128021237651508
CHEMBL319540,Cc1c(C)n(-c2ccccc2)c2ncnc(N)c12,5.567031,0.0,5.5581351092656455,5.327466,5.296337,5.427236118475596
CHEMBL4166210,C=CC(=O)Nc1cc(Nc2nccc(Nc3ccccc3-n3cccn3)n2)c(OC)cc1N1CCN(C)CC1,6.845576,,7.498623071988423,7.39303,8.39667,7.947646706740061
CHEMBL62756,Nc1ncnc2c1ncn2-c1ccccc1,4.823909,0.0,6.1297691694100696,6.1030326,6.4038258,6.266797464648882
CHEMBL206483,Cc1cccc(-n2ncc3c(NCc4ccc5c(c4)OCO5)ncnc32)c1,4.823909,0.0,6.158953195512295,5.773684,6.2073855,6.18316936776042
CHEMBL65063,Nc1ncnc2c1cnn2-c1ccccc1,5.5686364,0.0,5.811607394973437,5.0407405,5.5080914,5.659849422355492
CHEMBL4173470,C=CC(=O)Nc1cc(Nc2nccc(Nc3ccccc3-n3nccn3)n2)c(OC)cc1N1CCC(N(C)C)CC1,6.694004,,7.483377804974716,7.551422,8.437495,7.960436518301567
CHEMBL4173032,C=CC(=O)Nc1cc(Nc2nccc(Nc3ccccc3-n3nccn3)n2)c(OC)cc1N1CCN(C)CC1,6.7582045,,7.525153537293274,7.577378,8.390833,7.957993219147125
CHEMBL4165126,C=CC(=O)Nc1cc(Nc2nccc(Nc3ccccc3-n3nccn3)n2)c(OC)cc1N1CCOCC1,6.076497,,7.530696344991525,7.5330296,8.011089,7.770892834971349
CHEMBL1365395,Cc1ccc2c(C)nc(Nc3nc(O)cc(CSc4nnnn4-c4ccccc4)n3)nc2c1,5.406714,0.0,6.454130318164825,6.1733465,6.8901815,6.672155929803848
CHEMBL603198,COc1ccccc1C(Cc1coc2nc(N)nc(N)c12)C1CC1,4.2479515,0.0,5.087816150426864,5.172232,5.6288357,5.358325914263725
CHEMBL5832966,CC1(CNc2ncnc3ccc(NC(c4ccc(F)cc4)c4cn(C5CC5)nn4)cc23)CCOCC1,7.958607,1.0,7.779802684386572,7.353331,7.167979,7.473890723983447
CHEMBL6064756,Fc1ccc(C(Nc2ccc3ncnc(Nc4cnc(F)c(F)c4)c3c2)c2cn(C3CC3)nn2)cc1,7.1307683,1.0,7.527269240816437,7.2527785,7.1385193,7.332894263962906
CHEMBL5752067,CC(C)(C)CNc1ncnc2c(Cl)cc(NC(c3cn(CC(=O)O)nn3)c3ccccc3Cl)cc12,7.8860564,1.0,8.337198667526245,8.3399315,8.485443,8.41132089138031
CHEMBL104,Clc1ccccc1C(c1ccccc1)(c1ccccc1)n1ccnc1,4.1585093,0.0,5.155542729496956,5.188467,5.7889485,5.472245632708073
CHEMBL5630913,Cc1cc(N2CCN(C(c3ccccc3)c3ccccc3)CC2)nc2ccc(Cl)cc12,7.483868,1.0,6.490623918771743,6.29765,7.969396,7.230010016560554
CHEMBL4102214,c1ccc(C(c2ccccc2)c2nnc(Cc3nc4ccccc4[nH]3)o2)cc1,4.3467875,0.0,4.836402399142583,4.9593925,5.9953475,5.415874949494997
CHEMBL3263359,Cc1ccc(C2=NN(C3=NC(c4ccccc4)CS3)C(c3cccc4ccccc34)C2)cc1C,5.4023046,0.0,6.110282639066379,6.074001,5.5841484,5.847215523024401
CHEMBL6168898,COc1cccc(C2=NN(c3ccc(-c4ccccc4)nn3)C(c3ccc(F)c(OC)c3)C2)c1,6.1870866,,5.1702404618263245,5.54854,7.763611,6.466925650835037
CHEMBL4578764,Cc1ccc(C2=NN(c3ccccc3)C(c3ccc(OC4CCCC4)cc3)C2)cc1,5.6655464,0.0,5.405311915417511,5.3730187,6.8053665,6.105339215765396
CHEMBL5273741,COc1ccc2nc(Cl)c(C3CC(c4ccc(C)cc4)=NN3c3nc(-c4ccc(F)cc4)cs3)cc2c1,7.497573,1.0,6.06875105381012,5.604111,6.6413455,6.355048277378082
CHEMBL5523623,CCOC(=O)c1sc(N2N=C(c3ccc(Cl)cc3Cl)CC2c2ccc(OC)cc2)nc1C,7.3904057,1.0,5.795310198227566,5.919669,7.572719,6.684014647682508
CHEMBL5275672,Cc1nnc2n1N=C(c1ccccc1OCCNCCCNCCOc1ccccc1C1=Nn3c(C)nnc3SC1)CS2,7.1894317,1.0,6.214099458808864,6.1447506,6.1332607,6.173680092868787
CHEMBL399438,N#Cc1cnc2cc(-c3ccc(CN4CCOCC4)cc3)ccc2c1N[C@@H]1C[C@H]1c1ccccc1,6.630784,,6.739500031073889,6.773569,6.9211807,6.830340378085772
CHEMBL245798,COc1cc2c(N[C@@H]3C[C@H]3c3ccccc3)c(C#N)cnc2cc1OC1CCN(C)CC1,6.4436975,,6.861943821907044,7.1899147,7.511059,7.186501314640045
CHEMBL248393,COc1cc2c(N[C@@H]3C[C@H]3c3ccccc3)c(C#N)cnc2cc1OCCCN1CCN(C)CC1,8.244125,1.0,6.678021301825842,6.9837413,7.815588,7.246804649631183
CHEMBL248392,COc1cc2c(N[C@@H]3C[C@H]3c3ccccc3)c(C#N)cnc2cc1OCCCN1CCOCC1,8.30103,1.0,6.451257878939312,6.5400925,7.6499753,7.050616589387259
CHEMBL248391,COc1cc2c(N[C@@H]3C[C@H]3c3ccccc3)c(C#N)cnc2cc1OCCCc1cccnc1,6.761954,,6.7000249481201175,6.847931,7.5671062,7.133565597534179
CHEMBL247024,N#Cc1cnc2ccc(-c3ccc(CN4CCOCC4)cc3)cc2c1N[C@@H]1C[C@H]1c1ccccc1,5.5968795,0.0,6.716213960150879,6.8448176,5.3051023,6.010658154239257
CHEMBL245799,N#Cc1cnc2ccc(-c3cccc(CN4CCOCC4)c3)cc2c1N[C@@H]1C[C@H]1c1ccccc1,5.279014,0.0,6.6284155860543255,6.8855667,6.6633368,6.64587616994977
CHEMBL248222,COc1cc2ncc(C#N)c(N[C@@H]3C[C@H]3c3ccccc3)c2cc1OCCCc1cccnc1,7.167491,1.0,6.7000249481201175,6.847931,7.64549,7.1727575588226316
CHEMBL401054,COc1cc2ncc(C#N)c(N[C@@H]3C[C@H]3c3ccccc3)c2cc1OCCN1CCOCC1,6.3925447,,6.465201834837597,6.4982023,7.0273476,6.746274699767431
CHEMBL420059,COc1cc2ncnc(NC3CC3c3ccccc3)c2cc1OCCN1CCOCC1,6.5228786,,7.456865236719449,7.0920672,7.9146585,7.685761891583601
CHEMBL5272404,C=CC(=O)Nc1ccccc1C1CCNc2c(C(N)=O)c(-c3cc(OC)c(C4CC4)c(OC)c3)nn21,7.19382,1.0,6.023890739341579,5.948901,7.340683,6.682286861370008
CHEMBL17157,CC(C)(C)c1ccc(C(O)CCCN2CCC(C(O)(c3ccccc3)c3ccccc3)CC2)cc1,5.4478188,0.0,5.656392989357312,5.7675858,4.9673595,5.311876266101995
CHEMBL3085381,CCN(CC)[C@@](C)(CCc1ncnc2cc(OC)c(OC)cc12)Cc1ccccc1,6.8860564,,7.350035610795021,6.327901,6.928307,7.139171333611012
CHEMBL312818,c1ccc(CCCN(c2cc3ncnc(Nc4ccc5[nH]ccc5c4)c3s2)n2ccnc2)cc1,8.650515,1.0,7.931595385849476,7.716774,7.268054,7.599824697166682
CHEMBL926,CC(CCc1ccc(O)cc1)NCCc1ccc(O)c(O)c1,5.2556286,0.0,5.24419258594513,5.264372,4.4122543,4.828223459720611
CHEMBL1097189,NC1CCc2c(c3cc(OCCc4ccc(O)cc4)ccc3n2CCCc2ccccc2)C1,5.60206,0.0,5.943179786595432,5.893967,5.8955107,5.919345230059191
CHEMBL296419,COc1ccc(CCN2CCC(Nc3nc4ccccc4n3Cc3ccc(F)cc3)CC2)cc1,5.2177424,0.0,6.691076128880184,6.4173446,7.9109817,7.301028892000517
CHEMBL260861,COc1cc(Nc2nn3c(N[C@H](CO)Cc4ccccc4)cc(C4CC4)nc3c2C(N)=O)cc(OC)c1,5.6197886,0.0,5.627550478577614,5.547945,6.7555513,6.1915509083867075
CHEMBL1271618,CN(C)C/C=C/C(=O)N1CCc2c(sc3ncnc(N[C@H](CO)Cc4ccccc4)c23)C1,6.1066446,,6.968101845184962,6.9163904,7.1228027,7.0454522897799805
CHEMBL1097190,NC1CCc2[nH]c3ccc(OCCc4ccc(O)cc4)cc3c2C1,4.8204484,0.0,5.641421040813128,5.647105,5.6160707,5.628745894094308
CHEMBL1095957,NCCc1c[nH]c2ccc(OCCc3ccc(O)cc3)cc12,5.6840296,0.0,5.81317050169803,5.8874626,4.9893703,5.401270423883683
CHEMBL3216699,NC1CCc2c(c3cc(OCCc4ccc(O)cc4)ccc3n2CCCCCc2ccccn2)C1,5.642065,0.0,6.1849006798380906,5.912437,6.778584,6.481742341643288
CHEMBL1097368,c1ccc(CCc2cc3c(Nc4ccc5[nH]ccc5c4)ncnc3[nH]2)cc1,4.251037,0.0,7.907539702057838,7.3029504,7.7904253,7.848982501327992
CHEMBL3916141,CCC(=O)Nc1cc2c(Nc3ccc(CCc4ccccc4)cc3)ncnc2cc1OC,6.1266794,,7.044768938819567,7.0694184,7.720989,7.382879083057245
CHEMBL103860,O=C(O)c1cc(CCc2cc(O)ccc2O)ccc1O,5.481486,0.0,5.2463122581442185,5.064217,4.863335,5.054823695371548
CHEMBL4584413,C=CC(=O)Nc1cc2c(Nc3ccc(F)c(Cl)c3)ncnc2cc1OCc1cn(CCc2ccccc2)nn1,7.920819,1.0,8.312668209870656,8.511803,8.335443,8.324055376450222
CHEMBL103552,O=C(O)c1cc(N(Cc2ccccc2O)Cc2cc(O)ccc2O)ccc1O,5.387216,0.0,5.188127491772175,5.084104,5.148879,5.168503271490335
CHEMBL4855850,C#CCNC(=O)c1cc(Nc2cc(C3CC3)[nH]n2)nc(N2CCN(Cc3ccc(S(=O)(=O)F)cc3)CC2)n1,6.6126103,,6.519345462918282,6.201521,6.989715,6.754530281126499
CHEMBL257814,CO/N=C/c1c(N)ncnc1Nc1ccc2c(c1)CCN2Cc1cccc(F)c1,7.2441254,1.0,7.372781509160996,7.153857,7.5517673,7.46227442920208
CHEMBL3904205,CCC(=O)Nc1cc2c(Nc3ccc4c(c3)CCN4Cc3ccccc3)ncnc2cc1OC,6.756962,,7.120489589333534,7.106976,6.6614704,6.890980001270771
CHEMBL3960911,CCC(=O)Nc1cc2c(Nc3ccc4c(c3)CCN4Cc3ccccn3)ncnc2cc1OC,6.2848325,,6.982588974339621,6.8868318,6.751908,6.8672483999047955
CHEMBL424093,Brc1cccc(Nc2ncnc3ccc(N/N=N/Cc4ccccc4)cc23)c1,7.60206,1.0,7.13482543994983,7.2450786,6.9785347,7.056680069218078
CHEMBL225929,ClCCN(CCN/N=N/c1ccc2ncnc(Nc3cccc(Cl)c3)c2c1)Cc1ccccc1,7.1487417,1.0,6.743584883610408,6.9639735,6.2545404,6.499062663515409
CHEMBL519757,Fc1cccc(COc2ccc(Nc3ncnc4sc(-c5ccc(CNCc6ccccc6)o5)cc34)cc2Cl)c1,7.2676063,1.0,7.869802633921305,7.8636193,8.229596,8.049699385960896
CHEMBL445572,CS(=O)(=O)CCN(Cc1ccccc1)Cc1ccc(-c2ccc3ncnc(Nc4ccc(OCc5cccc(F)c5)c(Cl)c4)c3c2)o1,7.0457573,1.0,7.533902714445478,7.541707,8.192431,7.8631670821678075
CHEMBL2093928,C[C@H](Nc1[nH]cnc2c3ccccc3nc1-2)c1ccccc1,6.377786,,6.448105225563049,6.9093814,6.4047184,6.42641181230545
CHEMBL105053,C[C@@H](Nc1[nH]cnc2nc(-c3ccccc3)cc1-2)c1ccccc1,8.481486,1.0,6.856981812126034,7.2977695,5.853001,6.354991464916166
CHEMBL2111784,C[C@H](Nc1cc(-c2sc(C3CCN(C)CC3)nc2-c2ccc(F)cc2)ccn1)c1ccccc1,6.0567546,,7.37644052406152,7.192482,7.126751,7.251595735053221
CHEMBL5286373,COc1ccc(CNc2nc3ccccc3c(NCc3ccc(OC)cc3)c2[N+](=O)[O-])cc1,6.6575775,,5.892186648249626,5.5685687,7.242982,6.567584279477597
CHEMBL4751768,O=[N+]([O-])c1ccc(F)c(CNc2cc3c(Nc4ccc(F)c(Cl)c4)ncnc3cc2OCCCN2CCOCC2)c1,6.6154675,,7.76500504553318,7.5977254,8.050357,7.907680955231189
CHEMBL53299,COc1ccc(CNc2cc3c(Nc4cccc(Br)c4)ncnc3cn2)cc1,8.638272,1.0,8.408704097867012,8.084627,7.497918,7.953311113417149
CHEMBL4866162,COc1cc(N2CCN(C(C)=O)CC2)ccc1Nc1ncc(Cl)c(Nc2ccc(NCc3ccc(S(=O)(=O)F)cc3)cc2)n1,8.095557,1.0,6.671329641024271,7.268144,7.514681,7.093005251725515
CHEMBL3944095,CCC(=O)Nc1cc2c(Nc3ccc(NCc4ccccc4)cc3)ncnc2cc1OC,6.4168015,,6.930272525548935,7.1358,7.8650203,7.397646400332451
CHEMBL3601223,C=CC(=O)Nc1cccc(CNc2nc(Nc3ccc(N4CCN(C)CC4)cc3OC)ncc2Cl)c1,6.3882766,,7.666747634649276,7.380667,7.681224,7.673985751986503
CHEMBL6002036,C[C@@H](Nc1c(C#N)cnc2ccc(-c3cnc(Cl)c(NS(C)(=O)=O)c3)cc12)c1ccccc1,7.958607,1.0,7.422890692551931,7.3122153,7.041859,7.232374921242396
CHEMBL5982623,CC(Nc1c(C#N)cnc2ccc(-c3cnc4[nH]ncc4c3)cc12)c1ccccc1,7.958607,1.0,7.487041471004486,7.345026,6.921146,7.204093693494796
CHEMBL6018511,N#CCCC(Nc1c(C#N)cnc2c(Cl)cc(NC(c3ccc(F)nc3)c3cn(C4CC4)nn3)cc12)c1ccccc1,8.426936,1.0,7.4726304236622125,7.7480764,8.268645,7.870637855111136
CHEMBL255291,CO/N=C/c1c(N)ncnc1NCc1ccc(F)c(Cl)c1,5.9496202,0.0,6.840467412749927,6.9697084,7.0609646,6.9507159985502565
CHEMBL4067871,OC[C@H](Nc1cnc(-c2cc(Cl)ccc2O)c(-c2ccc3cnccc3c2)c1)c1ccccc1,8.548999,1.0,7.0491127251294925,7.558054,7.0268126,7.0379626392676276
CHEMBL5941761,C=CC(=O)Nc1cccc(Nc2nc(NCc3ccc(OC)cc3)ncc2F)c1,5.619224,0.0,6.500425412297249,6.7307005,7.067753,6.784089125216007
CHEMBL4778248,COc1cc(CNCCN2CCCCC2)ccc1-c1cc2c(N[C@H](CO)c3ccccc3)ncnc2[nH]1,10.0,1.0,9.298669613003732,8.687038,7.577986,8.438327688276768
CHEMBL4742081,COc1cc(CNCCN2CCNCC2)ccc1-c1cc2c(N[C@H](CO)c3ccccc3)ncnc2[nH]1,10.0,1.0,9.28337336719036,8.534156,7.655263,8.46931815713644
CHEMBL4787951,COc1cc(CNCCN2CCOCC2)ccc1-c1cc2c(N[C@H](CO)c3ccccc3)ncnc2[nH]1,10.0,1.0,9.275757366716862,8.523398,7.5753884,8.425572899132966
CHEMBL421686,Cc1[nH]c2ncnc(NCc3ccccc3)c2c1C,5.966576,0.0,5.909621982574463,5.4189916,5.296432,5.603027000427247
CHEMBL280074,Cn1cnc2c(NCc3ccccc3)nc(NCCO)nc21,3.3565474,0.0,6.3081096517500415,6.5973186,6.220119,6.264114325615621
CHEMBL5173075,c1ccc(CNc2ncnc3c2[nH]c2ccccc23)cc1,6.337242,,6.692067317565281,6.431398,5.875488,6.283777560989062
CHEMBL5896403,CC(Nc1ncnc2ccc(-c3cnc(N)nc3)cc12)c1ccc(F)cc1,7.958607,1.0,7.194734747409821,7.50472,8.238498,7.716616240739823
CHEMBL3919447,C=CC(=O)N1CC[C@H](Oc2cc3c(N[C@H](C)c4ccccc4)ncnc3cc2OC)C1,7.7447276,1.0,7.637714518209298,7.400754,7.5090046,7.573359555552402
CHEMBL5569061,COc1cc2ncnc(N[C@H](C)c3cccc(F)c3)c2cc1OC1CCOCC1,8.995679,1.0,7.642252484659354,7.06159,7.142414,7.392333288838466
CHEMBL3926558,C=CC(=O)N1CC(Oc2cc3c(N[C@H](C)c4ccccc4)ncnc3cc2OC)C1,8.022879,1.0,7.86154062996308,7.482787,7.84572,7.853630222131809
CHEMBL53552,c1ccc(CNc2ncnc3cccnc23)cc1,6.2196827,,6.159662272930145,6.0843043,6.693169,6.426415694952011
CHEMBL51320,c1ccc(CNc2ncnc3cnccc23)cc1,5.692504,0.0,6.3268524062633515,6.354016,6.9615493,6.6442008441686635
CHEMBL119982,Clc1cccc(Nc2[nH]nc3ncnc(NCc4ccccc4)c23)c1,6.0604806,,7.413499110937119,7.6860957,6.3321605,6.872829791903496
CHEMBL5422135,C=CC(=O)Nc1cccc(-c2c(-c3ccc(N4CCN(C)CC4)cc3)oc3ncnc(N[C@H](CO)c4ccccc4)c23)c1,8.39794,1.0,7.4374240062236785,7.673114,8.48986,7.963641793608666
CHEMBL3891846,C[C@@H](Nc1ncnc2oc(-c3ccc(NCCN4CCCCC4)cc3)cc12)c1ccccc1,7.9647965,1.0,7.4601483601331715,7.5459604,8.374595,7.917371524274349
CHEMBL3960853,C[C@@H](Nc1ncnc2oc(-c3ccc(NCCN4CCOCC4)cc3)cc12)c1ccccc1,8.958608,1.0,7.411457634270191,7.4077907,8.241118,7.8262880326807505
CHEMBL2347972,OC[C@@H](Nc1ncnc2oc(-c3ccccc3)c(-c3ccc4c(c3)OCO4)c12)c1ccccc1,7.0556297,1.0,7.03952642085155,7.08839,5.8503513,6.444938877234857
CHEMBL2347970,OC[C@@H](Nc1ncnc2oc(-c3ccccc3)c(-c3ccco3)c12)c1ccccc1,6.7495937,,6.79309413766861,6.5489044,5.8914566,6.3422753708362585
CHEMBL2347971,OC[C@@H](Nc1ncnc2oc(-c3ccccc3)c(-c3ccoc3)c12)c1ccccc1,6.905002,,6.636279317855835,6.5128613,5.833375,6.234827147483825
CHEMBL4447289,C=CC(=O)Nc1cccc(-c2noc3ncnc(N[C@H](CO)c4ccccc4)c23)c1,5.8578506,0.0,6.849045575340589,7.2900543,6.537438,6.693241745571296
CHEMBL4534719,C=CC(=O)Nc1cccc(-c2c(-c3ccccc3)sc3ncnc(N[C@H](CO)c4ccccc4)c23)c1,7.3080206,1.0,6.52209858894348,6.823663,7.516867,7.0194828748703
CHEMBL1272006,OC[C@@H](Nc1ncnc2sc3c(c12)CCC3)c1ccccc1,5.9625735,0.0,6.529488628844421,6.319659,4.7734985,5.651493582000335
CHEMBL1271950,OC[C@@H](Nc1ncnc2sc3c(c12)CCCC3)c1ccccc1,6.1426673,,6.509898484388987,6.3999133,4.5271215,5.518510014136632
CHEMBL371863,CCOC(=O)c1cn2ncnc(NCc3ccccc3)c2c1CC,6.69897,,6.480509684085846,6.3829618,6.0068684,6.243689023256302
CHEMBL121796,Clc1cccc(Nc2[nH]cnc3nnc(NCc4ccccc4)c2-3)c1,8.1549015,1.0,6.559638372023901,7.0715313,7.687059,7.123348648826282
CHEMBL6022533,C=CC(=O)N1CCC[C@H]1c1nc(-c2ccc(OCc3c(F)cccc3F)cc2)c2cnccn12,5.2596374,0.0,6.609680977741878,6.1953645,5.951744,6.280712528665861
CHEMBL3805893,c1ccc(COc2ccc(C3CC(c4ccc5c(c4)OCCO5)=NN3c3ccccc3)cc2)cc1,5.0438313,0.0,6.389321549326183,5.936179,6.0977516,6.243536583378912
CHEMBL5594407,CN(C)C/C=C/C(=O)Nc1ccc2ncnc3c2c1CCN3c1ccc(OCc2cccc(F)c2)c(Cl)c1,7.491605,1.0,8.640388167301813,8.2825985,8.194891,8.417639571626982
CHEMBL1683951,Fc1cccc(COc2ccc(Nc3cc(-c4cccnc4)ncn3)cc2Cl)c1,4.3279023,0.0,6.437552133162817,6.3836083,6.0864425,6.2619973018566775
CHEMBL1683952,Fc1cccc(COc2ccc(Nc3cc(-c4ccsc4)ncn3)cc2Cl)c1,4.6575775,0.0,6.349694569071135,6.6266046,6.7085824,6.529138485173385
CHEMBL1928952,Nc1cc(Nc2cccc(Oc3cc(Nc4ccc(OCc5cccc(F)c5)c(Cl)c4)ncn3)c2)ncn1,7.21467,1.0,6.070678275823593,5.862937,7.0589356,6.564806959033012
CHEMBL5939963,C=CC(=O)N1CCOc2ccc(Nc3ncc(F)c(Nc4ccc(OCc5ccccn5)c(Cl)c4)n3)cc21,6.2596374,,6.952485451777776,6.977568,7.064175,7.0083302903572715
CHEMBL2385968,CN(C)C/C=C/C(=O)Nc1ccc(-c2cncc(C#N)c2Nc2ccc(OCc3cccc(F)c3)c(Cl)c2)cc1,6.180456,,6.982298530737559,6.8083005,7.0873055,7.034802038272222
CHEMBL3678954,CC(C)n1c(Nc2ccc(OCc3cccc(F)c3)c(Cl)c2)nc2cnc(Nc3ccc(N4CCN(C)CC4)cc3)nc21,8.39794,1.0,8.199682796796163,8.148473,8.355868,8.277775568167367
CHEMBL5632436,Cn1nccc1-c1cc2c(Nc3ccc(OCc4ccccc4)cc3)ncnc2[nH]1,6.337232,,7.0230183631181715,7.0997033,7.3961487,7.209583522379399
CHEMBL5200160,c1ccc(COc2ccc(Nc3ncnc4[nH]ccc34)cc2)cc1,4.334892,0.0,6.4819073688983915,6.493059,7.8486214,7.165264368653297
CHEMBL257860,OC1CCN(CCCOc2n[nH]c3ncnc(Nc4ccc(OCc5ccccn5)c(Cl)c4)c23)CC1,8.045757,1.0,7.869357066551845,7.77214,7.5427747,7.7060658719142285
CHEMBL272935,CN1CCN(CCCOc2n[nH]c3ncnc(Nc4ccc(OCc5ccccn5)c(Cl)c4)c23)CC1,7.853872,1.0,8.071169534722964,7.8660445,7.6060066,7.8385880785187085
CHEMBL257859,Clc1cc(Nc2ncnc3[nH]nc(OCCCN4CCOCC4)c23)ccc1OCc1ccccn1,7.79588,1.0,7.9095973978439975,7.8328176,7.0907745,7.500185966988405
CHEMBL402553,Clc1cc(Nc2ncnc3[nH]nc(OCCN4CCCC4)c23)ccc1OCc1ccccn1,8.09691,1.0,7.991333710551262,7.8824906,7.143366,7.567349785268307
CHEMBL402339,COc1cc(Nc2ncnc3[nH]nc(OCCN4CCC(O)CC4)c23)ccc1OCc1cccc(F)c1,7.8860564,1.0,6.850264139056205,6.6751595,7.1998887,7.02507642263174
CHEMBL271705,Clc1cc(Nc2ncnc3[nH]nc(OCCN4CCOCC4)c23)ccc1OCc1ccccn1,9.0,1.0,7.944553035497665,7.8345294,6.4065886,7.175570794939995
CHEMBL475761,CN1CCN(Cc2ccc(-c3cc4ncnc(Nc5ccc(OCc6cccc(F)c6)c(Cl)c5)c4s3)o2)CC1,8.30103,1.0,8.220291521151859,8.002303,7.803621,8.011956168214478
CHEMBL473427,Fc1cccc(COc2ccc(Nc3ncnc4cc(-c5cccs5)sc34)cc2Cl)c1,8.09691,1.0,7.927262322405975,7.79034,6.252274,7.089768179406723
CHEMBL475769,CS(=O)(=O)CCNCc1cc(-c2cc3ncnc(Nc4ccc(OCc5cccc(F)c5)c(Cl)c4)c3s2)co1,8.39794,1.0,7.984786995748679,7.6650805,7.1250124,7.554899696757396
CHEMBL474431,CS(=O)(=O)CCNCc1cc(-c2cc3ncnc(Nc4ccc(OCc5cccc(F)c5)c(Cl)c4)c3s2)cs1,8.522879,1.0,7.858709888497987,7.5355344,7.128416,7.493562974949677
CHEMBL5290971,C=CC(=O)N1CCC(Oc2cc3c(Nc4ccc(OCc5cccc(F)c5)c(Cl)c4)ncnc3cc2O[C@H]2CCOC2)CC1,6.6439743,,8.015599918626604,7.8643794,6.6276126,7.3216062547081995
CHEMBL5270938,C=CC(=O)N1CCC(Oc2cc3c(Nc4ccc(OCc5ccccn5)c(Cl)c4)ncnc3cc2O[C@H]2CCOC2)CC1,8.917214,1.0,7.993899191816647,8.107056,7.271781,7.632840079764525
CHEMBL3360615,COc1cc2c(Nc3ccc(OCc4cccc(F)c4)c(Cl)c3)ncnc2cc1OCCCCCCn1ccnc1[N+](=O)[O-],7.449772,1.0,9.085113643982107,8.79948,7.5305634,8.307838499237146
CHEMBL3360614,COc1cc2c(Nc3ccc(OCc4cccc(F)c4)c(Cl)c3)ncnc2cc1OCCCCCn1ccnc1[N+](=O)[O-],7.779892,1.0,9.085113643982107,8.79948,7.3796406,8.232377111602869
CHEMBL3360613,COc1cc2c(Nc3ccc(OCc4cccc(F)c4)c(Cl)c3)ncnc2cc1OCCCCn1ccnc1[N+](=O)[O-],7.9244533,1.0,9.218188433449418,8.807397,6.998298,8.108243300815897
CHEMBL4073595,COc1cc2c(Nc3ccc(OCc4cccc(F)c4)c(Cl)c3)ncnc2cc1OCCCN1C[C@H](O)[C@@H](O)[C@H](O)[C@H]1CO,8.343902,1.0,7.799023305535314,7.587416,7.4940915,7.64655740815401
CHEMBL4161938,Fc1cccc(COc2ccc(Nc3ncnc4cc(OCCCN5CCOCC5)c(OCCCN5CCOCC5)cc34)cc2Cl)c1,8.031517,1.0,7.566871932506562,7.35245,8.216283,7.891577388525009
CHEMBL3360612,COc1cc2c(Nc3ccc(OCc4cccc(F)c4)c(Cl)c3)ncnc2cc1OCCCn1ccnc1[N+](=O)[O-],7.5157003,1.0,8.940470467164403,8.511449,7.372444,8.156457309998217
CHEMBL3360616,COc1cc2c(Nc3ccc(OCc4cccc(F)c4)c(Cl)c3)ncnc2cc1OCCOCCn1ccnc1[N+](=O)[O-],7.696804,1.0,9.090671048669588,8.329662,7.2480693,8.169370167508012
CHEMBL4520064,FC(F)(F)c1ccc(COc2ccc(Nc3ncnc4cc5c(cc34)OCCOCCOCCOCCO5)cc2)cc1,6.414765,,6.358813220461209,6.2306204,7.401014,6.87991353581349
CHEMBL3436354,Fc1cccc(COc2ccc(Nc3ncnc4ccc(-c5ccc(CN6CCOCC6)o5)cc34)cc2Cl)c1,7.5850267,1.0,7.74456105073293,7.578149,7.202343,7.473452018896738
CHEMBL3344212,CS(=O)(=O)CC(NC1CCCCC1)c1ccc(-c2ccc3ncnc(Nc4ccc(OCc5cccc(F)c5)c(Cl)c4)c3c2)o1,7.112383,1.0,7.308046005836556,7.431369,7.338662,7.323354076679264
CHEMBL5859805,C=CC(=O)N1CCC(Nc2cc3c(Nc4ccc(OCc5cccc(F)c5)c(Cl)c4)ncnc3cc2OC)CC1,7.4353337,1.0,7.9524170591405445,8.124191,6.49934,7.225878558256795
CHEMBL5905270,C=CC(=O)N1CCC(Nc2cc3c(Nc4ccc(OCc5ccccn5)c(Cl)c4)ncnc3cc2OC)CC1,8.826823,1.0,8.00477860472032,8.257656,6.5516624,7.27822052489434
CHEMBL3965087,C=CC(=O)N1CC[C@H](Oc2ccc3ncnc(Nc4ccc(OCc5cccc(F)c5)c(Cl)c4)c3c2)C1,7.712406,1.0,7.1941008138259255,7.1180463,7.7962723,7.495186545828979
CHEMBL3922182,C=CC(=O)N1CC[C@H](Oc2cc3c(Nc4ccc(OCc5ccccn5)c(Cl)c4)ncnc3cc2OC)C1,8.150515,1.0,7.132758515397707,7.5160775,6.7684026,6.95058054592212
CHEMBL3355886,COc1cc2ncnc(Nc3ccc(OCc4cccc(F)c4)c(Cl)c3)c2cc1OCCCCCCn1ccnc1[N+](=O)[O-],7.821023,1.0,9.085113643982107,8.79948,7.390819,8.237966358352747
CHEMBL3355885,COc1cc2ncnc(Nc3ccc(OCc4cccc(F)c4)c(Cl)c3)c2cc1OCCCCCn1ccnc1[N+](=O)[O-],7.29073,1.0,9.085113643982107,8.79948,7.6275373,8.356325447250452
CHEMBL3355884,COc1cc2ncnc(Nc3ccc(OCc4cccc(F)c4)c(Cl)c3)c2cc1OCCCCn1ccnc1[N+](=O)[O-],7.545155,1.0,9.218188433449418,8.807397,7.3744125,8.296300485035257
CHEMBL6162126,COc1cc2ncnc(Nc3ccc(OCc4ccccn4)c(Cl)c3)c2cc1OCCCCn1ccnc1[N+](=O)[O-],8.744727,1.0,9.269304521178443,8.671755,7.7341833,8.501743916320422
CHEMBL4439338,COc1cc2ncnc(Nc3ccc(OCc4cccc(F)c4)c(Cl)c3)c2cc1OCCCN1CCNCCNCC1,8.457176,1.0,7.691533110340435,7.550811,7.8984323,7.7949826825658475
CHEMBL4522240,COc1cc2ncnc(Nc3ccc(OCc4cccc(F)c4)c(Cl)c3)c2cc1OCCCN1CCNCCNCCNCC1,8.318194,1.0,7.691533110340435,7.550811,8.182263,7.936898242334524
CHEMBL3355883,COc1cc2ncnc(Nc3ccc(OCc4cccc(F)c4)c(Cl)c3)c2cc1OCCCn1ccnc1[N+](=O)[O-],7.4168015,1.0,8.940470467164403,8.511449,7.245785,8.093127851761523
CHEMBL5751436,CC(Oc1ccc(Nc2ncnc3ccc4c(c23)OCCN4C(=O)/C=C/CN(C)C)cc1)c1cccc(F)c1,6.5606675,,6.766143761475881,6.776275,7.6452174,7.205680590073268
CHEMBL197640,CN1CCC(Oc2cccc3ncnc(Nc4ccc(OCc5cccc(F)c5)c(Cl)c4)c23)CC1,8.30103,1.0,7.120097959637642,7.033234,7.2920046,7.2060512724518775
CHEMBL193578,Clc1cc(Nc2ncnc3cccc(OC4CCOCC4)c23)ccc1OCc1ccccn1,5.6197886,0.0,6.889778301795324,6.7455187,6.0252104,6.457494341174762
CHEMBL444619,COc1cc(ON2CCC(C)CC2)c2c(Nc3ccc(OCc4ccccn4)c(Cl)c3)ncnc2c1,8.30103,1.0,6.557759498457115,6.796147,5.977254,6.267506706168255
CHEMBL3409483,[O-][S+]1CCN(Cc2ccc(-c3cc4c(Nc5ccc(OCc6cccc(F)c6)cc5)ncnc4cn3)o2)CC1,7.6382723,1.0,7.223880744278431,7.071431,7.2114067,7.217643726021052
CHEMBL3409484,CS(=O)(=O)CCNCc1ccc(-c2cc3c(Nc4ccc(OCc5ccccc5)cc4)ncnc3cn2)o1,7.60206,1.0,7.418940597176552,7.226074,6.24646,6.8327002790570255
CHEMBL3981551,CN(C)C/C=C/C(=O)Nc1cc2c(Nc3ccc(OCc4cccc(F)c4)c(Cl)c3)ncnc2cn1,7.7803335,1.0,7.862984862029553,8.2430315,7.7437687,7.803376777023077
CHEMBL503418,CN1CCN(Cc2ccc(Nc3nc4ncnc(Nc5ccc(OCc6cccc(F)c6)c(Cl)c5)c4s3)cc2)CC1,8.045757,1.0,7.6232491709788635,7.7148843,7.9210405,7.7721448529760035
CHEMBL4293326,Cc1oc2ncnc(Nc3ccc(OCc4cccc(F)c4)c(Cl)c3)c2c1C(=O)O,6.0218196,,7.1191810746987665,6.9680142,6.2370453,6.6781131813923515
CHEMBL3416627,COc1ccccc1-c1cc2c(Nc3ccc(OCc4cccc(F)c4)c(Cl)c3)ncnc2s1,6.6575775,,7.528223554650943,7.468356,6.381367,6.9547953806122145
CHEMBL475599,CS(=O)(=O)CCNCc1cc(-c2cc3c(Nc4ccc(OCc5cccc(F)c5)c(Cl)c4)ncnc3s2)cs1,6.5171266,,7.338907282392183,7.3003693,8.625173,7.982039948721726
CHEMBL5206805,Fc1cccc(COc2ccc(Nc3ncnc4sc5c(c34)CCCC5)cc2Cl)c1,6.69897,,7.095689916511377,7.4442234,7.4075212,7.251605582187573
CHEMBL3655345,CN(C)C/C=C/C(=O)N1Cc2sc3ncnc(Nc4ccc(OCc5cccc(F)c5)c(Cl)c4)c3c2C1,8.30103,1.0,7.935928611159325,8.224364,8.308347,8.122137679755689
CHEMBL3655346,CN(C)C/C=C/C(=O)N1Cc2sc3ncnc(Nc4ccc(OCc5ccccn5)c(Cl)c4)c3c2C1,7.7212462,1.0,7.978113369643689,8.515853,8.1702795,8.07419643625617
CHEMBL1683960,Cc1ncnc(Nc2ccc(OCc3cccc(F)c3)c(Cl)c2)c1-c1cccc(CN2CCOCC2)c1,6.229148,,7.24433161109686,7.182982,6.733296,6.988813764303924
CHEMBL2035810,C=CC(=O)NCc1coc(-c2c(N)ncnc2Nc2ccc(OCc3ccccn3)c(Cl)c2)n1,8.488168,1.0,7.24189511888557,7.3667903,7.64013,7.441012580957677
CHEMBL472545,Nc1ncnc(Nc2ccc(OCc3ccccc3)c(Cl)c2)c1-c1nnc(CCN2CCOCC2)o1,7.5228786,1.0,7.378306027253468,7.3322353,7.2140784,7.2961922268072765
CHEMBL248322,NC1CCN(Cc2ccn3ncnc(Nc4ccc(OCc5cccc[n+]5[O-])c(Cl)c4)c23)CC1,7.154902,1.0,7.2058765574126005,7.4598694,6.526811,6.866343840153444
CHEMBL247710,NC1CCN(Cc2ccn3ncnc(Nc4ccc(OCc5cccc(F)c5)c(Cl)c4)c23)CC1,7.4202166,1.0,7.1813631006081895,7.251636,7.1626997,7.1720314000050225
CHEMBL248116,NC1CCN(Cc2ccn3ncnc(Nc4ccc(OCc5ccccn5)c(Cl)c4)c23)CC1,7.4436975,1.0,7.156110208573795,7.394519,7.3190126,7.2375614252402665
CHEMBL247709,Fc1cccc(COc2ccc(Nc3ncnn4ccc(CN5CCCNCC5)c34)cc2Cl)c1,7.318759,1.0,7.22345673504803,7.222686,7.396923,7.3101899001167885
CHEMBL246493,Fc1cccc(COc2ccc(Nc3ncnn4ccc(COC[C@@H]5CNCCO5)c34)cc2Cl)c1,6.2479687,,7.0361867182188575,7.0096273,6.87937,6.957778465386895
CHEMBL247101,Cc1ccn2ncnc(Nc3ccc(OCc4cccc(F)c4)c(Cl)c3)c12,6.60206,,7.053595758808984,7.108625,6.562327,6.807961333460279
CHEMBL1087368,CCN(CC)CCNC(=O)c1[nH]c2cnnc(Nc3ccc(OCc4cccc(F)c4)c(Cl)c3)c2c1C,5.914166,0.0,6.491310508648554,6.8542633,6.131315,6.311312869985898
CHEMBL1080990,CCOC(=O)c1[nH]c(C)c2cnnc(Nc3ccc(OCc4cccc(F)c4)c(Cl)c3)c12,5.9172144,0.0,6.323554872870445,7.187797,6.956445,6.640000045001507
CHEMBL1080271,CCN(CC)CCNC(=O)c1cc2cnnc(Nc3ccc(OCc4cccc(F)c4)c(Cl)c3)c2[nH]1,4.1122704,0.0,6.393140087286631,6.9342732,6.2634497,6.328294878085455
CHEMBL3961982,COc1cc2c(Nc3ccc(Cl)c(Cl)c3)ncnc2cc1OCc1cc(Br)cc(Br)c1,7.30103,1.0,7.750732507785162,7.349269,7.092315,7.421523852388065
CHEMBL248220,COc1cc2ncc(C#N)c(N[C@@H]3C[C@H]3c3ccccc3)c2cc1OCc1ccccc1,5.7931743,0.0,6.813567855358124,6.7358775,6.190208,6.501887906789779
CHEMBL3347498,OB(O)c1ccc(COc2ccc3ncnc(Nc4cccc(Cl)c4)c3c2)cc1,6.070581,,6.631582037210465,6.3143497,6.449623,6.54060257256031
CHEMBL5192185,C#Cc1cccc(Oc2ncnc3ccc(OCc4ccc(S(=O)(=O)N(C)C#C)cc4)cc23)c1,5.246417,0.0,6.265813366770744,6.54792,7.1416273,6.703720339238643
CHEMBL1614712,Nc1ncnc2c1c(-c1cccc(OCc3ccccc3)c1)cn2[C@H]1C[C@@H](CN2CCC2)C1,5.2602844,0.0,6.178243691970905,6.1883287,7.327503,6.752873448158304
CHEMBL5567060,Fc1ccccc1COc1cccc(-c2n[nH]cc2-c2ccncc2)c1,7.4433627,1.0,6.431015994100558,6.0380564,5.7048492,6.067932618632311
CHEMBL5561729,Fc1ccccc1COc1cccc(-c2n[nH]cc2-c2ccncn2)c1,7.038897,1.0,6.656455063865041,6.2863345,5.8486366,6.252545845531153
CHEMBL3805508,c1ccc(COc2cccc(C3CC(c4ccc5c(c4)OCCO5)=NN3c3ccccc3)c2)cc1,5.101275,0.0,6.347932998408874,5.942986,6.0683556,6.208144279355804
CHEMBL490569,N#C/C(=C\c1cc(CSc2ccccc2)c(O)c(OCc2ccccc2)c1)C(N)=O,6.09691,,6.036739441449524,6.2610903,5.5806,5.808669613150299
CHEMBL3358006,C[C@@H]1CN(c2nc(C(F)(F)F)no2)CCN1c1ncc(OCc2ccc(CS(C)(=O)=O)cc2F)cn1,5.6777806,0.0,6.358289810954542,6.3426943,6.770918,6.564603851705298
CHEMBL601719,C[C@@H](Oc1cc(-c2cnn(C3CCNCC3)c2)cnc1N)c1c(Cl)ccc(F)c1Cl,6.166853,,6.562362181620164,6.737813,8.132328,7.347345107533714
CHEMBL324030,COc1cc(/C=C(\C#N)C(N)=O)cc(CSC2=NCCS2)c1O,4.9216647,0.0,5.278645890951156,5.4914684,5.632511,5.4555785149335865
CHEMBL330879,COc1cc(/C=C(\C#N)C(N)=O)cc(CSc2ccc3ccccc3c2)c1O,5.4750037,0.0,5.315219074487686,5.621842,5.1696973,5.242458179593086
CHEMBL119156,COc1cc(/C=C(\C#N)C(N)=O)cc(CSc2ccccn2)c1O,5.0352907,0.0,6.012314578090395,6.333392,5.972178,5.992246280210359
CHEMBL331026,COc1cc(/C=C(\C#N)C(N)=O)cc(CSc2nc3ccccc3[nH]2)c1O,4.4817853,0.0,4.677764444947242,5.48694,5.4324093,5.055086865723133
CHEMBL118205,COc1cc(/C=C(\C#N)C(N)=O)cc(CSc2nc3ccccc3o2)c1O,5.089407,0.0,5.137730892300606,5.6107783,5.4137163,5.275723604261875
CHEMBL2178513,Cc1cc(O)n2nc(SCc3cccc(Cl)c3)nc2n1,7.0559382,1.0,6.520035802920659,6.608919,6.515983,6.518009453813235
CHEMBL4098409,COc1ccc2c(c1)CCN2c1nc(C)nc2c(Cc3ccccc3)c[nH]c12,6.7770233,,7.68352081656456,7.6377144,6.4961786,7.08984972178936
CHEMBL5288264,CN1CCN(c2ccc(Nc3ncc(Br)c(Nc4ccc5[nH]c(Cc6cccc(F)c6)cc5c4)n3)cc2)CC1,6.89896,,6.903575409650802,6.6327415,8.501758,7.7026665157079695
CHEMBL5274670,COc1cc2c(Nc3ccc(Cc4ccccc4)cc3)ncnc2cc1OCC1CCN(C)CC1,6.172631,,6.976273852745693,7.011176,7.3657694,7.171021619518598
CHEMBL3972605,CCC(=O)Nc1cc2c(Nc3ccc(C(O)c4ccccc4)cc3)ncnc2cc1OC,6.464706,,7.31443602502346,7.1878986,6.124016,6.719225916564465
CHEMBL3980622,CCC(=O)Nc1cc2c(Nc3ccc(Cc4ccccn4)cc3)ncnc2cc1OC,6.6882463,,6.896992339491844,6.893669,6.8048353,6.850913829505444
CHEMBL3969056,CN(C)C/C=C/C(=O)Nc1cc2c(Nc3ccc(Cc4ccccn4)cc3)ncnc2cn1,7.258563,1.0,7.161399202346802,7.8474336,7.45674,7.30906955242157
CHEMBL4639739,C=CC(=O)NCCOc1cc(Cc2ccccc2)cc2[nH]c(-c3n[nH]c4cc(-c5cn[nH]c5)ccc34)cc12,5.3467875,0.0,6.991810220241547,7.241322,7.611111,7.301460692167282
CHEMBL4646281,C=CC(=O)NCCOc1cc(Cc2ccccc2)cc2[nH]c(-c3n[nH]c4cc(C(F)F)ccc34)cc12,5.627088,0.0,6.853197457790375,7.0712504,7.472798,7.162997664213181
CHEMBL538909,N#C/C(=C/c1cc(Cc2ccccc2)c(O)c(Cc2ccccc2)c1)C(N)=O,6.221849,,5.323656234741211,4.393427,5.049882,5.18676908493042
CHEMBL496,Oc1c(Cl)cc(Cl)c(Cl)c1Cc1c(O)c(Cl)cc(Cl)c1Cl,6.12575,,5.150885252952576,5.150075,6.0963926,5.623638942241669
CHEMBL402316,CO/N=C/c1c(N)ncnc1Nc1ccc2[nH]c(Cc3cccc(F)c3)nc2c1,7.318759,1.0,7.365289459705353,7.2062373,7.2860947,7.325692062616348
CHEMBL361322,c1ccc(Cc2nc3cc(Nc4ncnc5nn6ccccc6c45)ccc3[nH]2)cc1,5.3001623,0.0,6.94638481259346,6.802282,7.106919,7.026651812195778
CHEMBL446250,COc1ccccc1Cc1nc2ccc(-c3nn([C@H]4CC[C@H](N5CCN(CC6CC6)CC5)CC4)c4ncnc(N)c34)cc2[nH]1,8.522879,1.0,7.290628766536713,7.1943755,8.391435,7.841031718015671
CHEMBL4060919,C=CC(=O)N1CCC[C@@H](n2nc(Cc3ccccc3)c3c(N)ncnc32)C1,8.261439,1.0,7.208323751233874,6.919515,7.381863,7.2950934342259455
CHEMBL257816,CO/N=C/c1c(N)ncnc1Nc1ccc2c(ccn2Cc2cccc(F)c2)c1,7.8860564,1.0,7.904667117774486,7.77859,7.769394,7.837030519336462
CHEMBL3968839,CCC(=O)Nc1cc2c(Nc3ccc4c(ccn4Cc4ccccn4)c3)ncnc2cc1OC,7.21467,1.0,7.1730743396282195,7.444808,6.9745536,7.073813962340354
CHEMBL3655354,CC(C)N(C)C/C=C/C(=O)N1CCc2c(sc3ncc(C#N)c(Nc4ccc5c(cnn5Cc5cccc(F)c5)c4)c23)C1,8.19382,1.0,6.826656260490417,7.372232,8.235646,7.531151254177093
CHEMBL4756368,C=CC(=O)Nc1cc(-c2c[nH]c3ncnc(Nc4ccc5c(cnn5Cc5ccccc5)c4)c23)ccc1OCCO,9.110925,1.0,7.795182169079781,7.7283473,8.062719,7.928950757086277
CHEMBL160303,CS(=O)(=O)CCNc1nc(-c2ccc3ncnc(Nc4ccc5c(cnn5Cc5ccccc5)c4)c3c2)cs1,7.1487417,1.0,7.257548095583916,7.5764565,8.352253,7.804900527894497
CHEMBL247914,NC1CCN(Cc2ccn3ncnc(Nc4ccc5c(cnn5Cc5ccccn5)c4)c23)CC1,7.3279023,1.0,7.098312520285447,7.0778513,6.774163,6.936237644801537
CHEMBL392664,Fc1cccc(Cn2ncc3cc(Nc4ncnn5ccc(CNC6CCNCC6)c45)ccc32)c1,6.958607,,7.1195998276472094,7.0068417,7.4869967,7.303298239171506
CHEMBL245869,Fc1cccc(Cn2ncc3cc(Nc4ncnn5ccc(COC6CCNCC6)c45)ccc32)c1,7.1366773,1.0,7.115649060408276,7.002305,7.4244895,7.270069279273352
CHEMBL246073,Fc1cccc(Cn2ncc3cc(Nc4ncnn5ccc(COC[C@H]6CCCNC6)c45)ccc32)c1,6.7212462,,7.085487687110902,6.777771,7.136545,7.111016434192658
CHEMBL246072,Fc1cccc(Cn2ncc3cc(Nc4ncnn5ccc(COCC6CCNCC6)c45)ccc32)c1,6.8860564,,7.026056369940443,6.876154,7.270607,7.148331682284675
CHEMBL396079,c1ccc(Cn2ncc3cc(Nc4ncnn5ccc(COC[C@@H]6CNCCO6)c45)ccc32)nc1,6.30103,,6.941883709351222,6.8002524,7.424484,7.183183742721876
CHEMBL395591,Fc1cccc(Cn2ncc3cc(Nc4ncnn5ccc(COCC6CNCCOC6)c45)ccc32)c1,6.6777806,,7.105389771978059,6.8002577,7.480412,7.292900889178116
CHEMBL246492,Fc1cccc(Cn2ncc3cc(Nc4ncnn5ccc(COC[C@@H]6COCCN6)c45)ccc32)c1,6.19382,,7.188779034336408,7.2546372,7.0007772,7.094778139452139
CHEMBL394462,Cc1ccn2ncnc(Nc3ccc4c(cnn4Cc4ccccn4)c3)c12,6.69897,,6.937151905337969,6.6399693,7.8506966,7.393924234529337
CHEMBL6026375,CN(C)C(=O)N[C@@H]1CCCN(c2cnc(C(N)=O)c(Nc3ccc(C4CCN(c5ccccn5)CC4)cc3)n2)C1,5.2596374,0.0,5.476354268550873,5.5339704,6.390996,5.933675123929977
CHEMBL92006,COc1cc2ncnc(/N=N/c3ccc(F)c(Cl)c3)c2cc1OC,6.1366773,,6.987633294145265,7.0517626,7.4477224,7.217677864571412
CHEMBL24828,COc1cc2/c(=N/c3ccc(Br)cc3F)nc[nH]c2cc1OCC1CCN(C)CC1,6.30103,,6.618441449761391,6.864991,6.4033613,6.5109013851284985
CHEMBL5193247,C=CC(=O)Nc1cc2c(cc1OCCNC(=O)CN(C)C)NCN=C2Nc1ccc(Br)cc1F,8.522879,1.0,7.199940944194793,6.7098155,5.277161,6.238551032781601
CHEMBL79215,c1ccc(NCCN(c2cc3ncnc(Nc4ccc5[nH]ccc5c4)c3s2)n2cccc2)cc1,9.0,1.0,7.898213475048542,7.855011,7.220244,7.559228702932597
CHEMBL5181487,COc1cc(N2CCC(N3CCN(C)CC3)CC2)ccc1Nc1ncc2cc(CNc3ccccc3)n(C3CCCC3)c2n1,7.2596374,1.0,7.507565126895905,7.6994114,8.648132,8.077848725557327
CHEMBL5179023,COc1cc(N2CCC(N(C)C)CC2)ccc1Nc1ncc2cc(CNc3ccccc3)n(C3CCCC3)c2n1,8.0,1.0,7.72926978814602,7.8139915,7.809036,7.769152783095837
CHEMBL5188948,CN1CCN(c2ccc(Nc3ncc4cc(CNc5ccccc5)n(C5CCCC5)c4n3)cc2)CC1,7.8847756,1.0,7.282495978236198,7.345047,7.1952615,7.2388787283301355
CHEMBL5174109,CN(C)CCN(C)c1ccc(Nc2ncc3cc(CNc4ccccc4)n(C4CCCC4)c3n2)cc1,6.5171266,,6.7812376176516205,6.853864,7.861791,7.321514375766117
CHEMBL422066,COc1cc2ncnc(NNc3ccc(F)c(Cl)c3)c2cc1OC,6.3665314,,7.761116570731003,7.5320983,7.5663548,7.663735661158959
CHEMBL544640,c1ccc(Nc2[nH]cnc3c4ccccc4nc2-3)cc1,5.6757174,0.0,6.5761024761199955,6.525523,4.8641768,5.7201396131515505
CHEMBL119977,Clc1cccc(Nc2[nH]cnc3nnc(-c4ccccc4)c2-3)c1,7.7212462,1.0,6.798740049994353,6.9245367,6.3438854,6.571312735873642
CHEMBL334026,Clc1cccc(Nc2[nH]nc3ncnc(Oc4cccc(Cl)c4)c23)c1,4.6161847,0.0,7.213878442049028,6.974145,7.116765,7.16532173216343
CHEMBL122068,Nc1nc(N)c2c(Nc3cccc(Cl)c3)[nH]nc2n1,6.6575775,,5.0373799703518545,5.598342,6.3249636,5.681171769996483
CHEMBL4086078,C=CC(=O)N1CCC(Sc2nc(-c3ccc(F)cc3)c(-c3ccnc(Nc4ccccc4)c3)[nH]2)C1,6.990962,,7.633290955026943,7.623518,6.280807,6.957048986653486
CHEMBL4067255,Fc1ccc(-c2nc(SCCN3CCOCC3)[nH]c2-c2ccnc(Nc3ccccc3)c2)cc1,6.5147104,,7.3870069024960205,7.2990003,6.428746,6.907876562972864
CHEMBL4096980,C=CC(=O)Nc1ccc(OC)c(Nc2cc(-c3[nH]c(SC)nc3-c3ccc4ccccc4c3)ccn2)c1,8.958608,1.0,7.18768386522929,7.4946465,7.672749,7.430216453870138
CHEMBL4105526,C=CC(=O)Nc1ccc(OC)c(Nc2cc(-c3[nH]c(SC)nc3C3CC3)ccn2)c1,8.130768,1.0,7.321396920283635,6.973114,7.6327925,7.477094696561496
CHEMBL4100377,C=CC(=O)Nc1ccc(OC)c(Nc2cc(-c3[nH]c(SC)nc3C3CCC3)ccn2)c1,8.167491,1.0,7.310739835103352,7.114827,7.5119624,7.411351124445597
CHEMBL4082362,C=CC(=O)Nc1ccc(OC)c(Nc2cc(-c3[nH]c(SC)nc3C3CCCC3)ccn2)c1,8.346787,1.0,7.290499822100003,7.1162767,7.5347114,7.4126055915157
CHEMBL4575583,C=CC(=O)Nc1ccc(OC)c(Nc2cc(-c3nc(SC)n(C)c3-c3ccc(F)cc3)ccn2)c1,9.0,1.0,7.015885767936706,7.246378,6.965313,6.990599362850189
CHEMBL4283097,COc1ccc(OC)c(Nc2cc(NCCc3cccs3)ncn2)c1,6.947245,,7.002122653325398,6.235476,7.3479943,7.175058490435282
CHEMBL4293690,COc1ccc(OC)c(Nc2cc(Nc3ccc(N4CCN(C)CC4)cc3)ncn2)c1,6.5406075,,6.725051432847977,6.98856,7.6077533,7.166402354836464
CHEMBL4288262,Clc1ccc(Nc2cc(Nc3cccc(Cl)n3)ncn2)cc1,6.56481,,6.3621588061451915,5.9982657,6.1440115,6.2530851518213755
CHEMBL6151501,COc1cc(N2CCN(C(C)=O)CC2)ccc1Nc1nccc(Nc2ccc(Nc3ccc(S(=O)(=O)F)cc3)cc2)n1,6.818194,,6.609311113556226,6.7996526,6.9569225,6.783116822342078
CHEMBL4637274,C#Cc1cccc(Nc2cccc3cc(OC)c(OCCCCCCC(=O)NO)cc23)c1,8.619789,1.0,6.431430447340014,6.7844653,6.436853,6.434141689658166
CHEMBL5951162,CN(C)C(=O)C(=O)c1ccccc1Nc1cc(Cl)ccc1Cl,7.0852838,1.0,5.273318604230881,4.868611,5.2919993,5.282658972144127
CHEMBL4206501,C=CC(=O)Nc1cc(Nc2ccnc(-c3cn(C)c4ccccc34)n2)c(OC)cc1N(C)CCN(C)C,7.823909,1.0,7.3280892503261565,7.3481364,7.0237255,7.175907379984856
CHEMBL3931038,C=CC(=O)Nc1cccc(Nc2nc(Nc3ccc(-n4ccnc4)cc3)ncc2[N+](=O)[O-])c1,7.0078883,1.0,6.676901722848416,6.617331,7.599472,7.138186884373427
CHEMBL5746124,C=CC(=O)Nc1cccc(Nc2nc(Nc3ccc(C4CCN(C5COC5)CC4)cc3OC)ncc2C(F)(F)F)c1,4.970029,0.0,6.804948362112046,6.6498175,7.832495,7.318721787333489
CHEMBL5747033,C=CC(=O)Nc1cccc(Nc2nc(Nc3ccc(C4CCN(C(C)=O)CC4)cc3OC)ncc2C(F)(F)F)n1,7.2581635,1.0,6.829013379216194,6.6526694,7.845516,7.337264792025089
CHEMBL4870265,CNC(=O)c1ccccc1Nc1nc(Nc2ccc(CN3CCC(C(=O)NO)CC3)cc2)ncc1Cl,6.929962,,7.160268912996564,6.988019,6.9387593,7.049514119965689
CHEMBL6175072,CCc1cc(Nc2ncc(Cl)c(Nc3ccc(C)c(C)c3P(C)(C)=O)n2)c(OC)cc1N1CC2(CCN(C)CC2)C1,9.259637,1.0,9.087897894382477,8.556831,8.00733,8.547613917589189
CHEMBL5900674,C=CC(=O)Nc1cccc(Nc2nc(Nc3ccc(N4CC5CCC(C4)N5C(C)=O)cc3OC)ncc2C(F)(F)F)c1,4.343235,0.0,7.491941023667653,7.509358,7.563195,7.527568126122157
CHEMBL5972461,COc1cc(N2CCC(N3CCCC3)CC2)ccc1Nc1ncc(Cl)c(Nc2ccccc2NS(C)(=O)=O)n1,8.080922,1.0,8.128952846527099,8.235111,8.233829,8.1813906955719
CHEMBL5087931,Cc1cc(Nc2ncc(Cl)c(Nc3ccccc3P(C)(C)=O)n2)cnc1N1CCC(N2CCN(C)CC2)CC1,7.574689,1.0,8.300481847047806,8.25999,8.559055,8.429768587708473
CHEMBL5767529,C=CC(=O)Nc1cccc(Nc2nc(Nc3ccc(N4CCC(N5CCOCC5)CC4)cc3OC)ncc2C(F)(F)F)c1,8.109122,1.0,7.441426078081131,7.411526,7.17741,7.309418101906776
CHEMBL5095068,COc1cc(N2CCC3(CCN(C)CC3)CC2)ccc1Nc1ncc(Cl)c(Nc2ccccc2P(C)(C)=O)n1,7.455932,1.0,8.05020532667637,8.030222,7.8977947,7.974000025093556
CHEMBL3699612,C=CC(=O)Nc1cccc(Nc2nc(Nc3ccc(N4CCCOCC4)cc3OC)ncc2C(F)(F)F)c1,7.69897,1.0,7.630040057897568,7.3663435,8.131033,7.880536500811576
CHEMBL5946057,C=CC(=O)Nc1cccc(Nc2nc(Nc3ccc(N4CCN(C(C)=O)CC4)cc3OC)ncc2C(F)(F)F)n1,7.367461,1.0,7.392025799353917,7.4747868,7.9994335,7.695729658404986
CHEMBL4740234,C=C(Cl)C(=O)Nc1cccc(Nc2nc(Nc3ccc(N4CCN(C(C)=O)CC4)nc3)ncc2Cl)c1,7.5054975,1.0,7.519834915399551,6.972152,7.441019,7.480426986813545
CHEMBL3967836,C=CC(=O)Nc1cccc(Nc2nc(Nc3ccc(NC4CN(C(=O)OC(C)(C)C)C4)cc3OC)ncc2C(F)(F)F)c1,8.30103,1.0,6.798423808832963,6.9488506,7.9190645,7.358744165311257
CHEMBL6025324,C=CC(=O)Nc1cccc(Nc2nc(Nc3ccc(OC4CCC4)nc3)ncc2F)c1,6.2596374,,7.124699001391729,7.0283766,7.24489,7.184794607202212
CHEMBL5950214,C=CC(=O)Nc1cccc(Nc2nc(Nc3ccc(O[C@@H]4CCOC4)c(F)c3)ncc2F)c1,7.2596374,1.0,7.024947868453133,6.767971,6.728184,6.876566045814091
CHEMBL6049268,C=CC(=O)Nc1cccc(Nc2nc(Nc3ccc(OC[C@@H]4C[C@@H](O)CN4)c(F)c3)ncc2F)c1,7.2596374,1.0,7.107208904822667,6.895177,6.984543,7.045875875751177
CHEMBL4858535,CNC(=O)c1ccccc1Nc1nc(Nc2ccc(OCCCN3CCC(C(=O)NO)CC3)cc2)ncc1Cl,7.3471737,1.0,7.3348469691333325,7.118075,7.3662767,7.350561855080582
CHEMBL3953593,C=CC(=O)Nc1cccc(Nc2nc(Nc3ccc(OCCCn4ccnc4)cc3)ncc2[N+](=O)[O-])c1,7.391474,1.0,6.651635814905166,6.7248597,7.4565578,7.054096782803535
CHEMBL3925959,C=CC(=O)Nc1cccc(Nc2nc(Nc3ccc(OCCCn4cnnn4)cc3)ncc2[N+](=O)[O-])c1,6.997402,,6.462378042936325,6.6994524,7.61081,7.0365939229726795
CHEMBL4869024,CN1CCN(CCOc2ccc(Nc3ncc(Cl)c(Nc4ccccc4C(=O)NO)n3)cc2)CC1,8.166216,1.0,8.066454807605062,7.6087394,7.669752,7.868103464288371
CHEMBL3977022,C=CC(=O)Nc1cccc(Nc2nc(Nc3ccc(OCCn4cncn4)cc3)ncc2Cl)c1,6.9854794,,7.356643333435058,7.3753757,7.5490813,7.4528623294830325
CHEMBL5812101,C=CC(=O)Nc1cccc(Nc2nc(Nc3ccc(OCc4ccccn4)c(Cl)c3)ncc2F)c1,5.619224,0.0,6.930143246716924,7.164053,6.859445,6.89479417088959
CHEMBL5895507,C=CC(=O)Nc1cccc(Nc2nc(Nc3ccc(Oc4cccnc4)cc3)ncc2F)c1,6.2596374,,6.989207588354747,6.734638,7.511907,7.250557344516118
CHEMBL2216827,C=CC(=O)Nc1cccc(Nc2nc(Nc3ccc(Oc4ccnc(C(=O)NC)c4)cc3)ncc2F)c1,6.2596374,,6.951709072589875,6.6825204,7.4605365,7.206122776269913
CHEMBL5196024,C=CC(=O)Nc1cccc(Nc2nc(Nc3ccc(SCCCN4CCOCC4)cc3)ncc2Cl)c1,7.5606675,1.0,7.600732841491699,7.345872,7.8484445,7.724588651657104
CHEMBL5821130,C=CC(=O)Nc1cccc(Nc2nc(Nc3ccc4c(cnn4C(=O)OC(C)(C)C)c3)ncc2F)c1,7.2596374,1.0,6.678454270442327,6.9429965,7.881316,7.279885227719943
CHEMBL5973763,C=CC(=O)C1CCOc2ccc(Nc3ncc(F)c(Nc4cccc(Cl)c4)n3)cc21,5.2596374,0.0,6.554102948904037,6.602249,6.712398,6.633250500559807
CHEMBL5966699,C=CC(=O)Nc1cccc(Nc2nc(Nc3cc4c(cc3OC)CN(C(C)=O)CC4)ncc2C(F)(F)F)c1,7.0399384,1.0,7.63027369081974,7.401657,7.4062233,7.51824849396944
CHEMBL5840835,C=CC(=O)N1Cc2ccc(Nc3ncc(F)c(Nc4cccc(C#N)c4)n3)cc2C1,5.619224,0.0,6.965576461831729,6.779945,7.232521,7.0990487594803175
CHEMBL5894042,C=CC(=O)Nc1cccc(Nc2nc(Nc3ccc4c(c3OC)CN(C(C)=O)CC4)ncc2C(F)(F)F)c1,3.8297384,0.0,7.184733724594116,7.101355,7.398059,7.291396307945251
CHEMBL5767790,C=CC(=O)Nc1cccc(Nc2nc(Nc3ccc4c(c3)OCCO4)ncc2F)c1,7.2596374,1.0,7.155162563323975,6.7997813,6.7985353,6.976848955154419
CHEMBL5756092,C=CC(=O)Nc1cccc(Nc2nc(Nc3ccc4c(c3)OCCOCCOCCO4)ncc2F)c1,6.135489,,7.099271756410599,6.8242946,6.7234974,6.911384573578834
CHEMBL5955406,C=CC(=O)Nc1cccc(Nc2nc(Nc3cccc(N4CCN(CCO)CC4)c3)ncc2F)c1,7.2596374,1.0,7.54376763621966,7.590901,6.7800303,7.161898943384488
CHEMBL5752981,C=CC(=O)Nc1cccc(Nc2nc(Nc3cccc(OCCCN4CCOCC4)c3)ncc2F)c1,7.2596374,1.0,7.010494394898415,6.904158,7.466875,7.2386847355961805
CHEMBL5892354,C=CC(=O)Nc1cccc(Nc2nc(Nc3cccc(OCCCn4ccnc4)c3)ncc2F)c1,7.2596374,1.0,7.485231957435608,7.096438,6.671783,7.078507463932038
CHEMBL5886380,C=CC(=O)Nc1cccc(Nc2nc(Nc3cccc4c3CCN(C(C)=O)C4)ncc2C(F)(F)F)c1,3.9478998,0.0,6.914365384578705,7.2578435,8.064267,7.489316271543503
CHEMBL3133821,Oc1cccc(Nc2ccnc3[nH]c4ccccc4c23)c1,6.5686364,,6.816266890366872,7.1569347,8.296641,7.556454120079676
CHEMBL322395,COc1cc(Nc2c(C#N)cnc3cc(-c4ccc(CN5CCOCC5)cc4)ccc23)c(Cl)cc1Cl,5.5228786,0.0,6.363529100020727,6.5013366,6.154821,6.259175009528796
CHEMBL4873767,Oc1cc(Nc2ccnc3cc(-c4ccccc4)ccc23)ccc1Cl,7.0,1.0,6.613566615070615,7.0518675,5.411154,6.012360204202788
CHEMBL219557,COc1cc(Nc2c(C#N)cnc3cc(-c4coc(CN5CCN(C)CC5)c4)c(OC)cc23)c(Cl)cc1Cl,6.6382723,,6.330389082789421,6.6269684,7.096327,6.713357955396175
CHEMBL288441,COc1cc(Nc2c(C#N)cnc3cc(OCCCN4CCN(C)CC4)c(OC)cc23)c(Cl)cc1Cl,6.792321,,6.239400566418966,6.329676,6.1296973,6.184548944632212
CHEMBL95774,C=CC(=O)Nc1cc2c(Nc3ccc(F)c(Cl)c3)c(C#N)cnc2cc1OCCCN1CCOCC1,7.09691,1.0,6.737333683570227,6.8949156,8.027008,7.382170870105426
CHEMBL195029,COc1cc(Nc2c(C#N)cnc3cc4cc(OCCN5CCOCC5)c(OC)cc4cc23)c(Cl)cc1Cl,5.5686364,0.0,6.078009759982427,5.9723263,6.670747,6.374378281633059
CHEMBL132466,COc1cc2cc3ncc(C#N)c(Nc4ccc(F)c(Cl)c4)c3cc2cc1OC,4.7447276,0.0,5.52979952454567,6.365037,5.6165686,5.573184044957161
CHEMBL5416668,N#Cc1c(-c2ccc3ncc(C(N)=O)c(Nc4cccc(Br)c4)c3c2)csc1N,6.309804,,5.781573626995087,5.9096675,7.3852677,6.583420680761337
CHEMBL5753590,N#Cc1cnc2c(Cl)cc(NC(c3ccccn3)c3ccccn3)cc2c1Nc1ccc(F)c(Cl)c1,6.400117,,7.873239933093389,7.5536747,7.920697,7.896968572656314
CHEMBL5907964,Cn1cnc(C(Nc2cc(Cl)c3ncc(C#N)c(Nc4ccc(F)c(Cl)c4)c3c2)c2cccnc2)c1,8.045757,1.0,7.864121701995533,7.613736,7.712994,7.788557900329431
CHEMBL5824101,N#Cc1cnc2c(Cl)cc(NC(c3cccnc3)c3ccccn3)cc2c1Nc1ccc(F)c(Cl)c1,6.7399287,,7.987313371012608,7.604697,7.9961805,7.9917469526877
CHEMBL6049695,Cc1ncccc1[C@H](Nc1cc(Cl)c2ncc(C#N)c(Nc3cccc(Cl)c3F)c2c1)c1cn(C2CCN(C(C)(C)C)CC2)nn1,8.69897,1.0,8.17587263516585,8.121138,8.31659,8.24623147215446
CHEMBL5972469,N#Cc1cnc2c(Cl)cc(NC(c3ccncc3)c3ccccn3)cc2c1Nc1ccc(F)c(Cl)c1,6.4202166,,7.851043483088414,7.472025,8.036082,7.943562875424822
CHEMBL220037,N#Cc1cnc2ccc(NCc3c[nH]cn3)cc2c1Nc1ccc(F)c(Cl)c1,7.5228786,1.0,6.086457030262266,6.434357,5.625866,5.856161483270782
CHEMBL501709,N#Cc1cnc2c(Cl)cc(NCc3cn(C4CCN(C5CCC5)CC4)nn3)cc2c1Nc1ccc(F)c(Cl)c1,4.6575775,0.0,5.348924832344055,5.3745275,7.562885,6.455904819965363
CHEMBL99024,COc1cc2ncc(C#N)c(Nc3ccc(F)c(Cl)c3)c2cc1OCCCN1CCOCC1,5.9829664,0.0,5.639990597367286,6.3353257,5.7380457,5.6890181449055675
CHEMBL261238,CN(c1cccnc1)c1cc2c(Nc3ccc(F)c(Cl)c3)c(C#N)cnc2cn1,2.30103,0.0,6.20354282528162,6.454877,7.4452186,6.824380694180727
CHEMBL3655348,CN(C)C/C=C/C(=O)N1CCc2c(sc3ncc(C#N)c(Nc4ccc(F)c(Cl)c4)c23)C1,8.0,1.0,6.716287808020909,7.717837,7.297409,7.006848432819048
CHEMBL2385970,CN(C)C/C=C/C(=O)Nc1ccc(-c2cncc(C#N)c2Nc2ccc(F)c(Cl)c2)cc1,5.455932,0.0,5.742787481149038,6.140196,6.583081,6.162934124867121
CHEMBL3633141,C=CC(=O)Nc1cc(Nc2cncc(-c3cn(C)c4ccccc34)n2)c(OC)cc1N(C)CCN(C)C,8.022879,1.0,7.103532416820526,6.883557,7.1802826,7.141907504796982
CHEMBL4098444,C=CC(=O)Nc1cc(Nc2n[nH]c3cc(-c4cn(C)c5ccccc45)ccc23)c(OC)cc1N(C)CCN(C)C,8.571334,1.0,7.0807690616448715,6.936249,7.2835965,7.182182788650195
CHEMBL4061043,C=CC(=O)Nc1cc(Nc2n[nH]c3cc(-c4ccc5ccccc5c4)ccc23)c(OC)cc1N(C)CCN(C)C,7.3363204,1.0,7.031690174341202,7.4519753,7.4442987,7.237994459271431
CHEMBL4060039,C=CC(=O)Nc1cc(Nc2n[nH]c3cc(-c4cccc5ccccc45)ccc23)c(OC)cc1N(C)CCN(C)C,8.366531,1.0,6.983731796741486,7.1875925,7.600509,7.2921204817295076
CHEMBL4080424,C=CC(=O)Nc1cc(Nc2n[nH]c3cc(-c4cccnc4)ccc23)c(OC)cc1N(C)CCN(C)C,7.680755,1.0,7.493707850853602,7.4131403,7.929576,7.711641885479292
CHEMBL4079501,C=CC(=O)Nc1cc(Nc2n[nH]c3cc(-c4ccncc4)ccc23)c(OC)cc1N(C)CCN(C)C,8.077451,1.0,7.567243447383245,7.4692364,7.813117,7.69018023733298
CHEMBL4088277,C=CC(=O)Nc1cc(Nc2n[nH]c3cc(-c4cncc5ccccc45)ccc23)c(OC)cc1N(C)CCN(C)C,8.590228,1.0,7.042218845486641,7.5618906,7.621748,7.331983408033848
CHEMBL4089863,C=CC(=O)Nc1cc(Nc2n[nH]c3ccc(-c4ccc5ccccc5c4)cc23)c(OC)cc1N(C)CCN(C)C,8.808092,1.0,6.816645739078521,7.2076125,7.907422,7.362033902406692
CHEMBL4079566,C=CC(=O)Nc1cc(Nc2n[nH]c3ccc(-c4cccc5ccccc45)cc23)c(OC)cc1N(C)CCN(C)C,8.244727,1.0,6.819089648723602,7.057508,7.7160964,7.2675930249691
CHEMBL4097594,C=CC(=O)Nc1cc(Nc2n[nH]c3ccc(-c4ccc(F)cc4)cc23)c(OC)cc1N(C)CCN(C)C,8.69897,1.0,7.6016577625274655,7.6006556,8.365311,7.9834842157363894
CHEMBL6050403,C=CC(=O)Nc1cc(Nc2nc(-c3cn(C)c4ccccc34)c3cc[nH]c3n2)c(OC)cc1N(C)CCN(C)C,8.173394,1.0,7.05823237657547,6.8311095,8.10674,7.58248618721962
CHEMBL5822102,C=CC(=O)Nc1cc(Nc2nc(-c3cccnc3)c3cc[nH]c3n2)c(OC)cc1N(C)CCN(C)C,7.1728635,1.0,6.771220286369323,6.610143,8.183723,7.477471868038178
CHEMBL6001620,C=CC(=O)Nc1cc(Nc2nc(-c3cnc4c(ccn4C)c3)c3cc[nH]c3n2)c(OC)cc1N(C)CCN(C)C,8.204468,1.0,8.172484052181243,7.8868,7.9180274,8.045255726575851
CHEMBL4212884,CN(C)C1CCN(c2ccc(Nc3cc4c(N5CCCC5)nc(Nc5ccccc5)nc4cn3)nc2)CC1,7.2062097,1.0,7.663615410963695,7.61048,8.011814,7.837714764197668
CHEMBL4208673,CN1CCN(c2nc(Nc3ccc(F)cc3)nc3cnc(Nc4ccc(N5CCC(N(C)C)CC5)cn4)cc23)CC1,7.4584208,1.0,7.684064920763174,7.6457314,8.522042,8.103053597619136
CHEMBL4206288,CN1CCN(c2ccc(Nc3cc4c(N5CCOCC5)nc(Nc5ccccc5)nc4cn3)nc2)CC1,7.2740884,1.0,7.083401790559293,7.390323,7.4148245,7.249113138169051
CHEMBL5853655,C=CC(=O)Nc1cc(Nc2nc(N3CCOCC3)c3cc[nH]c3n2)c(OC)cc1N(C)CCN(C)C,7.3467875,1.0,7.270499140421549,7.3890505,6.9191236,7.0948113950093585
CHEMBL5612888,Cc1cc(C)n(-c2nc(Nc3ccc(Br)cc3)nc(N3CCOCC3)n2)n1,7.21467,1.0,6.867591087222099,6.754157,6.8436694,6.855630250871181
CHEMBL1172957,NS(=O)(=O)c1ccc(Nc2nc(N3CCOCC3)nc3[nH]cnc23)cc1,5.0,0.0,6.06603382118543,5.4209394,5.3807206,5.723377218286196
CHEMBL3651854,Cc1cc(Nc2nc(Nc3ccccc3S(=O)(=O)C(C)C)c3c(C)[nH]nc3n2)c(OC(C)C)cc1C1CCN(C)CC1,6.017729,,6.808125666975975,6.894303,7.253198,7.030661906898022
CHEMBL5404639,C=CC(=O)Nc1cccc(Nc2nc(Nc3ccc(N4CCN(C)CC4)cc3)nc3ccc(F)cc23)c1,8.455932,1.0,7.243879810571671,7.6636715,8.218425,7.731152303814888
CHEMBL5408234,C=CC(=O)Nc1cccc(Nc2nc(Nc3ccc(N(C)C)cc3)nc3ccc(Cl)cc23)c1,5.7447276,0.0,5.817313155531883,6.025851,7.043569,6.43044112175703
CHEMBL5570405,C=CC(=O)Nc1cccc(Nc2nc(Nc3cnn(CC)c3)nc3ccc(Cl)cc23)c1,7.6382723,1.0,6.239248589277268,6.2129965,6.661667,6.450457729697227
CHEMBL5198920,C=CC(=O)N1CCC(Oc2nc(Nc3ccc(N(C)CCN(C)C)cc3OC)nc3[nH]ccc23)CC1,8.113735,1.0,7.605713522434234,7.423407,6.352337,6.979025202989578
CHEMBL5940713,C=CC(=O)Nc1cc(Nc2nc(OC3CN(S(C)(=O)=O)C3)c3ccn(CO)c3n2)c(OC)cc1N(C)CCN(C)C,7.6782737,1.0,6.968515529314676,7.3790493,7.1278677,7.048191613992055
CHEMBL27085,Cc1nc(O)c2c(ccc3[nH]c(Nc4c(Cl)cccc4Cl)nc32)c1C,4.0,0.0,4.780825655261676,5.254551,7.477187,6.129006405969461
CHEMBL1950289,O[C@H]1CC[C@H](Nc2ncc3nc(Nc4c(F)cc(F)cc4F)n([C@H]4CCOC4)c3n2)CC1,6.4202166,,6.832690748260135,6.7768316,8.446335,7.639512793563661
CHEMBL2178350,CN1CCN(c2ccc(Nc3ncc4nc(Nc5ccccc5)n(C5CC5)c4n3)cc2)CC1,8.1549015,1.0,7.6269018222093585,7.4480214,7.686857,7.65687952286005
CHEMBL2178352,CN1CCN(c2ccc(Nc3ncc4nc(Nc5ccccc5)n(C5CCCC5)c4n3)cc2)CC1,8.39794,1.0,7.572441806475322,7.442589,7.6416693,7.607055539925893
CHEMBL4797395,CN1CCN(c2ccc(Nc3ncc4nc(Nc5ccc(F)cc5)n([C@H]5CCCN(C(=O)CO)C5)c4n3)cc2)CC1,7.387216,1.0,7.035231732050577,7.1622996,8.286542,7.660886835416157
CHEMBL5183865,CN1CCN(c2ccc(Nc3ncc4nc(Nc5ccc(F)cc5)n(C5CCN(C(=O)CO)CC5)c4n3)cc2)CC1,7.387216,1.0,7.135495448152226,7.1782694,8.291669,7.713582170029483
CHEMBL1910273,Nc1scc2c1c(Nc1ccc(S(N)(=O)=O)cc1)nc1ncnc(N)c12,4.530178,0.0,5.882322425444921,5.150376,5.854162,5.868242320815723
CHEMBL5208349,CCC/C=C/C(=O)Nc1cc(Nc2ncc(-c3cc4ccccc4n3C)c(C)n2)c(OC)cc1N(C)CCN(C)C,4.4075975,0.0,7.1766357529163365,7.2971706,7.7657356,7.47118568956852
CHEMBL534948,Cc1cccc(C)c1Nc1ncc(-c2ccc(OCC3CCCN(C)C3)cc2)n2cncc12,5.5638375,0.0,6.1697123336791995,6.1394267,6.9098434,6.5397778892517096
CHEMBL5266834,C=CC(=O)Nc1cc(Nc2ncc(-c3ccnn3C)c(-c3cn4c5c(cccc35)CCC4)n2)c(OC)cc1N(C)CCN(C)C,7.6382723,1.0,7.537264437675476,7.601665,7.4553375,7.496300981044769
CHEMBL2312654,Cc1cc(-c2cnc(Nc3cc(Cl)cc(Cl)c3)nc2NC2CCC(N(C)C)CC2)on1,6.229148,,6.252700255711873,7.123287,7.4190664,6.835883342425028
CHEMBL5896779,C=CC(=O)N1CC[C@H](Nc2cncc(-c3cnc(Nc4cccc(C)n4)nc3)c2)C1,4.7931743,0.0,5.711803473393122,5.427853,5.6984005,5.705101985414823
CHEMBL5963748,CN(C)C/C=C/C(=O)N1CCC(Nc2cncc(-c3cnc(Nc4cccc(Cl)c4)nc3)n2)CC1,5.218963,0.0,5.161614507436752,5.5777416,6.6968336,5.92922405898571
CHEMBL5807788,C=CC(=O)N1CC(Nc2cncc(-c3cnc(Nc4cccc(C(F)(F)F)c4)nc3)c2)C1,6.607303,,6.353985353589057,6.256392,6.4969664,6.425475857794284
CHEMBL6013340,C=CC(=O)N1CC(Nc2cncc(-c3cnc(Nc4cccc(C)n4)nc3)n2)C1,7.2604275,1.0,6.175440705311605,6.2976727,6.445262,6.310351330286418
CHEMBL5271640,C=CC(=O)Nc1cc(Nc2ncc(-c3ncco3)c(-c3cn4c5c(cccc35)CCC4)n2)c(OC)cc1N(C)CCN(C)C,7.3467875,1.0,7.603270071744919,7.3543124,7.706829,7.655049571394921
CHEMBL5271718,C=CC(=O)Nc1cc(Nc2ncc(-c3nc(C)no3)c(-c3cn4c5c(cccc35)CCC4)n2)c(OC)cc1N(C)CCN(C)C,7.309804,1.0,7.476094586849213,7.5658436,7.1070223,7.291558436155319
CHEMBL5270000,C=CC(=O)Nc1cc(Nc2ncc(-c3nnco3)c(-c3cn4c5c(cccc35)CCC4)n2)c(OC)cc1N(C)CCN(C)C,7.823909,1.0,7.598154011567433,7.056716,7.826899,7.712526531616847
CHEMBL5837449,C=CC(=O)Nc1cccc(Nc2nc(Nc3ccc(OCCOC)cc3)ncc2C2CC2)c1,7.2596374,1.0,6.811199613213539,6.6037254,6.344261,6.577730391323566
CHEMBL370808,COc1ccc(C#CC(C)(C)N)cc1-c1[nH]nc2nc(Nc3ccc(F)cc3F)ncc12,5.2839966,0.0,6.7248842394351955,6.36085,6.3673306,6.546107395291328
CHEMBL5763517,C=CC(=O)Nc1cc(Nc2ncc3ccc(-c4ccn(C)c4)n3n2)c(OC)cc1N(C)CCN(C)C,8.409079,1.0,8.24174774547418,7.994295,8.216531,8.22913927266995
CHEMBL5988665,C=CC(=O)Nc1cc(Nc2ncc3ccc(-c4ccccc4)n3n2)c(OC)cc1N(C)CCN(C)C,8.309895,1.0,8.22288001914819,8.135765,8.040825,8.131852454642456
CHEMBL6023885,C=CC(=O)Nc1cc(Nc2ncc3ccc(-c4cccnc4)n3n2)c(OC)cc1N(C)CCN(C)C,8.252923,1.0,7.553072234590848,7.6787233,8.051592,7.802332053879897
CHEMBL5784655,C=CC(=O)Nc1cc(Nc2ncc3ccc(-c4cnc5c(ccn5C)c4)n3n2)c(OC)cc1N(C)CCN(C)C,8.5,1.0,8.342284657955169,8.441621,8.104212,8.223248232603073
CHEMBL5929000,C=CC(=O)Nc1cc(Nc2ncc3ccc(-c4cnc5ccccc5c4)n3n2)c(OC)cc1N(C)CCN(C)C,8.761439,1.0,8.101214922865232,8.174889,7.6201534,7.860684174994628
CHEMBL5741053,C=CC(=O)Nc1cc(Nc2ncc3ccc(C4CC4)n3n2)c(OC)cc1N(C)CCN(C)C,7.824876,1.0,7.718662723501523,7.4520335,6.6271553,7.172909013728301
CHEMBL5850442,C=CC(=O)Nc1cccc(-c2cccc3cnc(Nc4ccc(OCCO)cc4)nc23)c1,6.5228786,,6.924169954458873,6.4586434,6.301785,6.612977473338445
CHEMBL5825244,C=CC(=O)Nc1cc(Nc2ncc3ccc(C)n3n2)c(OC)cc1N(C)CCN(C)C,7.3873453,1.0,8.01822622358799,7.9019804,6.8018436,7.410034933388233
CHEMBL6009791,C=CC(=O)Nc1cc(Nc2nccc(-c3c(-c4ccc(OCc5ccccn5)c(Cl)c4)n(C)c4ccccc34)n2)c(OOC)cc1N(C)CCN(C)C,6.5228786,,7.095404393076897,6.4040174,7.83989,7.467647198140622
CHEMBL5773016,C=CC(=O)Nc1cc(Nc2nccc(-c3c(-c4ccccc4)n(C)c4ccccc34)n2)c(OC)cc1N(C)CCN(C)C,6.5228786,,6.606114275058111,6.7765822,7.728639,7.167376700441043
CHEMBL1093235,O=[N+]([O-])c1cccc(-c2nc3sccn3c2-c2ccnc(Nc3ccccc3)n2)c1,6.6382723,,6.735471101999283,6.740164,6.491475,6.613473103642464
CHEMBL5747418,C=CC(=O)Nc1cc(Nc2nccc(-c3c(-c4cncc(Cl)c4)n(C)c4ccccc34)n2)c(OC)cc1N(C)CCN(C)C,6.5228786,,6.652180749177933,6.231061,7.5930862,7.122633495926857
CHEMBL5763922,C=CC(=O)Nc1cc(Nc2ncc(Cl)c(-c3cn(C)c4c5c(ccc34)CCC5)n2)c(OC)cc1N(C)CCN(C)C,6.5228786,,7.02643232345581,7.3066673,8.019279,7.522855424880982
CHEMBL5741017,C=CC(=O)Nc1cc(Nc2nccc(-c3cn(C)c4cc(-c5cnn(C)c5)ccc34)n2)c(OC)cc1N(C)CCN(C)C,6.5228786,,7.327061499527522,7.4977913,7.4457564,7.386408967460905
CHEMBL5766497,C=CC(=O)Nc1ccc(OC)c(Nc2ncc(C#N)c(-c3cn(C)c4cc(OCC5CCCN5C)ccc34)n2)c1,6.124939,,6.6200048631429675,6.776708,7.8687987,7.2444017979502675
CHEMBL5854207,C=CC(=O)Nc1ccc(OC)c(Nc2ncc(C#N)c(-c3cn(C)c4cc(OCCC5CCCN5C)ccc34)n2)c1,6.323909,,6.592972353100777,6.738621,7.445085,7.019028700888157
CHEMBL5820070,C=CC(=O)Nc1ccc(OC)c(Nc2ncc(Cl)c(-c3cn(C)c4cc(OCCN5CCN(C)CC5)ccc34)n2)c1,6.5228786,,6.7076878088712695,6.647443,8.163749,7.435718275010586
CHEMBL5853466,C=CC(=O)Nc1cc(Nc2ncc(C(=O)OC(C)C)c(-c3cn(C)c4ncccc34)n2)c(OC)cc1N(C)CCNC,6.5228786,,7.226626002073288,7.198777,6.8648615,7.045743745207787
CHEMBL5558799,C=CC(=O)Nc1ccc(OC)c(Nc2nccc(-c3c[nH]nc3-c3cccc(OC)c3)n2)c1,7.031517,1.0,7.121925891041756,7.0518847,7.5310326,7.326479226648807
CHEMBL5841441,C=CC(=O)Nc1cc(Nc2nccc(-c3cc4c5c(c3)nc(OC)n5CCC4)n2)c(OC)cc1N(C)CCN(C)C,7.60206,1.0,7.158454611301422,7.2709303,7.896864,7.527659274339676
CHEMBL5820008,C=CC(=O)Nc1cc(Nc2ncc(Cl)c(-c3ccn(C)c3)n2)c(OC)cc1N(C)CCN(C)C,7.909078,1.0,7.79026209115982,8.197499,7.5545607,7.67241137623787
CHEMBL322066,COc1cc(Nc2nccc(-c3ccc(N4CCNCC4)nc3)n2)cc(OC)c1OC,5.7685304,0.0,6.733323387702305,6.4746757,6.322026,6.527674581805865
CHEMBL5969872,C=CC(=O)Nc1cc(Nc2nccc(-c3cc(F)c4c(cnn4C)c3)n2)c(OC)cc1N(C)CCN(C)C,7.60206,1.0,7.700832630991936,7.636391,8.133214,7.917023313939572
CHEMBL5854233,COc1cc(N(C)CCN(C)C)c([N+](=O)[O-])cc1Nc1nccc(-c2cc(F)c3c(cnn3C3CCCCO3)c2)n1,7.60206,1.0,7.195234656830628,7.401119,6.7482853,6.971759975204865
CHEMBL5619516,C=CC(=O)Nc1cc(Nc2ncc(F)c(-c3ccc4cc(C(=O)NC)n(C(C)C)c4c3)n2)ccc1N(C)CCN(C)C,7.1191864,1.0,7.248045578797657,7.132982,7.4454393,7.34674245874087
CHEMBL5631083,C=CC(=O)Nc1cc(Nc2nccc(-c3ccc4c(C)nccn34)n2)c(OC)cc1N(C)CCN(C)C,8.2015915,1.0,7.815059817234674,7.9505305,7.953185,7.884122449358304
CHEMBL6035358,C=CC(=O)Nc1cc(Nc2nccc(-c3cc(F)c4nn(C)cc4c3)n2)c(OC)cc1N(C)CCN(C)C,7.60206,1.0,7.6592996698617934,7.561163,7.993605,7.826452403366566
CHEMBL5776775,C=CC(=O)Nc1cc(Nc2nccc(-c3cc(F)c4nc5n(c4c3)C(C)(C)CC5)n2)c(OC)cc1N(C)CCN(C)C,7.60206,1.0,7.5099409995476405,7.640099,7.695471,7.602705904742082
CHEMBL6048356,C=CC(=O)Nc1cc(Nc2nccc(-c3cc(F)c4nc5n(c4c3)CC(C)(C)O5)n2)c(OC)cc1N(C)CCN(C)C,7.60206,1.0,7.572107038696606,7.8329096,7.7953305,7.683718781570593
CHEMBL6029580,C=CC(=O)Nc1cc(Nc2nccc(-c3ccc4nccn4n3)n2)c(OC)cc1N(C)CCN(C)C,7.363499,1.0,7.483432632486026,7.536001,8.103477,7.793454578419526
CHEMBL5974536,C=CC(=O)Nc1cc(Nc2nccc(-c3cc(F)c4nc(C)n(C5CC5)c4c3)n2)c(OC)cc1N(C)CCN(C)C,7.60206,1.0,7.627355170249939,7.168374,7.5436745,7.585514819622039
CHEMBL5784687,C=CC(=O)Nc1cc(Nc2nccc(-c3cc(F)c4nc(C)oc4c3)n2)c(OC)cc1N(C)CCN(C)C,7.60206,1.0,7.518039399385453,7.4706573,7.9750414,7.746540394425392
CHEMBL5910503,C=CC(=O)Nc1cc(Nc2nccc(-c3ccc4ncsc4c3)n2)c(OC)cc1N(C)CCN(C)C,7.60206,1.0,7.6980254749457036,7.9551644,8.046887,7.872456436355908
CHEMBL293991,NCCCn1ccc2c(-c3ccnc(Nc4cccc(OC(F)(F)C(F)F)c4)n3)cccc21,6.275724,,6.259976337055366,6.3881555,7.486286,6.873131250192722
CHEMBL3134612,COc1cc(Nc2nccc(-c3ccc(Cl)cc3)n2)cc(OC)c1OC,5.668573,0.0,5.524809850553672,5.822708,5.2248497,5.374829775740704
CHEMBL5748865,C=CC(=O)Nc1cc(Nc2ncc(Cl)c(-c3cnc4c(ccn4C4CC4)c3)n2)c(OC)cc1N(C)CCN(C)C,8.426936,1.0,8.07931511569023,7.86799,7.4838243,7.781569684386253
CHEMBL5591885,C=CC(=O)Nc1cc(Nc2nccc(-c3csc4ccccc34)n2)c(OC)cc1N(C)CCN(C)C,8.985593,1.0,7.347470809221267,7.470111,8.13225,7.739860320687294
CHEMBL5630498,C=CC(=O)Nc1cc(Nc2nccc(-c3ncn4c(C)cccc34)n2)c(OC)cc1N(C)CCN(C)C,6.8330626,,7.829449400305748,7.9474583,7.8943806,7.861914984881878
CHEMBL6016272,C=CC(=O)N1CCC(Nc2nc(Nc3cccc(OC)c3)ncc2F)C1,7.2596374,1.0,6.141735536598024,6.368245,6.307044,6.224389782916932
CHEMBL5835925,C=CC(=O)N1CCC(Nc2nc(Nc3ccccc3)ncc2F)CC1,5.619224,0.0,6.49728232008219,6.5454097,7.6741157,7.085698988944293
CHEMBL5983473,C=CC(=O)Nc1cccc(Nc2ncc(F)c(Nc3ccc(O[C@H]4CCOC4)cc3)n2)c1,6.7596374,,7.089685792128245,6.836121,7.4550176,7.272351679404577
CHEMBL5898708,C=CC(=O)Nc1cccc(Nc2ncc(C)c(Nc3ccc(Oc4ccccc4)cc3)n2)c1,6.2596374,,7.110809921741486,6.9454865,7.381924,7.246367037057877
CHEMBL5271151,C=CC(=O)Nc1cc(Nc2ncc(Br)c(Nc3ccc4c(c3)CCC4)n2)ccc1N(C)CCN(C)C,8.401773,1.0,6.9804024612903595,7.0679984,7.931599,7.456000800728798
CHEMBL5778795,C=CC(=O)N1Cc2ccc(Nc3nc(Nc4cccc(OC)c4)ncc3C(F)(F)F)cc2C1,7.2596374,1.0,6.510121681451796,6.392045,7.6966267,7.103374172329902
CHEMBL6033285,C=CC(=O)N1CCc2ccc(Nc3nc(Nc4ccc(OCCOC)cc4)ncc3F)cc21,6.2596374,,6.756058682521185,6.69531,6.3601236,6.558091158429782
CHEMBL5289059,C=CC(=O)Nc1cc(Nc2ncc(Br)c(Nc3ccc4cc[nH]c4c3)n2)ccc1N(C)CCN(C)C,7.3797255,1.0,7.180319911241531,7.2413263,7.950972,7.565645995736122
CHEMBL6026402,COc1ccc(OCCNS(C)(=O)=O)cc1Nc1ncc(Cl)c(Nc2ccc3ccccc3c2P(C)(C)=O)n1,7.1700535,1.0,8.3599715487957,7.817948,6.967353,7.6636622079610826
CHEMBL6028388,C=CC(=O)Nc1cccc(Nc2ncc(F)c(Nc3cccc(OCCN4CCOCC4)c3)n2)c1,6.2596374,,7.083565109372139,7.001004,7.1746864,7.129125770628452
CHEMBL4175782,C=CC(=O)Nc1cc(Nc2nccc(Nc3ccccc3-c3ncn(C)n3)n2)c(OC)cc1N(C)CCN(C)C,8.113509,1.0,7.9179310935735705,7.6101184,7.9269223,7.922426707446576
CHEMBL4166609,C=CC(=O)Nc1cc(Nc2nccc(Nc3ccccc3-n3cccn3)n2)c(OC)cc1N(C)CCN(C)C,8.387217,1.0,7.781335266828537,7.419612,8.339629,8.060482220053673
CHEMBL4162767,C=CC(=O)Nc1cc(Nc2nccc(Nc3ccccc3-n3nccn3)n2)c(OC)cc1N(C)CCN(C)C,7.480172,1.0,7.7899058631062505,7.6776524,8.295974,8.042939820438622
CHEMBL1760035,COc1cc(Nc2nccc(Nc3cnc4ccccc4c3)n2)cc(OC)c1OC,6.069051,,5.599514153401057,5.6677933,6.254364,5.926939083536466
CHEMBL5823520,C=CC(=O)Nc1cccc(Nc2ncc(F)c(Oc3ccc(Oc4ccccc4)cc3)n2)c1,5.619224,0.0,7.093549590110779,6.880934,7.24739,7.170469691753388
CHEMBL5897178,C=CC(=O)Nc1cc(Nc2ncnc(-c3c(-c4ccccc4)n(C)c4ccccc34)n2)c(OC)cc1N(C)CCN(C)C,6.5228786,,6.507009140650432,6.8887153,7.24544,6.876224573453268
CHEMBL6029316,C=CC(=O)Nc1cc(Nc2ncnc(-c3c(C4CCOCC4)n(C)c4ccccc34)n2)c(OC)cc1N(C)CCN(C)C,6.5228786,,6.557913430929184,6.642937,6.737104,6.64750868499279
CHEMBL1946846,COc1nc(NCCN2CCOCC2)nc(Nc2ccc(Cl)cc2)n1,5.823909,0.0,6.585253512263298,6.791375,7.402799,6.994026320874691
CHEMBL1348499,COc1ccc(Nc2nc(Cl)nc(NCc3ccco3)n2)cc1,4.679854,0.0,5.389919536709786,5.6342745,7.355647,6.372783311903477
CHEMBL3545360,COc1cc(N2CCC(N3CCN(C)CC3)CC2)ccc1Nc1ncnc(Nc2ccccc2S(=O)(=O)C(C)C)n1,7.0655017,1.0,7.679065782388052,7.4173064,8.539719,8.10939220515887
CHEMBL307209,Clc1cccc(Nc2ncnc3[nH]c(-c4ccccc4)c(-c4ccccc4)c23)c1,7.017729,1.0,7.694573383331299,7.530556,6.968822,7.331697692871094
CHEMBL311129,Cc1c(-c2ccccc2)[nH]c2ncnc(Nc3cccc(Cl)c3)c12,8.0,1.0,7.324335705637932,7.016551,5.4051714,6.364753549993038
CHEMBL484109,Nc1nc(Nc2cccc(Br)c2)c2cc(CCc3ccc4ccccc4c3)[nH]c2n1,5.3279023,0.0,5.604462882876396,5.5312266,5.3932295,5.498846183717251
CHEMBL484108,Nc1nc(Nc2cccc(Br)c2)c2cc(CCc3cccc4ccccc34)[nH]c2n1,5.318759,0.0,5.48704474568367,5.5805635,5.5422726,5.514658656716347
CHEMBL1956887,Nc1nc(Nc2cccc(Br)c2)c2cc(Cc3ccc(-c4ccccc4)cc3)[nH]c2n1,5.210419,0.0,5.561739062666893,5.465104,5.6631093,5.612424182593823
CHEMBL502015,Nc1nc(Nc2cccc(Br)c2)c2cc(Cc3ccc4ccccc4c3)[nH]c2n1,5.9065785,0.0,5.155804585814476,5.1248326,6.4454174,5.80061099499464
CHEMBL308593,Cc1[nH]c2ncnc(Nc3cccc(Cl)c3)c2c1-c1ccccc1,6.6382723,,7.439835944771767,7.132065,5.926581,6.683208425343037
CHEMBL4553708,OCCNc1nc(Nc2cccc(F)c2)c2cn[nH]c2n1,4.1797986,0.0,5.197300590276718,5.510252,6.495213,5.846256811022759
CHEMBL155100,Brc1cccc(Nc2ncnc3c2ccc2[nH]cnc23)c1,6.565431,,7.6793788564205165,7.736187,7.2083473,7.443863088488579
CHEMBL149512,Brc1cccc(Nc2ncnc3c2oc2ccccc23)c1,6.1307683,,7.183669040898482,7.196608,7.4103336,7.297001337160667
CHEMBL153409,Brc1cccc(Nc2ncnc3c2sc2ncccc23)c1,6.135489,,7.424011226296425,7.225753,7.718571,7.57129120618105
CHEMBL346863,Brc1cccc(Nc2ncnc3c2sc2ncsc23)c1,7.39794,1.0,7.488407689730327,7.0891275,7.422221,7.455314436753591
CHEMBL4460381,COc1cc(Nc2ncnc3cc(-c4cccs4)sc23)cc(OC)c1OC,8.60206,1.0,6.947964150905609,7.0293093,6.9349284,6.94144628405571
CHEMBL281543,C=CC(=O)Nc1nc2c(Nc3ccc(F)c(Cl)c3)ncnc2cc1CCCCN1CCOCC1,6.930533,,7.8699405366579676,7.7641263,7.6118,7.740870365222294
CHEMBL126384,Brc1cccc(Nc2ncnc3cc(NCCCCN4CCOCC4)ncc23)c1,8.267606,1.0,8.445003379344941,8.387123,8.234384,8.339693481206893
CHEMBL339416,[O-][N+]1(CCCNc2cc3ncnc(Nc4cccc(Br)c4)c3cn2)CCOCC1,9.130768,1.0,8.355706893205642,8.301441,6.9046693,7.6301880890130995
CHEMBL128987,Brc1cccc(Nc2ncnc3cc(NCCN4CCOCC4)ncc23)c1,7.9692736,1.0,8.43133756160736,8.386339,8.273074,8.352205855846405
CHEMBL3671559,C=CC(=O)Nc1cc2c(Nc3ccc(Br)cc3F)ncnc2cc1OC1CCCN(C(C)=O)C1,6.89279,,7.397882739901543,7.4508166,7.4554863,7.426684518754483
CHEMBL3671558,C=CC(=O)Nc1cc2c(Nc3ccc(Br)cc3F)ncnc2cc1OC1CCN(C(C)=O)C1,7.026872,1.0,7.648720511794091,7.595837,7.7321024,7.690411452949047
CHEMBL3622649,C#Cc1cccc(Nc2ncnc3cc(OC4CCN(C)CC4)c(NC(=O)/C=C/CN(C)C)cc23)c1,8.091515,1.0,7.944410531520842,8.09019,7.7853994,7.864904984235762
CHEMBL5949226,C=CC(=O)N1CCC(Nc2cc3c(Nc4ccc(F)c(Cl)c4)ncnc3cc2O[C@H]2CCOC2)C1,7.283162,1.0,8.251549372076989,8.39685,8.02714,8.139344517886638
CHEMBL5786877,C=CC(=O)N1CCC(Nc2cc3c(Nc4ccc(F)c(Cl)c4)ncnc3cc2O[C@H]2CCOC2)CC1,9.03786,1.0,8.318129824916522,8.576116,8.0188465,8.168488168378671
CHEMBL5942609,C=CC(=O)N1CC(Nc2cc3c(Nc4ccc(F)c(Cl)c4)ncnc3cc2O[C@H]2CCOC2)C1,9.460409,1.0,8.131736113389332,8.390569,8.196681,8.164208568016686
CHEMBL5286007,C=CC(=O)N1CCC(Oc2cc3c(Nc4ccc(Cl)c(Cl)c4F)ncnc3cc2OC2CCOCC2)CC1,8.747147,1.0,9.421091327343667,9.018116,8.568393,8.99474204047237
CHEMBL3622648,C#Cc1cccc(Nc2ncnc3cc(OC4CCOCC4)c(NC(=O)/C=C/CN(C)C)cc23)c1,8.2218485,1.0,7.764941913684209,7.844277,8.075671,7.920306554834047
CHEMBL3671578,C=CC(=O)Nc1cc2c(Nc3ccc(Br)cc3F)ncnc2cc1OCC1=NCCO1,6.90309,,7.245288212490933,7.225301,7.8789864,7.562137285566756
CHEMBL3892310,CN(C)C/C=C/C(=O)Nc1cc2c(Nc3ccc(F)c(Cl)c3)ncnc2cc1OCC1C2COCC21,9.886057,1.0,8.87287561116616,8.637768,8.028908,8.450891693522532
CHEMBL5816376,C=CC(=O)Nc1cc2c(Nc3ccc(F)c(Cl)c3)ncnc2cc1OCC1CC2(CCN(C)CC2)C1,9.0,1.0,8.271409148911637,8.435278,7.9909616,8.131185350288948
CHEMBL3544983,COc1cc2c(Nc3ccc(Cl)c(Cl)c3F)ncnc2cc1OC[C@@H]1C[C@@H]2CN(C)C[C@@H]2C1,9.522879,1.0,7.988633792374815,8.131741,7.011734,7.500183900581939
CHEMBL5949054,C=CC(=O)Nc1cc2c(Nc3ccc(F)c(Cl)c3)ncnc2cc1OCC1CCC2(CCN(C)CC2)O1,9.031517,1.0,8.287765538513662,8.274739,7.960735,8.124250191360712
CHEMBL5281167,C=CC(=O)N1CCC(Oc2cc3c(Nc4ccc(Cl)c(Cl)c4F)ncnc3cc2OCC2CCOC2)CC1,9.258848,1.0,8.675205291244247,8.609032,8.5304,8.602802783714164
CHEMBL3917294,COc1cc2c(Nc3ccc(Cl)c(Cl)c3)ncnc2cc1OCC1CN2CSC[C@H]2CO1,6.2798405,,7.588912227590878,7.603808,6.47791,7.03341113469998
CHEMBL3914599,CCCN1CCCOC(COc2cc3ncnc(Nc4ccc(Cl)c(Cl)c4)c3cc2OC)C1,7.30103,1.0,7.363469470977783,7.754267,7.5797224,7.471595937728882
CHEMBL3944702,COc1cc(Nc2ncnc3cc(OCC4CN(C)CCO4)c(OC)cc23)c(OC)cc1Cl,7.30103,1.0,7.065149414936701,6.937875,6.5578074,6.811478430231412
CHEMBL5806859,C=CC(=O)Nc1cc2c(Nc3ccc(F)c(Cl)c3)ncnc2cc1OCC1COC2(CCN(C)CC2)C1,9.0,1.0,8.232348682940007,8.52938,8.147199,8.189773680001498
CHEMBL5879850,C=CC(=O)Nc1cc2c(Nc3ccc(F)c(Cl)c3)ncnc2cc1OCCC1C2CCC1CN(C)C2,9.09691,1.0,8.598611116585278,8.455261,8.250693,8.424652218906653
CHEMBL5824131,C=CC(=O)Nc1cc2c(Nc3ccc(F)c(Cl)c3)ncnc2cc1OCC[C@@H]1[C@H]2CN(C)C[C@@H]12,9.180456,1.0,8.622401152647678,8.60604,8.164792,8.393596606749863
CHEMBL6008370,C=CC(=O)Nc1cc2c(Nc3ccc(F)c(Cl)c3)ncnc2cc1OCCC1CC12CCN(C)CC2,9.408936,1.0,8.335765108423574,8.36331,8.176404,8.256084553876093
CHEMBL5814374,C=CC(=O)Nc1cc2c(Nc3ccc(F)c(Cl)c3)ncnc2cc1OCCC1CC2(CCN(C)CC2)C1,9.251812,1.0,8.367051267084623,8.395559,8.196942,8.28199679824568
CHEMBL4168235,COc1cc2c(Nc3ccc(C#N)cc3)ncnc2cc1OCCCN1CCC(c2ccccc2)CC1,8.441292,1.0,6.78957014241105,6.8638897,6.147865,6.468717480492025
CHEMBL2448067,COc1cc2c(Nc3ccc(Cl)cc3F)ncnc2cc1OCCCN1CCCC1,7.0,1.0,6.980212155750819,6.7357244,6.656795,6.818503590311323
CHEMBL205776,CN1CCN(CCCOc2cc(OC3CCOCC3)c3c(Nc4ccc(F)c(Cl)c4)ncnc3c2)CC1,7.180456,1.0,6.788702737987041,6.528239,8.511725,7.650214081853628
CHEMBL284326,C=CC(=O)Nc1nc2c(Nc3ccc(F)c(Cl)c3)ncnc2cc1OCCCN1CCN(C)CC1,7.379426,1.0,7.7254642340143524,7.928845,7.4682455,7.596854870150487
CHEMBL4173696,C/C=C/c1ccc(Nc2ncnc3cc(OCCCN4CCOCC4)c(OCCCN4CCOCC4)cc23)cc1,7.6836104,1.0,6.787462444186211,6.8750787,7.172304,6.979883298814297
CHEMBL3917723,COC(=O)CNC(=O)c1ccc(Nc2ncnc3cc(OCCN4CCCCC4)c(OC)cc23)cc1,5.00257,0.0,6.1036555724143975,6.406057,5.773,5.938327667951583
CHEMBL283088,COc1cc2c(Nc3ccc(Cl)cc3F)ncnc2cc1OCCN1CCN(C)CC1,6.69897,,6.7146268011728925,6.6585064,6.0028477,6.358737236340841
CHEMBL5763353,C=CC(=O)N1CC(Nc2cc3c(Nc4ccc(F)c(Cl)c4)ncnc3cc2OCCN2CCOCC2)C1,7.954677,1.0,8.599866259952387,8.500946,8.292091,8.445978814790646
CHEMBL25579,COc1cc2c(Nc3ccc(Cl)cc3F)ncnc2cc1OCCN(C)c1ccncc1,6.5228786,,6.689936674833298,6.7258344,6.4054646,6.547700662016869
CHEMBL3671560,C=CC(=O)Nc1cc2c(Nc3ccc(Br)cc3F)ncnc2cc1OCCNc1nccs1,6.530178,,7.274208976626396,7.545548,7.820704,7.547456479966641
CHEMBL281872,COc1cc2c(Nc3ccc(Br)cc3F)ncnc2cc1OCCn1ccnn1,6.39794,,6.659479984720547,6.848087,6.975509,6.817494575719039
CHEMBL3948661,COc1cc2c(Nc3ccc(Cl)c(Cl)c3)ncnc2cc1OCc1ccc2nc(C(F)(F)F)cc(Cl)c2c1,7.30103,1.0,7.81000237886111,7.384571,7.8557262,7.83286431046327
CHEMBL3671480,C=CC(=O)Nc1cc2c(Nc3ccc(Br)cc3F)ncnc2cc1OCc1ccncc1,7.251812,1.0,7.223123520165683,7.4657817,8.047816,7.635469898357988
CHEMBL4575267,C=CC(=O)Nc1cc2c(Nc3ccc(F)c(Cl)c3)ncnc2cc1OCc1cn(-c2ccccc2)nn1,7.5850267,1.0,8.239363069931665,8.666469,8.464229,8.35179584999879
CHEMBL4521506,C=CC(=O)Nc1cc2c(Nc3ccc(F)c(Cl)c3)ncnc2cc1OCc1cn(CCCN2CCOCC2)nn1,8.39794,1.0,8.3404028570652,8.342059,8.078001,8.209201939702034
CHEMBL3893128,COc1cc2c(Nc3ccc(Cl)c(Cl)c3)ncnc2cc1OCc1c(-c2c(Cl)cccc2Cl)noc1C,7.30103,1.0,7.787514326512812,7.7134376,6.989309,7.38841158029437
CHEMBL3929002,COc1cc2c(Nc3ccc(Cl)c(Cl)c3)ncnc2cc1OCc1csc2ccc(Cl)cc12,7.30103,1.0,7.350170849363009,7.268564,6.8033085,7.076739668150743
CHEMBL3951099,COc1cc2c(Nc3ccc(Cl)c(Cl)c3)ncnc2cc1OCc1nc(-c2ccc(C(C)(C)C)cc2)no1,7.30103,1.0,7.639051332116127,7.169634,7.596528,7.617789692699909
CHEMBL36967,Brc1cccc(Nc2ncnc3cc4[nH]cc(CN5CCOCC5)c4cc23)c1,8.168243,1.0,8.151174729645252,8.550686,7.755709,7.953441950470209
CHEMBL172652,Brc1cccc(Nc2ncnc3cc4[nH]nnc4cc23)c1,8.387217,1.0,8.235156960487366,8.39953,8.568258,8.401707623004913
CHEMBL1198361,Brc1cccc(Nc2ncnc3cc4c(cc23)OCCCO4)c1,7.070581,1.0,7.70169631242752,7.6932225,7.743144,7.722420173883438
CHEMBL2087359,Brc1cccc(Nc2ncnc3cc4c(cc23)OCCCSCCCO4)c1,8.09691,1.0,7.686503341197968,7.6611137,8.281903,7.984203304052353
CHEMBL2087353,Brc1cccc(Nc2ncnc3cc4c(cc23)OCCOCCO4)c1,7.2596374,1.0,7.833663995265961,7.7737784,7.9192266,7.876445320844651
CHEMBL2087356,Brc1cccc(Nc2ncnc3cc4c(cc23)OCCOCOCOCCO4)c1,7.80103,1.0,7.836971358060837,7.7685556,7.4431086,7.640039958357811
CHEMBL2087357,Brc1cccc(Nc2ncnc3cc4c(cc23)OCCSCCO4)c1,8.1549015,1.0,7.835037442445755,7.90076,8.245995,8.040516005158425
CHEMBL2087352,Brc1cccc(Nc2ncnc3cc4c(cc23)Oc2ccccc2O4)c1,6.920819,,7.387083255946636,7.482988,7.124956,7.25601969346404
CHEMBL40130,Brc1cccc(Nc2ncnc3cc4c(ccn4CCN4CCOCC4)cc23)c1,8.113839,1.0,7.626624766985575,7.572883,8.033293,7.829958768685659
CHEMBL39355,Brc1cccc(Nc2ncnc3cc4c(cnn4CCCN4CCOCC4)cc23)c1,7.584513,1.0,7.342403212785721,7.287366,8.573767,7.958084960579872
CHEMBL38199,Brc1cccc(Nc2ncnc3cc4c(cnn4CCN4CCOCC4)cc23)c1,7.5742483,1.0,7.469738552570343,7.5041933,8.083268,7.776503359079361
CHEMBL366580,Brc1cccc(Nc2ncnc3cc4c[nH]nc4cc23)c1,9.468521,1.0,8.150445366303126,8.272963,8.51048,8.330462646683056
CHEMBL63786,Brc1cccc(Nc2ncnc3cc4ccccc4cc23)c1,11.522879,1.0,7.726633940935135,7.6275516,8.226073,7.976353603005409
CHEMBL173498,Brc1cccc(Nc2ncnc3cc4nccnc4cc23)c1,8.769551,1.0,7.971556695699692,7.858895,8.373082,8.1723194283247
CHEMBL177053,Brc1cccc(Nc2ncnc3cc4ncsc4cc23)c1,7.3565474,1.0,7.875602740049362,7.7746177,8.432557,8.154079923033715
CHEMBL3828092,Fc1ccc(Nc2ncnc3ccc(-c4cnn(C5CCNCC5)c4)cc23)cc1Cl,7.4520164,1.0,7.973191573222478,7.8576255,7.1534214,7.563306487600009
CHEMBL157084,CS(=O)(=O)CCNc1nc(-c2ccc3ncnc(Nc4ccc(F)c(Cl)c4)c3c2)cs1,7.455932,1.0,7.75697379565239,7.8728995,7.726984,7.74197890985012
CHEMBL5178922,O=C(CCCCCCN1CC(c2ccc3ncnc(Nc4ccc(Br)cc4F)c3c2)N=N1)NO,7.9871626,1.0,7.305738501083282,7.4489603,8.126592,7.716165091758683
CHEMBL206783,COc1cc2ncnc(Nc3cccc(Cl)c3F)c2cc1CN1CCCC[C@@H]1C(N)=O,8.09691,1.0,7.521013782901423,7.588334,7.3316946,7.426354192933866
CHEMBL204420,COc1cc2ncnc(Nc3cccc(Cl)c3F)c2cc1CN1CCN(C)CC1C(N)=O,7.5228786,1.0,7.575163120051225,7.6908092,8.683032,8.129097577939431
CHEMBL5815729,Fc1ccc(Nc2ncnc3ccc(N[C@@H](c4ccc(Cl)cc4)c4cn(C5CCN(C6COC6)CC5)nn4)cc23)cc1Cl,6.497573,,7.265919729610284,7.5104833,8.041453,7.653686545560758
CHEMBL5918479,Fc1ccc(Nc2ncnc3ccc(N[C@@H](c4ccc(Cl)cc4)c4cn(C5COC5)nn4)cc23)cc1Cl,6.546682,,7.544010778884094,7.5363584,7.164573,7.354291985740264
CHEMBL2425736,Brc1cccc(Nc2ncnc3ccc(NCCCN4CCCCC4)cc23)c1,8.769551,1.0,6.928906838893891,7.300591,8.292625,7.610766133069992
CHEMBL139307,C=CC(=O)N(CCCN1CCOCC1)c1ccc2ncnc(Nc3cccc(Br)c3)c2c1,6.7121983,,7.151856590906778,7.0329885,7.037389,7.094622696240743
CHEMBL2424807,Clc1cccc(Nc2ncnc3ccc(NCc4cccc(Br)n4)cc23)c1,5.387216,0.0,5.789499419927597,6.009848,8.049325,6.919412204623223
CHEMBL137364,Brc1cccc(Nc2ncnc3ccc(N/N=N/CCN4CCOCC4)cc23)c1,7.19382,1.0,7.2499056553840635,7.3374143,8.240121,7.745013271570206
CHEMBL4759112,CN(C)C/C=C/C(=O)Nc1cc2ncnc(Nc3ccc(F)c(Cl)c3)c2cc1O[C@@H]1CCOC1,9.055517,1.0,8.492303521672888,8.143932,7.8559546,8.174129084368548
CHEMBL3347487,CC1(C)[C@H]2CC3OB(COc4ccc5ncnc(Nc6cccc(Cl)c6)c5c4)O[C@@]3(C)[C@@H]1C2,6.69897,,6.941217410067717,6.9651003,7.883225,7.412221187104781
CHEMBL5523580,COc1cc2ncnc(Nc3ccc(F)c(Cl)c3)c2cc1OCCCCCCCCNCc1ccc(-c2cccc(-c3ccccc3)c2C)nc1OC,6.3898726,,7.187002190726145,7.4855804,7.6713233,7.429162745067051
CHEMBL5562495,COc1cc2ncnc(Nc3ccc(F)c(Cl)c3)c2cc1OCCCCCCNCc1ccc(-c2cccc(-c3ccccc3)c2C)nc1OC,6.4758635,,7.187002190726145,7.4855804,7.8216105,7.504306320735386
CHEMBL5562753,COc1cc2ncnc(Nc3ccc(F)c(Cl)c3)c2cc1OCCCCCCNCc1c(OC)cc(OCc2cccc(-c3ccccc3)c2C)cc1OC,6.0830197,,7.059145999091013,7.0411167,7.401545,7.230345523425511
CHEMBL5555620,COc1cc2ncnc(Nc3ccc(F)c(Cl)c3)c2cc1OCCCCCNCc1ccc(-c2cccc(-c3ccccc3)c2C)nc1OC,7.0004344,1.0,7.187002190726145,7.4855804,8.048039,7.617520813533238
CHEMBL5523403,COc1cc2ncnc(Nc3ccc(F)c(Cl)c3)c2cc1OCCCCCNCc1c(OC)cc(OCc2cccc(-c3ccccc3)c2C)cc1OC,6.8309135,,7.059145999091013,7.0411167,7.800832,7.429988896914891
CHEMBL5558842,COc1cc2ncnc(Nc3ccc(F)c(Cl)c3)c2cc1OCCCCNCc1ccc(-c2cccc(-c3ccccc3)c2C)nc1OC,6.466482,,7.1242773001194,7.4855804,7.780226,7.452251765370368
CHEMBL2425093,COc1cc2ncnc(Nc3ccc(F)c(Cl)c3)c2cc1OCCCN1CC2(CCO2)C1,7.4436975,1.0,7.6213596852620435,7.9547663,8.043033,7.832196165720621
CHEMBL2425092,COc1cc2ncnc(Nc3ccc(F)c(Cl)c3)c2cc1OCCCN1CC2(COC2)C1,7.251812,1.0,7.746634325583776,7.8304653,7.7703304,7.758482377330463
CHEMBL2425094,COc1cc2ncnc(Nc3ccc(F)c(Cl)c3)c2cc1OCCCN1CC2(CSC2)C1,7.318759,1.0,7.585278743306796,7.4931593,7.9216986,7.753488656779131
CHEMBL2425086,COc1cc2ncnc(Nc3ccc(F)c(Cl)c3)c2cc1OCCCN1CCC2(COC2)C1,7.823909,1.0,7.748755871057509,7.8304653,8.066069,7.90741226017475
CHEMBL299672,COc1cc2ncnc(Nc3ccc(F)c(Cl)c3)c2cc1OCCCN1CCCC1,7.1487417,1.0,7.372534233331681,7.65956,8.114063,7.743298748135567
CHEMBL4534611,COc1cc2ncnc(Nc3ccc(F)c(Cl)c3)c2cc1OCCCN1CCNCCNCCNCC1,8.180456,1.0,7.944563050071399,7.8578196,8.5168295,8.23069627036651
CHEMBL4858176,COc1cc2ncnc(Nc3ccc(F)c(Cl)c3)c2cc1OCCCN1CC[Se]CC1,4.5968795,0.0,7.667697574595611,8.068004,7.9279127,7.797805143346389
CHEMBL2425088,COc1cc2ncnc(Nc3ccc(F)c(Cl)c3)c2cc1OCCN1CC2(CCO2)C1,6.7212462,,7.502486138542493,7.699183,7.6367292,7.569607689479987
CHEMBL2425087,COc1cc2ncnc(Nc3ccc(F)c(Cl)c3)c2cc1OCCN1CC2(COC2)C1,7.79588,1.0,7.6941404453516,7.563755,7.7699165,7.732028489887714
CHEMBL2425089,COc1cc2ncnc(Nc3ccc(F)c(Cl)c3)c2cc1OCCN1CC2(CSC2)C1,7.2839966,1.0,7.503707802097003,7.2373195,7.7690716,7.636389690538248
CHEMBL57758,COc1cc2ncnc(Nc3ccc(F)c(Cl)c3)c2cc1OCCN1CCCC1,7.0604806,1.0,7.450749496618906,7.5575285,8.046381,7.748565246661504
CHEMBL56142,COc1cc2ncnc(Nc3ccc(F)c(Cl)c3)c2cc1OCCN1CCCCC1,7.008774,1.0,7.363756088415781,7.5575285,7.935774,7.649764968951542
CHEMBL300791,COc1cc2ncnc(Nc3ccc(F)c(Cl)c3)c2cc1OCCN1CCN(C)CC1,8.0,1.0,7.671183525125186,7.583522,8.1555395,7.913361518879732
CHEMBL3975710,O=C(/C=C/c1ccc(OCCOc2ccc3ncnc(Nc4ccc(F)c(Cl)c4)c3c2)cc1)NO,6.0,,7.1695543229579926,7.252228,7.0027065,7.086130425333977
CHEMBL6058480,C=CC(=O)N1CCC(Sc2cc3c(Nc4ccc(F)c(Cl)c4)ncnc3cc2OC)C1,6.600326,,8.336381271123885,8.014544,8.152998,8.24468962085247
CHEMBL6054367,C=CC(=O)N1CCC(Sc2cc3c(Nc4ccc(F)c(Cl)c4)ncnc3cc2OC)CC1,6.8728952,,8.4185389251709,8.111769,8.179718,8.299128471374512
CHEMBL5921524,C=CC(=O)N1CC(Sc2cc3c(Nc4ccc(F)c(Cl)c4)ncnc3cc2OC)C1,8.664877,1.0,8.409183636864027,8.101151,7.7800517,8.094617672542732
CHEMBL153170,Brc1cccc(Nc2ncnc3ccc4[nH]cnc4c23)c1,7.537602,1.0,7.420912560224533,7.465738,8.361098,7.8910054248571395
CHEMBL153525,Brc1cccc(Nc2ncnc3ccc4cc[nH]c4c23)c1,8.906578,1.0,7.374809229373932,7.3433957,8.14313,7.758969765901566
CHEMBL204268,COc1cc(OC2CCOC2)c2c(Nc3ccc(F)c(Cl)c3)ncnc2c1,6.7281585,,6.184230849345526,6.013726,6.490838,6.337534450093905
CHEMBL345294,Brc1cccc(Nc2ncnc3ccsc23)c1,7.958607,1.0,7.302391350865364,7.603714,8.074292,7.688341766893863
CHEMBL1358485,CCN(CC)CC1CCN(c2ncc3ncnc(Nc4ccc(F)c(Cl)c4)c3n2)CC1,8.522879,1.0,7.747458173135917,7.652387,7.948641,7.848049498250088
CHEMBL162719,CN1CCN(c2cc3c(Nc4cccc(Br)c4)ncnc3cn2)CC1,8.19382,1.0,8.080351132154465,8.137332,8.228545,8.154448160529137
CHEMBL258940,CN1CCC(Nc2ncc3ncnc(Nc4ccc(F)c(Cl)c4)c3n2)CC1,8.522879,1.0,7.908942023913067,7.667876,7.2326593,7.570800681908926
CHEMBL166307,CN1CCN(NCCCNc2cc3c(Nc4cccc(Br)c4)ncnc3cn2)CC1,8.408936,1.0,8.92996757388115,8.757233,8.319794,8.624880637526513
CHEMBL162981,Brc1cccc(Nc2ncnc3cnc(NCCCn4ccnc4)cc23)c1,8.769551,1.0,8.98565230846405,8.879339,8.653862,8.819757153987885
CHEMBL162223,Brc1cccc(Nc2ncnc3cnc(NCCc4ccccn4)cc23)c1,8.920818,1.0,8.786573457717896,8.722288,8.736541,8.761557126045227
CHEMBL165508,Brc1cccc(Nc2ncnc3cnc(NCc4cccnc4)cc23)c1,8.823909,1.0,9.010200802087784,8.330628,8.02064,8.515420587658882
CHEMBL5888426,C=CC(=O)N1CCC(Oc2cc3c(Nc4ccc(Cl)cc4Cl)ncnc3cn2)C1,5.7776656,0.0,7.2651699320475265,6.926936,7.229839,7.2475043900807705
CHEMBL5846553,C=CC(=O)N1CCC(Oc2cc3c(Nc4ccc(Cl)cc4Cl)ncnc3cn2)CC1,5.1611967,0.0,7.461064325968425,7.1054196,7.314632,7.387848132451376
CHEMBL5983357,C=CC(=O)N1CC(Oc2cc3c(Nc4ccc(Cl)cc4Cl)ncnc3cn2)C1,5.6382723,0.0,7.450069868961971,7.00501,7.1923304,7.321200114687285
CHEMBL5187375,Cc1nn(-c2ccc(F)cc2)c2c(Nc3ccc(F)c(Cl)c3)ncnc12,6.7447276,,7.305631660223007,7.37382,6.152726,6.729178916811943
CHEMBL511623,Fc1ccc(Nc2ncnc3nc(NCCN4CCOCC4)sc23)cc1Cl,6.0371575,,7.540438517133396,7.5678945,7.08807,7.31425421645244
CHEMBL470012,Fc1ccc(Nc2ncnc3nc(Nc4ccc(CCN5CCOCC5)cc4)sc23)cc1Cl,7.823909,1.0,7.709555466572445,7.5443087,7.6024957,7.656025568445524
CHEMBL470011,Fc1ccc(Nc2ncnc3nc(Nc4ccc(CN5CCCCC5)cc4)sc23)cc1Cl,8.0,1.0,8.167904653549193,7.8569226,7.4342384,7.801071543693542
CHEMBL471058,CCc1nccn1Cc1ccc(Nc2nc3ncnc(Nc4ccc(F)c(Cl)c4)c3s2)cc1,8.2218485,1.0,7.833111626488821,8.488725,7.450398,7.641754797390529
CHEMBL181275,Fc1ccc(Nc2ncnc3nn4ccccc4c23)cc1Cl,6.69897,,7.180833825469017,7.100283,6.594627,6.8877303645014765
CHEMBL3655347,CC(C)N(C)C/C=C/C(=O)N1CCc2c(oc3ncnc(Nc4ccc(F)c(Cl)c4)c23)C1,9.0,1.0,8.076548111836114,7.6858196,7.0490417,7.562794929941495
CHEMBL3639542,CC(C)N(C)C/C=C/C(=O)N1CCc2sc3ncnc(Nc4ccc(Cl)c(Cl)c4)c3c2C1,8.036212,1.0,8.209497006187837,8.292813,7.3108735,7.760185257320603
CHEMBL1645465,C#Cc1cccc(Nc2ncnn3ccc(COC[C@@H]4CNCCO4)c23)c1,6.1739254,,7.456885924855868,7.2461557,7.7410107,7.598948295374711
CHEMBL101253,Clc1ccc(Nc2nnc(Cc3ccncc3)c3ccccc23)cc1,6.339419,,5.459454695979755,5.4026904,6.5599046,6.009679635663828
CHEMBL120069,Cc1cccc(Nc2[nH]cnc3nnc(Nc4cccc(Cl)c4)c2-3)c1,6.8860564,,6.545234323740005,6.8563695,6.4340696,6.4896519786119455
CHEMBL121190,Nc1[nH]cnc2nnc(Nc3cccc(Cl)c3)c1-2,6.79588,,6.4399450604482125,6.4403095,6.018057,6.229000964977525
CHEMBL5270270,COc1cc2ncnc(NCCOc3ccccc3F)c2cc1OC,7.3565474,1.0,7.370814710676671,6.9082527,6.08004,6.725427344352007
CHEMBL5415565,C=CC(=O)Nc1cccc(-c2c(-c3ccccc3)oc3ncnc(NCCOc4ccccc4)c23)c1,6.2175274,,7.0132441428502394,6.921201,7.523181,7.2682125522295635
CHEMBL4087921,c1ccc(OCc2nnc(Cc3nc4ccccc4[nH]3)o2)cc1,4.334419,0.0,6.053728919922016,5.605334,7.2358437,6.6447862891846405
CHEMBL461781,FC(F)(F)c1ccc(-n2cnnc2SCc2nc(COc3c(Cl)cccc3Cl)no2)cc1,5.2006593,0.0,6.213130290826634,5.817184,6.067141,6.140135673443712
CHEMBL4650321,C=CC(=O)N1CCC(c2ccc(C(N)=O)c(-c3ccc(Oc4ccccc4)cc3)n2)CC1,5.229148,0.0,6.897170825799306,6.765947,5.865381,6.381275794903438
CHEMBL47940,Nc1ncnc2c1c(-c1ccc(Oc3ccccc3)cc1)cn2C1CCCC1,5.49485,0.0,6.291675986647606,6.252904,6.305537,6.298606605231762
CHEMBL5789996,C=CC(=O)N1CC[C@@H](n2nc(-c3ccc(Oc4ccccc4)cc3)c3cnccc32)C1,6.2596374,,6.956507871945698,7.086793,7.249477,7.102992390791575
CHEMBL5193128,C=CC(=O)N1CCC([C@@H]2CCNC3C(C(N)=O)C(c4ccc(Oc5ccccc5)cc4)=NN32)CC1,7.6777806,1.0,7.3501493231455495,7.5588207,5.7493362,6.549742782910665
CHEMBL5920179,CCOc1cccc(Oc2ccc(C(O)c3cncc(F)c3Cl)cc2)c1F,6.2596374,,5.877466307606962,5.988458,6.3106394,6.094052844507827
CHEMBL5404368,C=CC(=O)N1CC[C@@H](N2N=C(Nc3ccc(Oc4ccccc4)cc3)c3c[nH]c4ncnc2c34)C1,6.14752,,6.6819134949843075,7.248428,7.29143,6.986671745737393
CHEMBL5280288,COc1cc2c(Nc3ccc(Oc4ccccn4)cc3)ncnc2cc1OCC1CCN(C)CC1,6.14752,,6.827890756845474,6.664548,6.8600535,6.843972148060798
CHEMBL3890526,COc1cc(Nc2ncnc3ccc(-c4ccc(CN5C[C@@H]6[C@@H](CO)[C@@H]6C5)cc4)cc23)ccc1Oc1ccccc1,6.1739254,,7.18415167204539,7.059854,7.997572,7.59086180861791
CHEMBL6035028,CN(C)C/C=C/C(=O)N1CCOc2c1ccc1ncnc(Nc3ccc(Oc4ccccn4)cc3)c21,5.5606675,0.0,6.561544114947319,6.346354,7.078852,6.820198145806789
CHEMBL6147473,C=CC(=O)N1CCN(c2ncc3ncnc(Nc4ccc(Oc5ccccc5)c(C)c4)c3n2)CC1,6.69897,,7.330867054025332,6.927613,7.8559375,7.593402267475923
CHEMBL3977504,CN(C)C/C=C/C(=O)Nc1cc2c(Nc3ccc(Oc4ccccc4)cc3)ncnc2cn1,7.275338,1.0,7.362257663011551,7.818122,7.210534,7.286395879387856
CHEMBL194349,CCOC(=O)c1cn2ncnc(Nc3ccc(Oc4ccccc4)cc3)c2c1CC,6.21467,,6.429743243853252,6.5306697,6.508923,6.469333148797354
CHEMBL6177465,C=CS(=O)(=O)N1CCC[C@@H](Nc2nc(N)nc(Nc3cccc(Oc4ccccc4)c3)n2)C1,6.54089,,6.435101768374443,6.199319,5.850389,6.142745386064052
CHEMBL3699611,C=CC(=O)Nc1cccc(Oc2nc(Nc3ccc(N4CCCOCC4)cc3OC)ncc2Cl)c1,7.723362,1.0,7.825056867599487,7.373205,7.7504334,7.787745156288147
CHEMBL3663927,C=CC(=O)Nc1cccc(Oc2nc(Nc3ccc(OC)c(N4CCN(C)CC4)c3)c(C(N)=O)nc2CC)c1,8.887345,1.0,8.708355107704797,8.613539,6.755245,7.731800158222516
CHEMBL3663930,C=CC(=O)Nc1cccc(Oc2nc(Nc3cnn(C4CCN(C)CC4)c3)c(C(N)=O)nc2C(C)C)c1,8.792513,1.0,8.019153206745782,7.8686852,7.4500036,7.734578415354092
CHEMBL3786453,C=CC(=O)Nc1cccc(Oc2nc(Nc3ccn(C)n3)nc3[nH]ccc23)c1,7.5686364,1.0,6.725386392156282,6.502949,6.671227,6.6983066852291415
CHEMBL4465231,CNc1cncc(-c2c[nH]c3nc(Nc4ccc(N5CCN(C(C)=O)CC5)cc4)nc(Oc4ccccc4)c23)n1,5.9796386,0.0,6.839987758398056,6.9700556,8.003921,7.421954156756401
CHEMBL3786343,C=CC(=O)Nc1cccc(Oc2nc(Nc3ccc(N4CCN(C)CC4)cc3)nc3ccsc23)c1,8.0,1.0,7.9247074687480925,7.955984,7.6159863,7.770346907973289
CHEMBL4464404,C=CC(=O)Nc1cccc(Oc2nc(Nc3ccc(N4CCOCC4)cc3)nc3[nH]cc(-c4ccncc4)c23)c1,8.638272,1.0,7.492471842765808,6.971224,7.954833,7.723652436733246
CHEMBL3786962,C=CC(=O)Nc1cccc(Oc2nc(Nc3cnn(C)c3)nc3[nH]ccc23)c1,7.8860564,1.0,6.679541307965914,6.619425,6.6839266,6.681733945151169
CHEMBL5802555,C=CC(=O)N1CCC(Nc2cncc(-c3cnc(Oc4cccc(Cl)c4)nc3)c2)CC1,6.3279023,,6.011219932436943,5.675657,5.7901,5.900660015046597
CHEMBL3604931,C=CC(=O)Nc1cccc(Oc2nccc(Nc3cc(C)[nH]n3)n2)c1,5.8952427,0.0,6.366269898811977,6.227825,6.281557,6.32391349097093
CHEMBL76116,Cc1[nH]c2ncnc(Oc3cccc(Cl)c3)c2c1C,5.60206,0.0,6.533890834649403,6.282508,6.4345527,6.484221752087275
CHEMBL5532112,Cc1cc(Oc2ncnc3sc4c(c23)CCCCC4)ccc1Cl,7.552842,1.0,6.44094522734483,6.3068047,5.781628,6.111286679605643
CHEMBL4238771,Clc1ccc(SCc2n[nH]c(-c3ccc(Cl)cc3)n2)cc1,4.3419886,0.0,5.7204182395339,5.3353753,5.3237963,5.5221072559058655
CHEMBL5271568,COc1cc2c(Nc3ccc(Sc4ccccc4)cc3)ncnc2cc1OCC1CCN(C)CC1,6.8477116,,6.931346067587535,7.134995,7.9330235,7.432184760173162
CHEMBL290106,Oc1c(Cl)cc(Cl)cc1Sc1cc(Cl)cc(Cl)c1O,6.2118316,,5.4234730650981255,5.166453,5.802889,5.613180967668692
CHEMBL4647325,Nc1nc(Nc2nnc3c4ccccc4nc(Sc4ccc(Br)cc4)n23)cs1,6.161151,,5.8508075116078055,5.6644073,7.109719,6.4802631555994346
CHEMBL290389,COc1cc(/C=C(\C#N)C(N)=O)cc(Sc2nc3ccccc3s2)c1O,6.455932,,5.044785846471786,5.1824126,5.505418,5.275101835131645
CHEMBL4226676,CN(C)C1CCN(c2ccc(Nc3ncc4nc(Sc5ccccc5)n(C5CCOCC5)c4n3)cc2)CC1,6.9829664,,7.06186759253343,6.998496,7.826389,7.444128214220206
CHEMBL4225565,CN1CCN(c2ccc(Nc3ncc4nc(Sc5ccccc5)n([C@H]5CC[C@H](O)CC5)c4n3)cc2)CC1,6.276544,,7.363191094716391,7.3175654,7.621961,7.492576105753582
CHEMBL4226151,CN1CCN(c2ccc(Nc3ncc4nc(Sc5ccccc5)n(C5CCOCC5)c4n3)cc2)CC1,6.049635,,6.948616474469503,7.1779604,8.047958,7.49828742424647
CHEMBL135902,COc1cc2ncnc(Sc3cccc(Cl)c3)c2cc1OC,8.0,1.0,7.228225681543349,6.8544264,6.2248316,6.726528631329536
CHEMBL5281945,COc1cc2c(Nc3ccc([S+]([O-])c4ccccc4)cc3)ncnc2cc1OCC1CCN(C)CC1,6.1681304,,6.831765486200651,7.0356164,5.520084,6.175924695233505
CHEMBL4780058,Cn1c(-c2csc(NN=C3CCCC3)n2)nc2ccccc21,6.959754,,6.3806734371185305,6.374858,5.486835,5.933754220008851
CHEMBL4747759,Cn1c(-c2csc(NN=C3CCCCC3)n2)nc2ccccc21,6.5545826,,6.445978243350982,6.374858,5.6560187,6.050998488664627
CHEMBL1241674,CC(C)n1nc(-c2cc3cc(O)ccc3[nH]2)c2c(N)ncnc21,5.3565474,0.0,6.3119535317023585,6.7659135,5.0394983,5.675725930432478
CHEMBL1762110,CC(=O)NC[C@H]1CC[C@H](c2nc(-c3cc4ccccc4[nH]3)c3c(N)nccn32)CC1,5.446117,0.0,7.153380621870359,7.1208234,7.0688195,7.111100072364012
CHEMBL5195321,CC(C)(C)n1cc(-c2cncc3ccccc23)c2c(N)ncnc21,5.7896814,0.0,6.061832733492056,5.7986403,5.6571813,5.859506998231014
CHEMBL4294211,C=C=CC(=O)Nc1cc(Nc2nccc(-c3cn(C)c4ccccc34)n2)c(OC)cc1N1CCC(N2CCOCC2)CC1,8.610202,1.0,8.551519144773483,8.354574,8.312644,8.43208157479763
CHEMBL6172339,[2H]C([2H])([2H])n1cc(-c2ccnc(Nc3cc(NC(=O)C=C)c(N4CCN(C5CCCCC5)CC4)cc3OC)n2)c2ccccc21,6.731642,,7.149627870718637,7.29336,6.5448008,6.847214314540227
CHEMBL4463766,C=CC(=O)Nc1cc(Nc2nccc(-c3cn(C)c4ccccc34)n2)c(OC)cc1N1CCSCC1,7.1480966,1.0,7.479439998865128,7.1768045,6.631193,7.055316579937935
CHEMBL4460261,C=CC(=O)Nc1cc(Nc2nccc(-c3cn(C)c4ccccc34)n2)c(OC)cc1N1CC[S+]([O-])CC1,7.1560125,1.0,7.587183873653412,7.112196,6.9232655,7.255224665403366
CHEMBL6145124,[2H]C([2H])([2H])n1cc(-c2ccnc(Nc3cc(NC(=O)C=C)c(NC4CC(F)(F)C4)cc3OC)n2)c2ccccc21,6.485054,,7.410261762619018,7.488345,6.1837525,6.79700714969635
CHEMBL5867445,C=CC(=O)Nc1cc(Nc2ncc(C(=O)OC(C)C)c(-c3coc4ccccc34)n2)c(OC)cc1N(C)C[C@H]1CCCN1C,6.5228786,,7.268023507515591,7.2464485,6.790642,7.029332646091779
CHEMBL4288246,C=C=CC(=O)Nc1cc(Nc2nccc(-c3cn(C)c4ccccc34)n2)c(OC)cc1N(C)CCN1CCOCC1,8.148785,1.0,8.168050515651704,7.8107986,8.305583,8.236816757917405
CHEMBL4293145,C=C=CC(=O)Nc1cc(Nc2nccc(-c3cn(C)c4ccccc34)n2)c(OC)cc1O[C@H]1CCOC1,8.345505,1.0,8.25862951040268,7.998229,7.1521006,7.705365036725998
CHEMBL4282543,C=C=CC(=O)Nc1cc(Nc2nccc(-c3cn(C)c4ccccc34)n2)c(OC)cc1OCCN1CCN(C)CC1,8.627462,1.0,8.43248649597168,8.175517,8.2253,8.32889316558838
CHEMBL4287401,C=C=CC(=O)Nc1cc(Nc2nccc(-c3cn(C)c4ccccc34)n2)c(OC)cc1OCCN1CCOCC1,8.336014,1.0,8.283848997354507,7.8761015,8.131238,8.20754349052906
CHEMBL2426284,C=CC(=O)N1CCc2cc(OC)c(Nc3ncc(Cl)c(-c4c[nH]c5ccccc45)n3)cc21,5.615311,0.0,7.029559311628342,6.896097,6.5556116,6.79258546102047
CHEMBL5420997,C=CC(=O)Nc1cc(-c2cn(C)c3ccccc23)ccn1,5.0457573,0.0,6.93001111626625,7.0445323,7.0020094,6.966010254025459
CHEMBL5400930,C=CC(=O)Nc1cc(-c2cn(C)c3ccccc23)ncn1,6.41145,,7.298294077038765,7.163555,7.0738287,7.186061387121677
CHEMBL474524,COc1cc2ncnc(-c3c[nH]c4cc(F)c(Cl)cc34)c2cc1OCCCN1CCOCC1,6.4775558,,6.8183713989655175,6.736383,6.9552,6.886785797139009
CHEMBL4094959,C=CC(=O)N1CCC[C@@H](n2nc(-c3cn(C)c4ccccc34)c3c(N)ncnc32)C1,8.522879,1.0,7.216368465608075,7.144676,6.980857,7.098612680527426
CHEMBL5412768,COc1cc2ncnc(N[C@H](C)c3cccc4ccccc34)c2cc1OC,6.236572,,7.478877326647441,7.433407,8.26007,7.869473586877188
CHEMBL4066118,c1ccc2c(Cc3nnc(Cc4nc5ccccc5[nH]4)o3)cccc2c1,5.2441254,0.0,4.856192014217377,4.839398,6.517915,5.6870533931255345
CHEMBL3133894,C=CC(=O)Nc1ccc2ncnc(NC3CCCCC3)c2c1,5.5106816,0.0,7.143030494093895,7.1674643,7.245928,7.194479152381421
CHEMBL3942999,CCC(=O)Nc1cc2c(Nc3ccc(Cc4ccncc4)cc3)ncnc2cc1OC,6.411168,,6.681640210747719,7.055245,6.755465,6.718552620708943
CHEMBL5272200,COc1cc2ncnc(Nc3ccc(O[C@H]4CO[C@H]5[C@@H]4OC[C@@H]5O)c(Cl)c3)c2cc1OC,8.275724,1.0,6.805699978513377,7.2099648,6.921579,6.863639431319067
CHEMBL3916644,CCC(=O)Nc1cc2c(Nc3ccc(Oc4ccc5c(c4)OCO5)cc3)ncnc2cc1OC,6.293282,,6.469665971636772,6.620819,7.0684624,6.769064171731472
CHEMBL5567125,CCOc1cc2ncc(C#N)c(Nc3ccc(Oc4ccn5ncnc5c4)c(C)c3)c2cc1NC(=O)/C=C/CN(C)C,8.152428,1.0,7.558618840456009,7.0230412,7.8633695,7.710994152665139
CHEMBL5199612,Nc1ccc2ncnc(Nc3ccc4cc[nH]c4c3)c2c1,6.735891,,7.871385254859924,7.604631,7.257313,7.564349014759063
CHEMBL6161589,COc1cc2ncnc(Nc3ccc4scnc4c3)c2cc1OC,7.4436975,1.0,7.262674128015837,7.2714977,7.1012163,7.181945222119491
CHEMBL3759096,Cn1nccc1-c1nc(Nc2n[nH]c3ccccc23)c2c(n1)C(C)(C)OC2,5.5228786,0.0,5.927374780774118,6.018863,5.9384327,5.9329037371277815
CHEMBL5199341,Nc1ccc2ncnc(Nc3cccc4ccccc34)c2c1,8.79588,1.0,6.772863414287567,7.1268682,7.639621,7.206242097616196
CHEMBL329867,COc1cc2ncnc(Nc3cncc4ccccc34)c2cc1OC,8.19382,1.0,7.235064631899197,7.4096146,7.7237396,7.479402127961317
CHEMBL330323,COc1cc2ncnc(Nc3nccc4ccccc34)c2cc1OC,6.69897,,7.010622551739215,7.1665325,7.7059174,7.358269955068826
CHEMBL3297891,Cc1nc(Nc2cccc3ccccc23)c2cc(C)oc2n1,6.838033,,7.058083750009537,7.147494,5.7941837,6.426133740544319
CHEMBL4088617,Nc1nc(N)c2c(n1)[nH]c1cccc(Sc3cccc4ccccc34)c12,3.776504,0.0,5.289238283634186,5.246889,5.613843,5.451540623903274
CHEMBL4868123,COCCOc1cc2ncnc(Sc3nc[nH]n3)c2cc1OCCOC,5.283162,0.0,6.524338422417641,6.4548073,5.862385,6.193361609280109
CHEMBL5839813,COc1ccc2c(c1)CC(N(C)c1nc(C)nc3oc(C)cc13)N2,6.9871626,,7.037060962915421,6.6335635,5.896377,6.4667190247774125
CHEMBL477197,Oc1cc2c(cc1O)[C@@H]1c3ccc(O)c(O)c3OC[C@]1(O)C2,5.468521,0.0,5.1796117707093545,5.4317946,5.5939984,5.386805101434389
CHEMBL94019,COc1cc2ncnc(NC3CCc4ccccc43)c2cc1OC,6.0409584,,7.253353299180666,7.1991343,7.6304383,7.441895813484987
CHEMBL3403517,COc1ccc2c(c1)CCCN2c1nc(C)nc2oc(C)cc12,8.468521,1.0,7.1597364372014995,7.4818306,7.1910634,7.175399920642375
CHEMBL3809489,Nc1nc(Nc2ccc3c(c2)CC[C@@H](N2CCCC2)CC3)nn1-c1cc2c(nn1)-c1ccccc1CCC2,5.4089355,0.0,6.793142336010933,6.94258,6.601275,6.697208651602269
CHEMBL5425121,c1ccc2c(c1)CCN2c1ncnc2cc3c(cc12)NCN3CCN1CCCC1,7.49485,1.0,6.7447611806392676,6.964636,7.672209,7.208484983325005
CHEMBL3403515,COc1ccc2c(c1)CCN2c1nc(C)nc2oc(C)cc12,6.9863205,,7.094442197680474,7.4749618,6.0448356,6.5696388825774195
CHEMBL491677,COc1cc2ncnc(Nc3ccc(N4Cc5ccccc5C4)cc3)c2cc1OC,5.79588,0.0,6.85663321741422,7.144643,7.565762,7.211197630206744
CHEMBL5631207,Cc1cc(N2Cc3ccccc3C2)nc2ccc(Cl)cc12,7.5029073,1.0,6.1987003153562545,5.974374,5.7154617,5.957081023156643
CHEMBL414013,COc1cc2c(cc1OC)Nc1ncnc(O)c1C2,4.124939,0.0,6.740965755045414,6.6551213,5.129339,5.935152486592531
CHEMBL71,CN(C)CCCN1c2ccccc2Sc2ccc(Cl)cc21,4.539583,0.0,5.420480913519859,5.35131,6.205896,5.813188407123089
CHEMBL479,CSc1ccc2c(c1)N(CCC1CCCCN1C)c1ccccc1S2,5.53062,0.0,5.939543371597926,5.7715845,6.42263,6.181086602409681
CHEMBL726,OCCN1CCN(CCCN2c3ccccc3Sc3ccc(C(F)(F)F)cc32)CC1,4.39678,0.0,5.99372062087059,5.4766374,6.8479996,6.420860096812248
CHEMBL4649833,CCN1CCN(CCCNc2ccc(Oc3nc4ccccc4c4nncn34)cc2)CC1,5.0218196,0.0,6.649882557392121,6.7073464,8.004222,7.327052236795426
CHEMBL5567680,COc1cc(C2NCCc3c2[nH]c2ccccc32)ccc1OCc1ccc(B2OC(C)(C)C(C)(C)O2)cc1,4.066766,0.0,4.375799334645271,4.603512,4.6412926,4.508545953333378
CHEMBL6172228,C=CC(=O)C1CCC[C@@H](n2nc(-c3ccc4ccccc4c3)c3c(N)ncnc32)C1,7.4256988,1.0,6.644525267078247,6.7031794,7.3318024,6.988163817621155
CHEMBL5815244,COc1cc(N2CCC(N3CCN(C)CC3)CC2)ccc1Nc1ncc(Cl)c(Nc2ccc3ccccc3c2P(C)(C)=O)n1,8.595166,1.0,8.150726704120636,8.483334,8.6479,8.399313165903092
CHEMBL5947282,COc1cc(N2CCC3(CC2)CN(C)C3)c(C)cc1Nc1ncc(C2CC2)c(Nc2ccc3ccccc3c2P(C)(C)=O)n1,8.747147,1.0,9.447439930438996,8.839527,7.9631414,8.705290685892106
CHEMBL4746488,COc1cccc2cc(N(C)c3nc(C)nc4ccccc34)ccc12,7.9746943,1.0,8.559950969219209,7.7258673,6.1201806,7.340065788030625
CHEMBL91428,COc1cc2ncnc(Nc3cc4ccccc4cn3)c2cc1OC,6.180456,,6.9088474372029305,6.456091,6.8255515,6.867199473530054
CHEMBL4060383,Nc1nc(N)c2c(n1)[nH]c1cccc(Sc3ccc4ccccc4c3)c12,4.69897,0.0,4.971659104824067,5.0146947,5.502633,5.237146099805832
CHEMBL26001,O=P(O)(O)C(O)c1ccc2ccccc2c1,3.650515,0.0,5.274769618709882,5.4159927,6.1955357,5.735152639249961
CHEMBL104466,COc1cc2ncc(N[C@H]3CC[C@H](O)CC3)nc2cc1OC,5.4317985,0.0,6.255397289380431,6.448713,5.67478,5.965088590674102
CHEMBL330668,COc1cc2ncnc(Nc3cnc4ccccc4n3)c2cc1OC,6.1079054,,6.618668322861194,6.394688,7.0423474,6.830507877022027
CHEMBL90541,COc1cc2ncnc(Nc3nnc4ccccc4n3)c2cc1OC,6.086186,,6.313119517485301,6.536986,7.1054807,6.709300094207128
CHEMBL5743902,C=CC(=O)Nc1cc(Nc2ncc3ccc(-c4cnc5ccccc5c4)n3n2)c(OC)cc1N1CCC(N(C)C)CC1,7.989405,1.0,7.732298071781795,7.7918324,7.802557,7.767427531679472
CHEMBL87084,Oc1cc2cc(-c3ccncc3)cnc2cc1O,5.30103,0.0,6.23278798375527,6.715298,4.9021864,5.567487188746531
CHEMBL1242755,Nc1ncnc2c1c(-c1cnc3ccccc3c1)nn2C1CCCC1,6.2676063,,6.126285799344381,6.235606,6.962596,6.544440869490305
CHEMBL1760057,c1ccc2ncc(Nc3ccnc(Nc4ccc(OCCCN5CCCCC5)cc4)n3)cc2c1,5.6401644,0.0,6.146387658502286,6.0976114,6.9825735,6.5644805838592974
CHEMBL86754,Oc1c(I)cc(I)c2cccnc12,5.723768,0.0,6.080612433922368,6.5566497,5.642225,5.86141861129407
CHEMBL590109,NCCn1cc(-c2cc(-c3cc4ccccc4s3)c3[nH]ncc3c2)c2nc(N)ncc21,6.026872,,6.603925331433613,6.998784,8.438096,7.521010688940684
CHEMBL474543,Clc1ccc2c(Nc3ccc(-c4nc5ccccc5s4)cc3)ccnc2c1,5.275724,0.0,6.467323502391577,6.2397823,5.6555576,6.0614405674189324
CHEMBL464210,CNC(=O)c1cc(Nc2ccc(-c3nc4ccccc4s3)cc2)ccn1,5.69897,0.0,6.693304141759873,6.412342,6.390662,6.541983167529106
CHEMBL1241684,CC(C)n1nc(-c2cc3cc(C=O)ccc3s2)c2c(N)ncnc21,4.0,0.0,5.607590003649395,5.6002226,6.2104053,5.90899767669042
CHEMBL5624580,C=CC(=O)Nc1cc(Nc2nccc(-c3cnc4c(C)cccn34)n2)c(OC)cc1N(C)C1CCCN(C)C1,7.9169984,1.0,7.8037926407257725,8.312957,7.4925427,7.648167692204317
CHEMBL5630714,C=CC(=O)Nc1cc(Nc2nccc(-c3cnc4c(C)cccn34)n2)c(OC)cc1N(C)CCN1CCOCC1,7.7361336,1.0,7.87029561817646,8.0238285,7.4084625,7.639379071295261
CHEMBL4584630,C=CC(=O)N1CCC[C@@H](n2nc(-c3cn(Cc4nc5ccc(Cl)cn5c4Br)nn3)c3c(N)ncnc32)C1,7.026774,1.0,6.985076362391314,7.425056,7.6430564,7.314066377530496
CHEMBL3353405,C=CC(=O)Nc1cc(Nc2ncc(Cl)c(-c3cnn4ccccc34)n2)c(OC)cc1N1CC(N(C)C)C1,5.39794,0.0,5.935585338493189,6.0193257,5.522085,5.728835264156262
CHEMBL5976731,C=CC(=O)Nc1cc(Nc2ncc(Cl)c(-c3cnn4ccccc34)n2)c(OC)cc1N(C)CCN1CCN(C)CC1,6.124939,,6.348823283890884,6.256243,6.559161,6.453992235054573
CHEMBL5907594,C=CC(=O)Nc1cc(Nc2ncc(Cl)c(-c3cnn4ccccc34)n2)c(OC)cc1N(C)CCN1CCOCC1,6.124939,,6.327250071744125,6.2489266,6.3118334,6.319541726698478
CHEMBL5870314,C=CC(=O)Nc1cc(Nc2ncc(Cl)c(-c3cnn4ccccc34)n2)c(OC)cc1OCCN1CCCC1,6.323909,,6.574199577768644,6.273477,6.11617,6.345184753636519
CHEMBL5270419,COc1cc2ncnc(Nc3ccc(OCCn4ccnc4[N+](=O)[O-])c(Cl)c3)c2cc1OCCCN1CCOCC1,6.920819,,8.570990222970646,8.376728,7.693969,8.132479497929415
CHEMBL298810,N#CC(C#N)=Cc1cc[nH]n1,2.8297384,0.0,3.6163878506422042,4.0054193,3.6125984,3.6144931349158287
CHEMBL4520286,CNc1cncc(-c2c[nH]c3nc(Nc4ccc(N5CCN(C(C)=O)CC5)cc4)nc(OC4CCCCC4)c23)n1,6.184422,,6.816870005130768,6.944959,7.973772,7.395321027040481
CHEMBL4463563,C=CC(=O)N1CCC(Oc2nc(Nc3ccc(N4CCN(C(C)=O)CC4)cc3)nc3[nH]cc(-c4cncc(NC)n4)c23)CC1,6.0443125,,7.250538378953934,7.199522,7.894976,7.572757259011269
CHEMBL4562744,CNc1cncc(-c2c[nH]c3nc(Nc4ccc(N5CCN(C(C)=O)CC5)cc4)nc(OC4CCOCC4)c23)n1,6.02826,,6.860021961927414,6.8842554,7.915825,7.387923426032066
CHEMBL4458344,C=CC(=O)N1CCC[C@@H](Oc2nc(Nc3ccc(N4CCOCC4)cc3)nc3[nH]cc(-c4cncc(NC)n4)c23)C1,6.860121,,7.232982555627823,6.931108,7.5823874,7.4076850014925
CHEMBL4443805,C=CC(=O)N1CCC(Oc2nc(Nc3ccc(N4CCOCC4)cc3)nc3[nH]cc(-c4cncc(NC)n4)c23)CC1,5.900665,0.0,7.57910826921463,7.3036804,8.254968,7.917037979364395
CHEMBL248321,NC1CCN(Cc2ccn3ncnc(Nc4ccc(OCc5cnccn5)c(Cl)c4)c23)CC1,7.49485,1.0,7.117869820021448,7.362158,7.3673825,7.242626173209576
CHEMBL6147822,Cc1ccc2cccc(Oc3ccc(Nc4ncnc5ccc(NC6CCCC6)cc45)cc3C)c2n1,6.809668,,7.125687662402788,7.059137,8.090348,7.608017953058083
CHEMBL1242209,Cc1ccc2ccc(-c3nn(C(C)C)c4ncnc(N)c34)cc2n1,4.7447276,0.0,5.029875333309174,5.2357335,6.38038,5.70512774348259
CHEMBL1241774,CC(C)n1nc(-c2ccc3nccnc3c2)c2c(N)ncnc21,4.7447276,0.0,4.777529660463333,5.154244,6.6423235,5.709926577210426
CHEMBL1241681,Nc1ncnc2c1c(-c1ccc3ncccc3c1)nn2C1CCCC1,5.6777806,0.0,6.076000657856464,5.99575,6.9538865,6.514943583399058
CHEMBL5275574,CN1CCN(c2ccc(Nc3ncc(Br)c(Nc4ccc5ncccc5c4)n3)cc2)CC1,5.1079054,0.0,6.993176227509975,7.146567,7.46062,7.226898076981306
CHEMBL3828079,Cn1cc(-c2ccc3ncnc(Nc4ccc5ncccc5c4)c3c2)cn1,7.161069,1.0,7.203232106452897,7.304644,6.547531,6.875381617191293
CHEMBL3827349,c1cnc2ccc(Nc3ncnc4ccc(-c5cnn(C6CCNCC6)c5)cc34)cc2c1,7.5028415,1.0,7.332214146361465,7.369994,7.5910425,7.461628332488594
CHEMBL5188730,Nc1ccc2ncnc(Nc3ccc4ncccc4c3)c2c1,6.6673594,,6.882615705430507,7.0168095,7.5334997,7.208057711571454
CHEMBL1241775,CC(C)n1nc(-c2cnc3nccnc3c2)c2c(N)ncnc21,4.154902,0.0,4.845326769351959,4.941212,6.526311,5.685818845033646
CHEMBL4745877,COc1ncc(-c2ccc3ncnc(Nc4cnn(CCO)c4)c3c2)cc1NS(C)(=O)=O,5.5985994,0.0,7.416151340933073,7.2316585,7.205366,7.310758737788314
CHEMBL5788105,C=CC(=O)Nc1cc(Nc2nccc(-c3cccnc3)n2)c(OC)cc1N1CCC(N(C)C)CC1,8.610925,1.0,6.814244867563247,6.625921,7.7556267,7.284935773015022
CHEMBL63356,Oc1cc2cc(-c3cccnc3)cnc2cc1O,6.30103,,6.242247734864552,6.5362916,4.8777156,5.5599816612402595
CHEMBL4534592,C=CC(=O)N1CCC[C@@H](n2nc(-c3cn(-c4cc(C(F)(F)F)cnc4C#N)nn3)c3c(N)ncnc32)C1,7.8873453,1.0,6.488804340521495,6.686606,8.334022,7.411412954409917
CHEMBL5933544,CC(C)(C)N1CCC(n2cc([C@@H](Nc3cc(Cl)c4ncc(C#N)c(NC5CCCCC5)c4c3)c3cccnc3)nn2)CC1,7.69897,1.0,7.53494285174211,7.443886,8.472808,8.003875367979209
CHEMBL6027911,Cc1nc(F)ccc1[C@H](Nc1cc(Cl)c2ncc(C#N)c(NCC(C)(C)C)c2c1)C1=C2CCCCN2NN1,8.0,1.0,8.388461295843124,8.194039,8.190186,8.289323421359061
CHEMBL5932188,Cc1nc(F)ccc1[C@H](Nc1cc(Cl)c2ncc(C#N)c(NCC(C)(C)C)c2c1)C1=C2OCCCN2NN1,7.8860564,1.0,8.413645810127258,7.8608003,8.121987,8.267816576480865
CHEMBL5777319,COc1ccc(OCCNCc2cccnc2)cc1Nc1ncc(Cl)c(Nc2ccc3ccccc3c2P(C)(C)=O)n1,7.8894105,1.0,8.34440707731247,7.7158365,7.624274,7.984340427160263
CHEMBL6045276,CN(C)C/C=C/C(=O)N1CCOc2c1ccc1ncnc(Nc3ccc(OCc4cccnc4)cc3)c21,5.5606675,0.0,6.457814666827519,6.5530343,6.7510796,6.604447113076846
CHEMBL3676350,C=CC(=O)Nc1cc2c(Nc3ccc(OCc4cccnc4)c(Cl)c3)ncnc2cc1OCCNC(C)=O,6.0990868,,7.35987251511358,7.679913,7.7464113,7.553141919330471
CHEMBL3939300,CCC(=O)Nc1cc2c(Nc3ccc4c(ccn4Cc4cccnc4)c3)ncnc2cc1OC,6.1463017,,7.24700528383255,7.5398846,6.7463827,6.996693998575211
CHEMBL247127,c1cncc(Cn2ncc3cc(Nc4ncnn5ccc(COC[C@@H]6CNCCO6)c45)ccc32)c1,6.091515,,6.933348215222359,6.788854,7.7832007,7.358274478018284
CHEMBL394463,Cc1ccn2ncnc(Nc3ccc4c(cnn4Cc4cccnc4)c3)c12,5.7447276,0.0,6.943886842131615,6.7756004,7.8573723,7.400629563033581
CHEMBL3678958,CC(C)n1c(Nc2cccnc2)nc2cnc(Nc3ccc(N4CCN(C)CC4)cc3)nc21,7.5086384,1.0,8.021281905770302,7.9909453,7.714834,7.868058059513569
CHEMBL5967217,C=CC(=O)N1CCC(Nc2nc(Nc3ccc(OC)nc3)ncc2F)C1,6.2596374,,6.140013244867325,6.2610316,6.4535933,6.296803249478341
CHEMBL5739768,C=CC(=O)N1CC(Nc2nc(Nc3ccc(OC)nc3)ncc2C(C)=O)C1,6.2596374,,6.360237272858619,6.5628767,6.0502253,6.205231265366077
CHEMBL5778617,C=CC(=O)N1Cc2ccc(Nc3nc(Nc4ccc(OC)nc4)ncc3F)cc2C1,6.2596374,,6.7979471500714626,6.8326535,7.7405357,7.269241443077723
CHEMBL5756147,C=CC(=O)N1CCc2ccc(Nc3nc(Nc4ccc(OC)nc4)ncc3F)cc21,6.2596374,,6.839392778873443,6.8977666,7.296513,7.067952929735183
CHEMBL3676348,C=CC(=O)Nc1cc2c(Nc3ccc(Cl)nc3)ncnc2cc1OCCNC(C)=O,7.1870866,1.0,7.149757771492005,6.9516263,7.410037,7.279897406101227
CHEMBL5898434,CN(C)C/C=C/C(=O)N1CCOc2c1ccc1ncnc(Nc3ccc(Oc4cccnc4)cc3)c21,5.5606675,0.0,6.507387867172558,6.533217,7.1095567,6.808472271064916
CHEMBL1241439,CC(C)n1nc(-c2cc(C=O)co2)c2c(N)ncnc21,5.224754,0.0,5.218669011235237,5.2782803,4.698062,4.958365477144718
CHEMBL3964380,CCC(=O)Nc1cc2c(Nc3ccc4c(ccn4Cc4ccco4)c3)ncnc2cc1OC,7.0655017,1.0,7.138112423121929,7.2933416,6.9038124,7.020962415784597
CHEMBL310853,c1csc(-c2cc3nccc(Nc4ccc5[nH]ccc5c4)c3s2)c1,9.0,1.0,7.64085489988327,7.7150965,7.898175,7.76951483130455
CHEMBL76751,c1csc(-c2cc3ncnc(Nc4ccc5[nH]ccc5c4)c3s2)c1,8.204468,1.0,8.227163243293763,8.16917,7.6935077,7.960335457324982
CHEMBL1241947,Cc1cc(-c2nn(C(C)C)c3ncnc(N)c23)sc1C=O,5.004365,0.0,5.26069465124607,5.195142,6.772656,6.016675307571887
CHEMBL2103842,C[C@@H]1COC(Nc2ccc3ncnc(Nc4ccc(OCc5nccs5)c(Cl)c4)c3c2)=N1,8.1549015,1.0,6.8543537029027926,6.7378416,6.762153,6.808253425776957
CHEMBL5976760,CN(C)C/C=C/C(=O)N1CCOc2c1ccc1ncnc(Nc3ccc(OCc4cccs4)cc3)c21,6.5606675,,6.592277846733729,6.4686823,7.034974,6.813625972469648
CHEMBL4456370,OC(c1cccs1)c1cc2ccccc2nc1Cl,5.2006593,0.0,5.360408235192299,5.216317,5.228123,5.294265711605549
CHEMBL248877,Nc1ncnc2c1c(-c1ccc3nc(Cc4cccs4)[nH]c3c1)nn2[C@H]1CC[C@H](N2CCOCC2)CC1,6.442493,,6.767145948807398,6.8363495,7.2016497,6.984397807319959
CHEMBL5563885,O=C(NO)c1ccsc1Nc1nc(Nc2ccc(N3CCOCC3)cc2)ncc1Cl,7.4207883,1.0,7.270662430524826,6.685108,6.2554502,6.763056339621544
CHEMBL6040638,CN(C)C/C=C/C(=O)N1CCOc2c1ccc1ncnc(Nc3ccc(Oc4nccs4)cc3)c21,6.5606675,,6.509498427311579,6.4378343,7.138214,6.823856269319852
CHEMBL4106341,Cc1[nH]c2ncnc(NC3CCCCC3)c2c1C,5.159894,0.0,6.351589249968529,5.8669553,4.5568466,5.454217934310437
CHEMBL4213400,CC(C)C(CO)Nc1nc(Nc2ccc(N3CCNCC3)cc2)c2ncn(C(C)C)c2n1,7.1079054,1.0,6.990032795170942,6.5891356,7.6550603,7.3225465432306125
CHEMBL5314498,C=CC(=O)NC1CCN(c2ncc3ncnc(Nc4ccc(Oc5ccc6c(c5)ncn6C)c(C)c4)c3n2)CC1,6.2373214,,7.58971087972323,7.5056033,8.287586,7.938648545940717
CHEMBL5861126,Cc1cc(Nc2ncnc3cc(OC4CCOC4)cc(OC4CCN(C)CC4(F)F)c23)ccc1Oc1ccn2ncnc2c1,6.2881927,,5.770553428930898,5.590824,7.584012,6.6772827302430375
CHEMBL3989868,Cc1cc(Nc2ncnc3ccc(NC4=NC(C)(C)CO4)cc23)ccc1Oc1ccn2ncnc2c1,6.3477535,,6.8240107816855105,6.966697,6.7167554,6.770383085926373
CHEMBL6133515,C=CC(=O)N1CCN(c2ncc3ncnc(Nc4ccc(Oc5ccn6ncnc6c5)c(C)c4)c3n2)CC1,5.6575775,0.0,6.92700029706955,6.721289,8.565721,7.746360427618027
CHEMBL311109,NC(=O)C1CCN(Cc2ccc(-c3cc4ncnc(Nc5ccc6[nH]ccc6c5)c4s3)cc2)CC1,8.1549015,1.0,7.997915113256092,7.9271564,6.775758,7.386836451433954
CHEMBL442749,c1nc(Nc2ccc3[nH]ccc3c2)c2sccc2n1,6.221849,,8.008231661518415,7.725063,4.547702,6.27796674857537
CHEMBL1645464,Cn1ncc2cc(Nc3ncnn4ccc(CN5CCC(N)CC5)c34)ccc21,6.0222764,,7.1833325280745814,7.252449,7.5801587,7.381745619277159
CHEMBL3403513,Cc1nc(N(C)c2ccc3c(c2)CCO3)c2cc(C)oc2n1,6.6451235,,7.029041595458985,7.3303347,7.167122,7.098081741333008
CHEMBL5902883,Cc1nc(N(C)c2ccc3c(c2)OCC3)c2cc(C)oc2n1,6.6458917,,7.029041595458985,6.901087,6.9215364,6.97528902053833
CHEMBL3403512,Cc1nc(N(C)c2ccc3c(c2)OCO3)c2cc(C)oc2n1,6.525638,,7.037336519956589,6.9406037,6.4414253,6.739380921721459
CHEMBL5905340,Cc1nc(N(C)c2ccc3ccoc3c2)c2cc(C)oc2n1,6.5128617,,7.012420214414597,6.924952,5.513277,6.262848634123802
CHEMBL3403514,Cc1nc(N(C)c2ccc3occc3c2)c2cc(C)oc2n1,6.5134277,,7.013242423534393,6.926725,5.635245,6.324243634939194
CHEMBL258694,Cc1nnc(-c2cn3ncnc(Nc4cnc5[nH]ccc5c4)c3c2C(C)C)o1,6.823909,,7.17220723728339,7.0266957,5.980414,6.576310575505098
CHEMBL5999061,C=CC(=O)N1CCC[C@@H](Nc2nc(Nc3ccc4c(c3)OCCOCCOCCO4)nc3[nH]cnc23)C1,6.462181,,6.739497346639633,6.4777303,6.558622,6.649059615015983
CHEMBL3608430,C=CC(=O)N1C[C@@H]2CN(c3nc(Nc4ccc(N5CCN(C)CC5)cc4)c4ncn(C(C)C)c4n3)C[C@@H]2C1,7.853872,1.0,7.236622053753762,7.235817,7.2780085,7.257315257376149
CHEMBL4207951,C=CC(=O)N1C[C@@H]2CN(c3nc(Nc4cnn(C)c4)c4ncn(C(C)C)c4n3)C[C@@H]2C1,7.309804,1.0,7.000502579782688,6.9154058,6.9333334,6.966917988347154
CHEMBL3608433,C=CC(=O)N[C@@H]1CN(c2nc(Nc3cn(C4CCN(C)C4)nc3OC)c3ncn(C(C)C)c3n2)C[C@H]1F,8.30103,1.0,8.024175976117453,7.800711,7.9702086,7.997192310492198
CHEMBL5561933,C=CC(=O)N1CC2(n3nc(-c4ccc(Oc5ccc6c(c5)ncn6C)c(C)c4)c4c(C)ncnc43)CC1C2,5.6683702,0.0,5.8990381372372305,6.6479816,7.6442003,6.771619231124719
CHEMBL5558817,C=CC(=O)N1C[C@H]2C[C@@H](n3nc(-c4ccc(Oc5ccc6c(c5)ncn6C)c(C)c4)c4c(C)ncnc43)[C@@H]1C2,5.3801765,0.0,5.87243399520715,6.4003677,8.215457,7.043945478896299
CHEMBL5566478,C=CC(=O)N1CCC[C@@H](n2nc(-c3ccc(Oc4ccc5c(c4)ncn5C)c(C)c3)c3c(N)ncnc32)C1,6.1319437,,6.371328083180246,6.393784,7.7385106,7.05491934592667
CHEMBL5557178,C=CC(=O)N1CC[C@@H](n2nc(-c3ccc(Oc4ccc5c(c4)ncn5C)c(C)c3)c3c(C)ncnc32)C1,5.3330145,0.0,6.103177679340044,6.4868255,7.0636826,6.583430117746194
CHEMBL5564323,C=CC(=O)N1CCC[C@@H](n2nc(-c3ccc(Oc4ccc5cn(C)nc5c4)c(C)c3)c3c(N)ncnc32)C1,5.91364,0.0,6.604503444098292,6.602681,7.482461,7.043482209872632
CHEMBL1242386,CC(C)n1nc(-c2ccc3[nH]ncc3c2)c2c(N)ncnc21,5.958607,0.0,6.010226119756698,6.017307,5.018671,5.51444857776165
CHEMBL1242475,Nc1ncnc2c1c(-c1ccc3[nH]ncc3c1)nn2C1CCCC1,6.243364,,6.13108808875084,6.3170733,5.83004,5.980564033389092
CHEMBL1241587,CC(C)n1nc(-c2ccc3c(c2)CCO3)c2c(N)ncnc21,5.30103,0.0,5.213239964624247,5.524568,4.8466644,5.029952196667592
CHEMBL1241588,CC(C)n1nc(-c2ccc3c(c2)OCCO3)c2c(N)ncnc21,4.823909,0.0,5.381830473323664,5.1926103,5.43592,5.408875117490689
CHEMBL4095253,C=CS(=O)(=O)N1CCC[C@@H]1Cn1cc(-c2ccc3c(c2)OCO3)c2c(N)ncnc21,6.191992,,6.488136833806833,6.2690096,6.689927,6.589031967471044
CHEMBL1242664,Nc1ncnc2c1c(-c1ccc3cc[nH]c3c1)nn2C1CCCC1,7.070581,1.0,6.163224569559097,6.212523,5.3716946,5.767459567189217
CHEMBL1242572,Nc1ncnc2c1c(-c1ccc3cn[nH]c3c1)nn2C1CCCC1,6.1191864,,6.103506985902786,6.078307,5.479135,5.791321011185646
CHEMBL1241492,CC(C)n1nc(-c2ccc3nonc3c2)c2c(N)ncnc21,5.080922,0.0,4.848679596980412,5.2352695,4.836409,4.842544344464938
CHEMBL1241490,CC(C)n1nc(-c2ccc3occc3c2)c2c(N)ncnc21,6.015923,,5.3800259673595425,5.560116,5.060995,5.220510534644127
CHEMBL1241491,Nc1ncnc2c1c(-c1ccc3occc3c1)nn2C1CCCC1,6.240332,,6.022115387598673,6.260998,5.6353254,5.8287204097112015
CHEMBL1242665,CC(C)n1nc(-c2ccn3ccnc3c2)c2c(N)ncnc21,4.3467875,0.0,5.177246345281601,4.943853,5.1935763,5.185411340594292
CHEMBL1241675,Nc1ncnc2c1c(-c1ccn3ccnc3c1)nn2C1CCCC1,4.920819,0.0,6.147649863362313,5.70123,5.274744,5.711196948587895
CHEMBL1081312,Nc1ncnc2c1c(-c1cnc3[nH]ccc3c1)nn2C1CCCC1,6.5850267,,6.086467005610466,6.473141,5.722237,5.904352057874203
CHEMBL4103201,C=CC(=O)N1CCC[C@@H](n2nc(-c3cnc4[nH]ccc4c3)c3c(N)ncnc32)C1,8.610925,1.0,7.5400511043298835,7.3854585,7.8855214,7.712786258112818
CHEMBL4099254,C=CC(=O)N1CCC[C@@H](n2nc(C3CC3)c3c(N)ncnc32)C1,6.808092,,6.941583116650581,6.7838163,6.27919,6.610386590063571
CHEMBL5556841,C=CC(=O)N1CC(Oc2nn(C(C)(C)C)c3ncnc(N)c23)C1,6.6161847,,6.711593996961912,6.818072,6.722307,6.716950601081054
CHEMBL1910278,Nc1scc2c1c(NCCO)nc1nc(NCCO)nc(N)c12,4.1797986,0.0,5.51177328757445,5.0894465,4.9105473,5.211160272022088
CHEMBL1271619,CN(C)C/C=C/C(=O)N1CCc2c(sc3ncnc(NCCO)c23)C1,5.3112245,0.0,6.723057980934779,6.795407,6.9569006,6.839979288776716
CHEMBL477,Nc1ncnc2c1ncn2[C@@H]1O[C@H](CO)[C@@H](O)[C@H]1O,3.7099655,0.0,6.0804121791521695,5.541298,5.789742,5.9350770860513045
CHEMBL5950367,CN(C)C(=O)N[C@@H]1CCCN(c2cnc(C(N)=O)c(Nc3cnn(C4CCN(C(=O)OC(C)(C)C)CC4)c3)n2)C1,5.2596374,0.0,5.488158708810806,5.367427,6.159436,5.82379746735096
CHEMBL5836680,CN(C)C(=O)N[C@@H]1CCCN(c2cnc(C(N)=O)c(Nc3cnn(C4CN(C5CCCC5)C4)c3)n2)C1,5.2596374,0.0,5.444954414367675,5.611681,6.4649057,5.954930076599121
