compound_name_or_id,canonical_smiles,experimental_pIC50,predicted_pIC50,rank,percentile_rank,known_positive,max_train_tanimoto,exact_training_match,same_scaffold_present_in_training,same_scaffold_train_count,murcko_scaffold
afatinib (CHEMBL1173655),CN(C)C/C=C/C(=O)Nc1cc2c(Nc3ccc(F)c(Cl)c3)ncnc2cc1O[C@H]1CCOC1,8.979303359985352,8.396518202251858,1,0.21052631578947367,True,0.8048780487804879,False,False,0,c1ccc(Nc2ncnc3cc(OC4CCOC4)ccc23)cc1
CHEMBL5972723,COCC(Nc1c(C#N)cnc2c(Cl)cc(N[C@H](C3=CN(C(C)C)NN3)c3cccnc3)cc12)c1ccccc1,5.06991720199585,8.142895836300319,2,0.42105263157894735,False,0.6976744186046512,False,False,0,C1=C(C(Nc2ccc3nccc(NCc4ccccc4)c3c2)c2cccnc2)NNN1
CHEMBL5868329,COCC(Nc1c(C#N)cnc2c(Cl)cc(N[C@H](C3=CNNN3)c3cccnc3)cc12)c1ccccc1,5.159705638885498,7.849755913681453,3,0.631578947368421,False,0.7307692307692307,False,False,0,C1=C(C(Nc2ccc3nccc(NCc4ccccc4)c3c2)c2cccnc2)NNN1
CHEMBL1097368,c1ccc(CCc2cc3c(Nc4ccc5[nH]ccc5c4)ncnc3[nH]2)cc1,4.251037120819092,7.833732062975566,4,0.8421052631578947,False,0.543859649122807,False,False,0,c1ccc(CCc2cc3c(Nc4ccc5[nH]ccc5c4)ncnc3[nH]2)cc1
erlotinib (CHEMBL553),C#Cc1cccc(Nc2ncnc3cc(OCCOC)c(OCCOC)cc23)c1,7.522878646850586,7.778448141415914,5,1.0526315789473684,True,0.7121212121212122,False,False,0,c1ccc(Nc2ncnc3ccccc23)cc1
CHEMBL5760794,Cc1ncccc1[C@H](Nc1cc(Cl)c2ncc(C#N)c(NC(CO)c3ccccc3)c2c1)C1=CNNN1,5.3517374992370605,7.754883630540635,6,1.263157894736842,False,0.725,False,False,0,C1=C(C(Nc2ccc3nccc(NCc4ccccc4)c3c2)c2cccnc2)NNN1
CHEMBL3233761,CN(C)CCCC(=O)Nc1cc2c(Nc3ccc(F)c(Cl)c3)ncnc2s1,5.92072868347168,7.707583809020027,7,1.4736842105263157,False,0.5921052631578947,False,False,0,c1ccc(Nc2ncnc3sccc23)cc1
gefitinib (CHEMBL939),COc1cc2ncnc(Nc3ccc(F)c(Cl)c3)c2cc1OCCCN1CCOCC1,7.638272285461426,7.684377680142722,8,1.6842105263157894,True,0.9193548387096774,False,False,0,c1ccc(Nc2ncnc3ccc(OCCCN4CCOCC4)cc23)cc1
CHEMBL443268,Cc1cc(C(=O)NCCN2CCOCC2)[nH]c1/C=C1\C(=O)N(C)c2ncnc(Nc3ccc(F)c(Cl)c3)c21,5.274905681610107,7.681364137861463,9,1.894736842105263,False,0.6222222222222222,False,False,0,O=C1Nc2ncnc(Nc3ccccc3)c2C1=Cc1ccc(C(=O)NCCN2CCOCC2)[nH]1
CHEMBL65848,Cc1cc(C(=O)N2CCOCC2)[nH]c1/C=C1\C(=O)Nc2ncnc(Nc3ccc4c(c3)CCC4)c21,5.850780963897705,7.673071587880452,10,2.1052631578947367,False,0.759493670886076,False,False,0,O=C1Nc2ncnc(Nc3ccc4c(c3)CCC4)c2C1=Cc1ccc(C(=O)N2CCOCC2)[nH]1
CHEMBL3233768,C/C=C(\C)C(=O)Nc1cc2c(Nc3ccc(F)c(Cl)c3)ncnc2s1,5.19287109375,7.658173594527773,11,2.3157894736842106,False,0.5972222222222222,False,False,0,c1ccc(Nc2ncnc3sccc23)cc1
CHEMBL2048792,O=C1Cc2ccc(Oc3ccc(Nc4ncnc5ccn(CCO)c45)cc3Cl)cc2N1,5.638272285461426,7.639287295341492,12,2.526315789473684,False,0.7333333333333333,False,False,0,O=C1Cc2ccc(Oc3ccc(Nc4ncnc5cc[nH]c45)cc3)cc2N1
lapatinib (CHEMBL554),CS(=O)(=O)CCNCc1ccc(-c2ccc3ncnc(Nc4ccc(OCc5cccc(F)c5)c(Cl)c4)c3c2)o1,7.966576099395752,7.620801079008316,13,2.736842105263158,True,0.8395061728395061,False,False,0,c1ccc(COc2ccc(Nc3ncnc4ccc(-c5ccco5)cc34)cc2)cc1
CHEMBL3416590,COc1ccccc1-c1cc2c(N[C@@H](C)c3ccccc3)ncnc2s1,5.730486869812012,7.610666585498384,14,2.9473684210526314,False,0.7592592592592593,False,False,0,c1ccc(CNc2ncnc3sc(-c4ccccc4)cc23)cc1
CHEMBL3233763,CN(C)CCCN(C)CC(=O)Nc1cc2c(Nc3ccc(F)c(Cl)c3)ncnc2s1,5.525984764099121,7.596252141793569,15,3.1578947368421053,False,0.569620253164557,False,False,0,c1ccc(Nc2ncnc3sccc23)cc1
CHEMBL3628791,Fc1ccc(Nc2ncnc3sccc23)cc1Cl,5.525783538818359,7.581761780314975,16,3.3684210526315788,False,0.5370370370370371,False,False,0,c1ccc(Nc2ncnc3sccc23)cc1
CHEMBL3233762,CN(C)CCN(C)CC(=O)Nc1cc2c(Nc3ccc(F)c(Cl)c3)ncnc2s1,5.367948055267334,7.5799460728963215,17,3.5789473684210527,False,0.5844155844155844,False,False,0,c1ccc(Nc2ncnc3sccc23)cc1
CHEMBL182397,COc1cc2ncnc(Nc3cccc(NC(=O)c4ccccc4)c3F)c2cc1OC,5.552842140197754,7.5603642659187305,18,3.789473684210526,False,0.5492957746478874,False,False,0,O=C(Nc1cccc(Nc2ncnc3ccccc23)c1)c1ccccc1
CHEMBL5415774,CCNS(=O)(=O)c1cnc(Nc2ccnc(-c3cnn(S(=O)(=O)C4CC4)c3)n2)cc1N[C@@H](C)CC,5.312025547027588,7.551225227382447,19,4.0,False,0.6746987951807228,False,False,0,O=S(=O)(C1CC1)n1cc(-c2nccc(Nc3ccccn3)n2)cn1
CHEMBL3233759,COC(=O)CC(=O)Nc1cc2c(Nc3ccc(F)c(Cl)c3)ncnc2s1,5.301290512084961,7.536798379951053,20,4.2105263157894735,False,0.625,False,False,0,c1ccc(Nc2ncnc3sccc23)cc1
CHEMBL138691,C=CC(=O)N(CCN(C)C)c1cc2c(Nc3cccc(Br)c3)ncnc2cn1,5.641684532165527,7.505752650896708,21,4.421052631578948,False,0.6,False,False,0,c1ccc(Nc2ncnc3cnccc23)cc1
CHEMBL3233769,C=CCOC(=O)Nc1cc2c(Nc3ccc(F)c(Cl)c3)ncnc2s1,5.376414775848389,7.499042251904806,22,4.631578947368421,False,0.5866666666666667,False,False,0,c1ccc(Nc2ncnc3sccc23)cc1
CHEMBL3233765,CN1CCN(CC(=O)Nc2cc3c(Nc4ccc(F)c(Cl)c4)ncnc3s2)CC1,5.468648910522461,7.473387390242683,23,4.842105263157895,False,0.7571428571428571,False,False,0,O=C(CN1CCNCC1)Nc1cc2c(Nc3ccccc3)ncnc2s1
CHEMBL1643976,C=CC(=O)Nc1cccc(Oc2nc(Nc3ccc(N4CCN(C)CC4)cc3)ncc2Cl)c1,5.739928722381592,7.441621805826823,24,5.052631578947368,False,0.7012987012987013,False,False,0,c1ccc(Oc2ccnc(Nc3ccc(N4CCNCC4)cc3)n2)cc1
CHEMBL3133894,C=CC(=O)Nc1ccc2ncnc(NC3CCCCC3)c2c1,5.510681629180908,7.392381712595622,25,5.2631578947368425,False,0.559322033898305,False,False,0,c1ccc2c(NC3CCCCC3)ncnc2c1
CHEMBL3612571,COCCn1c(=O)oc2cc3ncnc(Nc4ccc(OCc5ccc(Cl)cc5)c(Cl)c4)c3cc21,5.886056423187256,7.370235349125332,26,5.473684210526316,False,0.7402597402597403,False,False,0,O=c1[nH]c2cc3c(Nc4ccc(OCc5ccccc5)cc4)ncnc3cc2o1
CHEMBL3612574,CCOC(=O)CCCn1c(=O)oc2cc3ncnc(Nc4ccc(F)c(Cl)c4)c3cc21,5.107905387878418,7.347696339289348,27,5.684210526315789,False,0.7088607594936709,False,False,0,O=c1[nH]c2cc3c(Nc4ccccc4)ncnc3cc2o1
CHEMBL4210237,C=CC(=O)Nc1ccccc1Oc1nc(Nc2ccc(N3CCN(C)CC3)cc2OC)ncc1Cl,5.074687957763672,7.298655724843343,28,5.894736842105263,False,0.7037037037037037,False,False,0,c1ccc(Oc2ccnc(Nc3ccc(N4CCNCC4)cc3)n2)cc1
CHEMBL5281446,CC(C)c1nn(C(C)C)c2cc(Nc3ccnc(-c4cnn(S(=O)(=O)C5CC5)c4)n3)ncc12,5.619788646697998,7.296851792070601,29,6.105263157894737,False,0.7534246575342466,False,False,0,O=S(=O)(C1CC1)n1cc(-c2nccc(Nc3cc4[nH]ncc4cn3)n2)cn1
CHEMBL3133754,COc1cc2ncnc(Nc3cccc(NC(=O)Nc4cccc(C)c4)c3)c2cc1OCCCN1CCOCC1,5.628931999206543,7.292934719456566,30,6.315789473684211,False,0.7341772151898734,False,False,0,O=C(Nc1ccccc1)Nc1cccc(Nc2ncnc3ccc(OCCCN4CCOCC4)cc23)c1
CHEMBL4447289,C=CC(=O)Nc1cccc(-c2noc3ncnc(N[C@H](CO)c4ccccc4)c23)c1,5.857850551605225,7.258412751356761,31,6.526315789473684,False,0.7246376811594203,False,False,0,c1ccc(CNc2ncnc3onc(-c4ccccc4)c23)cc1
CHEMBL3671567,C=CC(=O)Nc1cc2c(Nc3ccc(Br)cc3F)ncnc2cc1OCCNC(=O)C1CCCN1,5.709075450897217,7.2157825167973835,32,6.7368421052631575,False,0.8026315789473685,False,False,0,O=C(NCCOc1ccc2c(Nc3ccccc3)ncnc2c1)C1CCCN1
CHEMBL398963,Fc1ccc(Nc2ncnc3ccc(C#Cc4cccs4)cc23)cc1Cl,5.784997463226318,7.215742879549662,33,6.947368421052632,False,0.7592592592592593,False,False,0,C(#Cc1cccs1)c1ccc2ncnc(Nc3ccccc3)c2c1
CHEMBL3397275,Clc1cc(Nc2ncnc3ccc(NC4=NC[C@H](COc5ccccc5)O4)cc23)ccc1OCc1nccs1,5.917214393615723,7.2138998491499144,34,7.157894736842105,False,0.45454545454545453,False,False,0,c1ccc(OCC2CN=C(Nc3ccc4ncnc(Nc5ccc(OCc6nccs6)cc5)c4c3)O2)cc1
CHEMBL5196064,COc1cc2ncnc3c2cc1OCCCCCCOc1cc(Cl)ccc1N3,4.197180271148682,7.2123891010852095,35,7.368421052631579,False,0.8490566037735849,False,False,0,c1ccc2c(c1)Nc1ncnc3ccc(cc13)OCCCCCCO2
CHEMBL473141,CCOc1cc2nccc(Nc3cccc(Br)c3)c2cc1NC(=O)/C=C/CN1CCOCC1,4.986320495605469,7.16155651251475,36,7.578947368421052,False,0.5679012345679012,False,False,0,O=C(C=CCN1CCOCC1)Nc1ccc2nccc(Nc3ccccc3)c2c1
CHEMBL197525,COc1ccc(Nc2ncnc3cccc(OC4CCN(C)CC4)c23)cc1Cl,5.744727611541748,7.155195632775625,37,7.7894736842105265,False,0.7846153846153846,False,False,0,c1ccc(Nc2ncnc3cccc(OC4CCNCC4)c23)cc1
CHEMBL4784185,N#Cc1ccc(Nc2ncnc3cc(OCCCN4CCOCC4)c(NC(=O)c4cc([N+](=O)[O-])ccc4F)cc23)cc1Cl,5.6487836837768555,7.1549038298924765,38,8.0,False,0.8085106382978723,False,False,0,O=C(Nc1cc2c(Nc3ccccc3)ncnc2cc1OCCCN1CCOCC1)c1ccccc1
CHEMBL186747,COc1cc2ncnc(Nc3ccc(C)c(NC(=O)c4ccccc4)c3)c2cc1OC,5.494850158691406,7.144326878748243,39,8.210526315789474,False,0.6,False,False,0,O=C(Nc1cccc(Nc2ncnc3ccccc23)c1)c1ccccc1
CHEMBL4213082,C=CC(=O)Nc1ccc(Oc2nc(Nc3ccc(N4CCN(C)CC4)cc3OC)ncc2Cl)cc1,5.549750804901123,7.127689294815063,40,8.421052631578947,False,0.7307692307692307,False,False,0,c1ccc(Oc2ccnc(Nc3ccc(N4CCNCC4)cc3)n2)cc1
CHEMBL472743,COc1cc(NC(=O)/C=C/CN2CCOCC2)cc2c(Nc3cccc(Br)c3)ccnc12,5.268411159515381,7.1090154707621,41,8.631578947368421,False,0.6153846153846154,False,False,0,O=C(C=CCN1CCOCC1)Nc1ccc2nccc(Nc3ccccc3)c2c1
CHEMBL360209,COc1cc2ncnc(Nc3ccc(Cl)c(NC(=O)c4ccccc4)c3)c2cc1OC,5.6575775146484375,7.107404437292189,42,8.842105263157896,False,0.6029411764705882,False,False,0,O=C(Nc1cccc(Nc2ncnc3ccccc23)c1)c1ccccc1
CHEMBL3234743,Cc1ccc(C(=O)Nc2ccc(CN3CCN(C)CC3)c(C(F)(F)F)c2)cc1NC(=O)c1ccc(O)nc1,5.876148223876953,7.091030027071635,43,9.052631578947368,False,0.8208955223880597,False,False,0,O=C(Nc1cccc(C(=O)Nc2ccc(CN3CCNCC3)cc2)c1)c1cccnc1
CHEMBL187007,COc1cc2ncnc(Nc3cc(NC(=O)c4cccc(N(C)C)c4)ccc3Cl)c2cc1OC,4.537601947784424,7.019906553030014,44,9.263157894736842,False,0.524390243902439,False,False,0,O=C(Nc1cccc(Nc2ncnc3ccccc23)c1)c1ccccc1
CHEMBL184311,Cc1ccc2c(Nc3ccc(F)c(Cl)c3)ncnn12,5.48811674118042,7.011011718935436,45,9.473684210526315,False,0.4827586206896552,False,False,0,c1ccc(Nc2ncnn3cccc23)cc1
CHEMBL1683957,Cc1c(Nc2ccc(OCc3cccc(F)c3)c(Cl)c2)ncnc1-c1ccccc1,4.698969841003418,6.999050309260686,46,9.68421052631579,False,0.6666666666666666,False,False,0,c1ccc(COc2ccc(Nc3cc(-c4ccccc4)ncn3)cc2)cc1
CHEMBL4292715,Cc1oc2ncnc(Nc3cccc(Cl)c3)c2c1C(=O)NCCO,5.568636417388916,6.98512042760849,47,9.894736842105264,False,0.4868421052631579,False,False,0,c1ccc(Nc2ncnc3occc23)cc1
CHEMBL5845962,C=C(C)C(=O)N1CCC[C@@H](n2nc(C(=O)Nc3nc4cc(F)ccc4o3)c3c(N)ncnc32)C1,5.887730121612549,6.972168510225083,48,10.105263157894736,False,0.7407407407407407,False,False,0,O=C(Nc1nc2ccccc2o1)c1nn(C2CCCNC2)c2ncncc12
CHEMBL116012,CCOc1cc2ncc(C#N)c(Nc3cccc(Br)c3)c2cc1NC(=O)/C=C/CN1CCOCC1,4.986320495605469,6.966250296698677,49,10.31578947368421,False,0.7407407407407407,False,False,0,O=C(C=CCN1CCOCC1)Nc1ccc2nccc(Nc3ccccc3)c2c1
CHEMBL3739812,C=CC(=O)Nc1cccc(Nc2nc(N/N=C/c3ccccc3F)ncc2Cl)c1,5.718966484069824,6.963293883005778,50,10.526315789473685,False,0.5873015873015873,False,False,0,C(=NNc1nccc(Nc2ccccc2)n1)c1ccccc1
CHEMBL5429263,C=CC(=O)Nc1cc(-c2ccccc2)ccn1,4.494850158691406,6.9590763632456465,51,10.736842105263158,False,0.5918367346938775,False,False,0,c1ccc(-c2ccncc2)cc1
CHEMBL3740614,C=CC(=O)Nc1cccc(Nc2nc(N/N=C/c3ccc(F)cc3F)ncc2Cl)c1,4.936666488647461,6.956842477321625,52,10.947368421052632,False,0.5757575757575758,False,False,0,C(=NNc1nccc(Nc2ccccc2)n1)c1ccccc1
CHEMBL185327,COc1cc2ncnc(Nc3cc(NC(=O)c4ccccc4)ccc3Cl)c2cc1OC,4.958607196807861,6.934817237059275,53,11.157894736842104,False,0.6029411764705882,False,False,0,O=C(Nc1cccc(Nc2ncnc3ccccc23)c1)c1ccccc1
CHEMBL3915538,Nc1ncnc2c1c(-c1ccc(Oc3ccccc3)cc1)nn2C[C@@H]1CCCN1C(=O)/C=C/CN1CCOCC1,5.204954624176025,6.924675471241512,54,11.368421052631579,False,0.759493670886076,False,False,0,O=C(C=CCN1CCOCC1)N1CCCC1Cn1nc(-c2ccc(Oc3ccccc3)cc2)c2cncnc21
CHEMBL248220,COc1cc2ncc(C#N)c(N[C@@H]3C[C@H]3c3ccccc3)c2cc1OCc1ccccc1,5.7931742668151855,6.901021955966948,55,11.578947368421053,False,0.7536231884057971,False,False,0,c1ccc(COc2ccc3nccc(NC4CC4c4ccccc4)c3c2)cc1
CHEMBL5860263,C=CC(=O)Nc1cccc(Nc2nc(Nc3ccc4c(c3)N(C(=O)OC(C)(C)C)CCO4)ncc2F)c1,5.6192240715026855,6.894823756217956,56,11.789473684210526,False,0.6447368421052632,False,False,0,c1ccc(Nc2ccnc(Nc3ccc4c(c3)NCCO4)n2)cc1
CHEMBL5436057,CN(C)C/C=C/C(=O)Nc1cccc(-c2c(-c3ccccc3)oc3ncnc(NCCO)c23)c1,5.945393085479736,6.878221143298679,57,12.0,False,0.7567567567567568,False,False,0,c1ccc(-c2oc3ncncc3c2-c2ccccc2)cc1
CHEMBL186802,COc1cc2ncnc(Nc3cccc(NC(=O)c4ccccc4)c3)c2cc1OC,5.251811981201172,6.874772217485639,58,12.210526315789474,False,0.6730769230769231,False,False,0,O=C(Nc1cccc(Nc2ncnc3ccccc23)c1)c1ccccc1
CHEMBL3740257,C=CC(=O)Nc1cccc(Nc2nc(N/N=C(\C)c3ccc(F)cc3F)ncc2Cl)c1,5.286968231201172,6.848646289507548,59,12.421052631578947,False,0.5694444444444444,False,False,0,C(=NNc1nccc(Nc2ccccc2)n1)c1ccccc1
CHEMBL4062617,C=CC(=O)NCc1cccc(-c2nc(C3CC3)c(-c3ccnc4[nH]c(-c5ccccc5)cc34)[nH]2)c1,5.176817893981934,6.847606504758199,60,12.631578947368421,False,0.7432432432432432,False,False,0,c1ccc(-c2cc3c(-c4[nH]c(-c5ccccc5)nc4C4CC4)ccnc3[nH]2)cc1
CHEMBL3910361,C#Cc1cccc(Nc2ncnc3cc4oc(=O)n(CCOC(=O)CBr)c4cc23)c1,5.28399658203125,6.839879289468129,61,12.842105263157896,False,0.6538461538461539,False,False,0,O=c1[nH]c2cc3c(Nc4ccccc4)ncnc3cc2o1
CHEMBL3741245,C=CC(=O)Nc1cccc(Nc2nc(N/N=C(\C)c3ccc(F)cc3)ncc2Cl)c1,5.774690628051758,6.835496714115143,62,13.052631578947368,False,0.5974025974025974,False,False,0,C(=NNc1nccc(Nc2ccccc2)n1)c1ccccc1
CHEMBL3604919,C=CC(=O)Nc1cccc(-c2nccc(Nc3cc(C)[nH]n3)n2)c1,5.577450752258301,6.833246239026388,63,13.263157894736842,False,0.5,False,False,0,c1ccc(-c2nccc(Nc3cc[nH]n3)n2)cc1
CHEMBL5815780,C=CC(=O)N1CCOc2ccc(Nc3ncc(F)c(Nc4cccc(Cl)c4)n3)cc21,5.978810787200928,6.830787544250488,64,13.473684210526315,False,0.7222222222222222,False,False,0,c1ccc(Nc2ccnc(Nc3ccc4c(c3)NCCO4)n2)cc1
CHEMBL3234740,Cc1ccc(C(=O)Nc2ccc(CN3CCN(C)CC3)c(C(F)(F)F)c2)cc1NC(=O)c1cnccn1,5.408935546875,6.829335789680481,65,13.68421052631579,False,0.8382352941176471,False,False,0,O=C(Nc1ccc(CN2CCNCC2)cc1)c1cccc(NC(=O)c2cnccn2)c1
CHEMBL4094527,C=CC(=O)N1CCC[C@@H](n2ncc3c(N)ncnc32)C1,5.698969841003418,6.825600298457675,66,13.894736842105264,False,0.6031746031746031,False,False,0,c1ncc2cnn(C3CCCNC3)c2n1
CHEMBL3741796,C=CC(=O)Nc1cccc(Nc2nc(N/N=C(\C)c3ccc(C)cc3)ncc2Cl)c1,5.246417045593262,6.824334393342336,67,14.105263157894736,False,0.6268656716417911,False,False,0,C(=NNc1nccc(Nc2ccccc2)n1)c1ccccc1
CHEMBL4202780,COc1cc(N2CCN(C)CC2)ccc1Nc1ncc(Cl)c(Oc2ccccc2NC(=O)/C=C/CN(C)C)n1,5.107905387878418,6.795277427832286,68,14.31578947368421,False,0.6666666666666666,False,False,0,c1ccc(Oc2ccnc(Nc3ccc(N4CCNCC4)cc3)n2)cc1
CHEMBL98798,COc1cc2ncnc(Oc3cccc(Br)c3)c2cc1OC,5.1191864013671875,6.794894138654072,69,14.526315789473685,False,0.5,False,False,0,c1ccc(Oc2ncnc3ccccc23)cc1
CHEMBL311111,Cc1cc2cc(Nc3ccnc4cc(-c5ccc(CN6CCOCC6)cc5)sc34)ccc2[nH]1,5.903090000152588,6.7909593534469606,70,14.736842105263158,False,0.6753246753246753,False,False,0,c1cc(Nc2ccc3[nH]ccc3c2)c2sc(-c3ccc(CN4CCOCC4)cc3)cc2n1
CHEMBL3814940,Fc1cccc(COc2ccc(Nc3ncnc4ccc(NC(=S)NCCN5CCCCC5)cc34)cc2Cl)c1,5.75448751449585,6.788395448525747,71,14.947368421052632,False,0.868421052631579,False,False,0,S=C(NCCN1CCCCC1)Nc1ccc2ncnc(Nc3ccc(OCc4ccccc4)cc3)c2c1
CHEMBL2426284,C=CC(=O)N1CCc2cc(OC)c(Nc3ncc(Cl)c(-c4c[nH]c5ccccc45)n3)cc21,5.615311145782471,6.781725833786858,72,15.157894736842104,False,0.6904761904761905,False,False,0,c1ccc2c(-c3ccnc(Nc4ccc5c(c4)NCC5)n3)c[nH]c2c1
CHEMBL5941761,C=CC(=O)Nc1cccc(Nc2nc(NCc3ccc(OC)cc3)ncc2F)c1,5.6192240715026855,6.7720757260322575,73,15.368421052631579,False,0.6818181818181818,False,False,0,c1ccc(CNc2nccc(Nc3ccccc3)n2)cc1
CHEMBL1241580,Nc1ncnc2c1c(-c1ccc(Cl)c(O)c1)nn2C1CCC1,5.93930196762085,6.763310072660446,74,15.578947368421053,False,0.9574468085106383,False,False,0,c1ccc(-c2nn(C3CCC3)c3ncncc23)cc1
CHEMBL1256432,CN1CCN([C@H]2CC[C@H](n3nc(-c4ccc(Nc5nc6cccc(Cl)c6o5)c(F)c4)c4c(N)ncnc43)CC2)CC1,5.540607452392578,6.754389208555222,75,15.789473684210526,False,0.46938775510204084,False,False,0,c1ccc2oc(Nc3ccc(-c4nn(C5CCC(N6CCNCC6)CC5)c5ncncc45)cc3)nc2c1
CHEMBL379017,COc1cc(OC2CCN(S(C)(=O)=O)CC2)c2c(Nc3ccc(F)c(Cl)c3)ncnc2c1,5.017683506011963,6.742094494236841,76,16.0,False,0.7352941176470589,False,False,0,c1ccc(Nc2ncnc3cccc(OC4CCNCC4)c23)cc1
CHEMBL4071494,Oc1ccc(-c2nc(-c3ccco3)c(-c3ccnc4[nH]c(-c5ccccc5)cc34)[nH]2)cc1,5.683114528656006,6.736217647481848,77,16.210526315789473,False,0.7962962962962963,False,False,0,c1ccc(-c2cc3c(-c4[nH]c(-c5ccccc5)nc4-c4ccco4)ccnc3[nH]2)cc1
CHEMBL3612575,C#Cc1cccc(Nc2ncnc3cc4oc(=O)n(CCCC(=O)OCC)c4cc23)c1,5.2441253662109375,6.734363857110341,78,16.42105263157895,False,0.6829268292682927,False,False,0,O=c1[nH]c2cc3c(Nc4ccccc4)ncnc3cc2o1
CHEMBL3608432,C=CC(=O)N[C@@H]1CN(c2nc(Nc3cn(C)nc3C)c3ncn(C(C)C)c3n2)C[C@H]1F,5.672232627868652,6.7332436192603335,79,16.63157894736842,False,0.5180722891566265,False,False,0,c1nc2c(Nc3cn[nH]c3)nc(N3CCCC3)nc2[nH]1
CHEMBL3133893,C=CC(=O)Nc1ccc2ncnc(Nc3ccc(S(=O)(=O)Nc4ccccn4)cc3)c2c1,5.183154582977295,6.723394858042399,80,16.842105263157894,False,0.7076923076923077,False,False,0,O=S(=O)(Nc1ccccn1)c1ccc(Nc2ncnc3ccccc23)cc1
CHEMBL3612572,COCCn1c(=O)oc2cc3ncnc(Nc4ccc(OC)c(OC)c4)c3cc21,5.259637355804443,6.698925038367983,81,17.05263157894737,False,0.6,False,False,0,O=c1[nH]c2cc3c(Nc4ccccc4)ncnc3cc2o1
CHEMBL121405,OC1(c2nc(-c3ccc(F)cc3)c(-c3ccnc(NC4CCCCC4)c3)o2)CCNCC1,5.828788757324219,6.681809474432909,82,17.263157894736842,False,0.4852941176470588,False,False,0,c1ccc(-c2nc(C3CCNCC3)oc2-c2ccnc(NC3CCCCC3)c2)cc1
CHEMBL3902295,O=C(CCl)OCCn1c(=O)oc2cc3ncnc(Nc4ccc(F)c(F)c4)c3cc21,5.327902317047119,6.679560261964798,83,17.473684210526315,False,0.7105263157894737,False,False,0,O=c1[nH]c2cc3c(Nc4ccccc4)ncnc3cc2o1
CHEMBL3894623,COc1cc2c(Nc3ccc(NC(=O)Nc4cccc(Cl)c4)cc3)ncnc2cc1OCc1ccccc1,5.332640647888184,6.658472270170847,84,17.68421052631579,False,0.7164179104477612,False,False,0,O=C(Nc1ccccc1)Nc1ccc(Nc2ncnc3cc(OCc4ccccc4)ccc23)cc1
CHEMBL2437461,C=CC(=O)Nc1ccc(-n2c(=O)cnc3cnc(Nc4ccc(N5CCN(C)CC5)cc4)nc32)cc1,5.9291181564331055,6.648398382584253,85,17.894736842105264,False,0.8225806451612904,False,False,0,O=c1cnc2cnc(Nc3ccc(N4CCNCC4)cc3)nc2n1-c1ccccc1
CHEMBL1257998,CN1CCN([C@H]2CC[C@H](n3nc(-c4ccc(Nc5nc6cccc(Cl)c6o5)cc4)c4c(N)ncnc43)CC2)CC1,5.638272285461426,6.61695437086953,86,18.105263157894736,False,0.46808510638297873,False,False,0,c1ccc2oc(Nc3ccc(-c4nn(C5CCC(N6CCNCC6)CC5)c5ncncc45)cc3)nc2c1
CHEMBL472942,COc1cc2nccc(Nc3ccc(F)c(Cl)c3)c2cc1NC(=O)/C=C/CN1CCOCC1,4.867420196533203,6.608189361625247,87,18.31578947368421,False,0.6875,False,False,0,O=C(C=CCN1CCOCC1)Nc1ccc2nccc(Nc3ccccc3)c2c1
CHEMBL255291,CO/N=C/c1c(N)ncnc1NCc1ccc(F)c(Cl)c1,5.949620246887207,6.605772927469677,88,18.526315789473685,False,0.6909090909090909,False,False,0,c1ccc(CNc2ccncn2)cc1
CHEMBL1278149,COc1cc2ncnc(Oc3ccc(Br)c(F)c3)c2cc1OC,5.229147911071777,6.599256315893597,89,18.736842105263158,False,0.4411764705882353,False,False,0,c1ccc(Oc2ncnc3ccccc23)cc1
CHEMBL4646644,COc1ccc(/C=N/c2nnc3c4ccccc4nc(Nc4ccc(C)cc4N)n23)cc1O,5.368556022644043,6.584795059627957,90,18.94736842105263,False,0.34177215189873417,False,False,0,C(=Nc1nnc2c3ccccc3nc(Nc3ccccc3)n12)c1ccccc1
CHEMBL3983460,COc1cc2c(Nc3ccc(NC(=O)Nc4ccccc4)cc3)ncnc2cc1OCc1ccccc1,5.532688140869141,6.578601841131846,91,19.157894736842106,False,0.7540983606557377,False,False,0,O=C(Nc1ccccc1)Nc1ccc(Nc2ncnc3cc(OCc4ccccc4)ccc23)cc1
CHEMBL5568120,C=CC(=O)N1CC[C@H](n2cc(-c3ccncc3)c(-c3cccc(NC(=O)c4ccc5c(c4)CN(C)C5=O)c3)n2)C1,5.537601947784424,6.571964720408121,92,19.36842105263158,False,0.6966292134831461,False,False,0,O=C(Nc1cccc(-c2nn(C3CCNC3)cc2-c2ccncc2)c1)c1ccc2c(c1)CNC2=O
CHEMBL2070200,Brc1cccc(Nc2ncnc3ccc(NCc4ccc5c(c4)OCCCCO5)cc23)c1,5.9430952072143555,6.559434404373169,93,19.57894736842105,False,0.9642857142857143,False,False,0,c1ccc(Nc2ncnc3ccc(NCc4ccc5c(c4)OCCCCO5)cc23)cc1
CHEMBL3604931,C=CC(=O)Nc1cccc(Oc2nccc(Nc3cc(C)[nH]n3)n2)c1,5.895242691040039,6.548548834959666,94,19.789473684210527,False,0.6714285714285714,False,False,0,c1ccc(Oc2nccc(Nc3cc[nH]n3)n2)cc1
CHEMBL5569952,C/C=C/C(=O)Nc1cc2c(Oc3ccc(NC(=O)CCCc4ccc(F)cc4)cc3F)ncnc2cc1OC,5.292440891265869,6.536804108089871,95,20.0,False,0.6666666666666666,False,False,0,O=C(CCCc1ccccc1)Nc1ccc(Oc2ncnc3ccccc23)cc1
CHEMBL2385986,CCOc1ccc(C(=O)Nc2ccc(OCc3ccccn3)c(Cl)c2)cc1NC(=O)/C=C/CN(C)C,5.92081880569458,6.534809257030488,96,20.210526315789473,False,0.6436781609195402,False,False,0,O=C(Nc1ccc(OCc2ccccn2)cc1)c1ccccc1
CHEMBL410659,Nc1nccn2c1c(-c1ccc3ccc(-c4ccccc4)nc3c1)nc2[C@H]1C[C@@H](CN2CCC2)C1,5.017728805541992,6.518639052232107,97,20.42105263157895,False,0.36363636363636365,False,False,0,c1ccc(-c2ccc3ccc(-c4nc(C5CC(CN6CCC6)C5)n5ccncc45)cc3n2)cc1
CHEMBL4860202,CS(=O)(=O)c1nccc(-c2c(-c3cccc(OCc4ccccc4)c3)nc3sccn23)n1,5.003488540649414,6.516993111543352,98,20.63157894736842,False,0.46835443037974683,False,False,0,c1ccc(COc2cccc(-c3nc4sccn4c3-c3ccncn3)c2)cc1
CHEMBL5288191,COc1nc2ccccc2cc1-c1nc2c(cnn2-c2ccc(Br)cc2)c(=O)[nH]1,5.234554767608643,6.50579047759374,99,20.842105263157894,False,0.25757575757575757,False,False,0,O=c1[nH]c(-c2cnc3ccccc3c2)nc2c1cnn2-c1ccccc1
CHEMBL4639556,CN1CCN(C/C=C/C(=O)N2CCCOc3cc4ncnc(Nc5ccc(OCc6cccc(F)c6)c(Cl)c5)c4cc32)CC1,5.31247091293335,6.503101015090943,100,21.05263157894737,False,0.9302325581395349,False,False,0,O=C(C=CCN1CCNCC1)N1CCCOc2cc3ncnc(Nc4ccc(OCc5ccccc5)cc4)c3cc21
CHEMBL120185,CN1CCN(c2ccc3c(n2)nc(-c2ccc(F)cc2)n3-c2ccnc(NC3CCCC3)n2)CC1,5.06048059463501,6.5011884401109485,101,21.263157894736842,False,0.37777777777777777,False,False,0,c1ccc(-c2nc3nc(N4CCNCC4)ccc3n2-c2ccnc(NC3CCCC3)n2)cc1
CHEMBL4866102,c1ccc(COc2cccc(-c3nc4sccn4c3-c3ccncn3)c2)cc1,5.361111640930176,6.495072600167207,102,21.473684210526315,False,0.4666666666666667,False,False,0,c1ccc(COc2cccc(-c3nc4sccn4c3-c3ccncn3)c2)cc1
CHEMBL248045,COc1ccc2c(N[C@@H]3C[C@H]3c3ccccc3)c(C#N)cnc2c1,5.588380336761475,6.486678768873215,103,21.68421052631579,False,0.5915492957746479,False,False,0,c1ccc(C2CC2Nc2ccnc3ccccc23)cc1
CHEMBL2335016,CC(C)(C)C(=O)Nc1nc(Nc2ccc(F)c(Cl)c2)c2cc(CCc3ccccn3)[nH]c2n1,4.787812232971191,6.481339872148302,104,21.894736842105264,False,0.5205479452054794,False,False,0,c1ccc(Nc2ncnc3[nH]c(CCc4ccccn4)cc23)cc1
CHEMBL4204596,COc1cc(N2CCN(C)CC2)ccc1Nc1ncc(Cl)c(Oc2ccccc2N=C=S)n1,5.512861728668213,6.479597662766775,105,22.105263157894736,False,0.5882352941176471,False,False,0,c1ccc(Oc2ccnc(Nc3ccc(N4CCNCC4)cc3)n2)cc1
CHEMBL1272275,O=C(/C=C/c1ccccc1)N1CCc2c(sc3ncnc(N[C@H](CO)c4ccccc4)c23)C1,5.455559730529785,6.475117507457733,106,22.31578947368421,False,0.803030303030303,False,False,0,O=C(C=Cc1ccccc1)N1CCc2c(sc3ncnc(NCc4ccccc4)c23)C1
CHEMBL2335015,CC(C)(C)C(=O)Nc1nc(Nc2ccc(F)c(Br)c2)c2cc(CCc3ccccn3)[nH]c2n1,5.267606258392334,6.471149314509498,107,22.526315789473685,False,0.5277777777777778,False,False,0,c1ccc(Nc2ncnc3[nH]c(CCc4ccccn4)cc23)cc1
CHEMBL332497,COc1cc2ncc(C#N)c(Nc3cccc(Br)c3)c2cc1NC(=O)/C=C/CN1CCOCC1,5.416801452636719,6.465253986782498,108,22.736842105263158,False,0.7375,False,False,0,O=C(C=CCN1CCOCC1)Nc1ccc2nccc(Nc3ccccc3)c2c1
CHEMBL4444231,CC(C)(O)Cn1/c(=N/C(=O)c2cccc(-c3cccnc3)c2)[nH]c2ccccc21,5.853871822357178,6.4634114654858905,109,22.94736842105263,False,0.8333333333333334,False,False,0,O=C(N=c1[nH]c2ccccc2[nH]1)c1cccc(-c2cccnc2)c1
CHEMBL5962946,C#CC(=O)N1CCCC(N(C)c2nc(-c3cnn(C)c3)c3c(c2F)CNC3=O)C1,5.99913215637207,6.463151716656155,110,23.157894736842106,False,0.4673913043478261,False,False,0,O=C1NCc2cc(NC3CCCNC3)nc(-c3cn[nH]c3)c21
CHEMBL118000,N#Cc1cnc2ccc(NC(=O)/C=C/CN3CCOCC3)cc2c1Nc1ccc(F)c(Cl)c1,5.640164375305176,6.461817886829376,111,23.36842105263158,False,0.7272727272727273,False,False,0,O=C(C=CCN1CCOCC1)Nc1ccc2nccc(Nc3ccccc3)c2c1
CHEMBL1990583,Nc1ncnn2ccc(C(=O)Nc3ccc(NC(=O)Nc4cccc(F)c4)cc3)c12,5.679853916168213,6.461291017797258,112,23.57894736842105,False,0.3835616438356164,False,False,0,O=C(Nc1ccccc1)Nc1ccc(NC(=O)c2ccn3ncncc23)cc1
CHEMBL5570611,C=CC(=O)Nc1cc2c(Oc3ccc(NC(=O)CCCc4ccc(C)cc4)cc3F)ncnc2cc1OC,5.7892560958862305,6.4606019634670675,113,23.789473684210527,False,0.7088607594936709,False,False,0,O=C(CCCc1ccccc1)Nc1ccc(Oc2ncnc3ccccc23)cc1
CHEMBL5569064,C/C=C/C(=O)Nc1cc2c(Oc3ccc(NC(=O)CCCc4ccccc4)cc3F)ncnc2cc1OC,5.495029926300049,6.458971220122444,114,24.0,False,0.5882352941176471,False,False,0,O=C(CCCc1ccccc1)Nc1ccc(Oc2ncnc3ccccc23)cc1
CHEMBL113996,COc1cc2ncc(C#N)c(Nc3ccc(F)c(Cl)c3)c2cc1NC(=O)/C=C/CN1CCOCC1,4.867420196533203,6.455060245196025,115,24.210526315789473,False,0.7439024390243902,False,False,0,O=C(C=CCN1CCOCC1)Nc1ccc2nccc(Nc3ccccc3)c2c1
CHEMBL296419,COc1ccc(CCN2CCC(Nc3nc4ccccc4n3Cc3ccc(F)cc3)CC2)cc1,5.217742443084717,6.448357473214467,116,24.42105263157895,False,0.29577464788732394,False,False,0,c1ccc(CCN2CCC(Nc3nc4ccccc4n3Cc3ccccc3)CC2)cc1
CHEMBL4216551,COc1cc(N2CCN(C)CC2)ccc1Nc1ncc(Cl)c(Oc2ccc(NC(=O)/C=C/CN(C)C)cc2)n1,5.236571788787842,6.440710458755493,117,24.63157894736842,False,0.6781609195402298,False,False,0,c1ccc(Oc2ccnc(Nc3ccc(N4CCNCC4)cc3)n2)cc1
CHEMBL1683949,Cc1cc(Nc2ccc(OCc3cccc(F)c3)c(Cl)c2)ncn1,5.958607196807861,6.435205171955956,118,24.842105263157894,False,0.6721311475409836,False,False,0,c1ccc(COc2ccc(Nc3ccncn3)cc2)cc1
CHEMBL5563703,C/C=C/C(=O)Nc1cc2c(Oc3ccc(NC(=O)CCCc4ccc(C)cc4)cc3F)ncnc2cc1OC,5.11616849899292,6.421317057079739,119,25.05263157894737,False,0.6,False,False,0,O=C(CCCc1ccccc1)Nc1ccc(Oc2ncnc3ccccc23)cc1
CHEMBL4639739,C=CC(=O)NCCOc1cc(Cc2ccccc2)cc2[nH]c(-c3n[nH]c4cc(-c5cn[nH]c5)ccc34)cc12,5.346787452697754,6.419846309820811,120,25.263157894736842,False,0.7307692307692307,False,False,0,c1ccc(Cc2ccc3cc(-c4n[nH]c5cc(-c6cn[nH]c6)ccc45)[nH]c3c2)cc1
CHEMBL187431,Cc1ccc(Nc2ncnn3c(C)ccc23)cc1O,4.531652450561523,6.413540194087558,121,25.473684210526315,False,0.3484848484848485,False,False,0,c1ccc(Nc2ncnn3cccc23)cc1
CHEMBL599388,COc1cc(-c2nc(=O)c3c([nH]2)sc2ccc(C)cc23)ccc1OCC(=O)O,5.619788646697998,6.402166940106286,122,25.68421052631579,False,0.3815789473684211,False,False,0,O=c1nc(-c2ccccc2)[nH]c2sc3ccccc3c12
CHEMBL459729,Cc1cc(C2CCN(CCCF)CC2)cc2[nH]c(-c3c(NCCn4cc(Cl)cn4)cc[nH]c3=O)nc12,4.677780628204346,6.39046674434344,123,25.894736842105264,False,0.42574257425742573,False,False,0,O=c1[nH]ccc(NCCn2cccn2)c1-c1nc2ccc(C3CCNCC3)cc2[nH]1
CHEMBL401644,COc1ccc2ncc(C#N)c(N[C@@H]3C[C@H]3c3ccccc3)c2c1,5.082494258880615,6.389560745954514,124,26.105263157894736,False,0.6451612903225806,False,False,0,c1ccc(C2CC2Nc2ccnc3ccccc23)cc1
CHEMBL3741436,CN(C)C/C=C/C(=O)Nc1cccc(Nc2nc(N/N=C/c3ccccc3F)ncc2Cl)c1,5.806875228881836,6.382156776587168,125,26.31578947368421,False,0.7125,False,False,0,C(=NNc1nccc(Nc2ccccc2)n1)c1ccccc1
CHEMBL4216784,COc1cc(N2CCN(C)CC2)ccc1Nc1ncc(Cl)c(Oc2ccccc2N)n1,5.744727611541748,6.3640188808441165,126,26.526315789473685,False,0.6329113924050633,False,False,0,c1ccc(Oc2ccnc(Nc3ccc(N4CCNCC4)cc3)n2)cc1
CHEMBL47940,Nc1ncnc2c1c(-c1ccc(Oc3ccccc3)cc1)cn2C1CCCC1,5.494850158691406,6.364004795153936,127,26.736842105263158,False,0.8043478260869565,False,False,0,c1ccc(Oc2ccc(-c3cn(C4CCCC4)c4ncncc34)cc2)cc1
CHEMBL5571786,CCCC(=O)Nc1cc2c(Oc3ccc(NC(=O)CCCc4ccc(OC)cc4)cc3F)ncnc2cc1OC,5.082137107849121,6.362615475389693,128,26.94736842105263,False,0.5783132530120482,False,False,0,O=C(CCCc1ccccc1)Nc1ccc(Oc2ncnc3ccccc23)cc1
CHEMBL3742128,CN(C)C/C=C/C(=O)Nc1cccc(Nc2nc(N/N=C/c3ccc(F)cc3F)ncc2Cl)c1,5.598599433898926,6.357816364765167,129,27.157894736842106,False,0.6746987951807228,False,False,0,C(=NNc1nccc(Nc2ccccc2)n1)c1ccccc1
CHEMBL3741762,CN(C)C/C=C/C(=O)Nc1cccc(Nc2nc(N/N=C/c3ccc(F)cc3)ncc2Cl)c1,5.739254474639893,6.352521690527598,130,27.36842105263158,False,0.6707317073170732,False,False,0,C(=NNc1nccc(Nc2ccccc2)n1)c1ccccc1
CHEMBL3263966,COc1cc2c(Oc3ccc(NS(=O)(=O)c4ccc(-c5cnn(C)c5)cc4)cc3F)ccnc2cc1OCCCN1CCN(C)CC1,5.241927623748779,6.350272815492418,131,27.57894736842105,False,0.8658536585365854,False,False,0,O=S(=O)(Nc1ccc(Oc2ccnc3cc(OCCCN4CCNCC4)ccc23)cc1)c1ccc(-c2cn[nH]c2)cc1
CHEMBL3809489,Nc1nc(Nc2ccc3c(c2)CC[C@@H](N2CCCC2)CC3)nn1-c1cc2c(nn1)-c1ccccc1CCC2,5.408935546875,6.342253845797645,132,27.789473684210527,False,0.3132530120481928,False,False,0,c1ccc2c(c1)CCCc1cc(-n3cnc(Nc4ccc5c(c4)CCC(N4CCCC4)CC5)n3)nnc1-2
CHEMBL5570716,CCCC(=O)Nc1cc2c(Oc3ccc(NC(=O)CCCc4ccccc4)cc3F)ncnc2cc1OC,5.454416275024414,6.3372280173831514,133,28.0,False,0.589041095890411,False,False,0,O=C(CCCc1ccccc1)Nc1ccc(Oc2ncnc3ccccc23)cc1
CHEMBL2029694,CCOc1ccc(-c2cc(C(F)(F)F)c(C#N)c(SCC(=O)NCC(=O)O)n2)cc1,5.07572078704834,6.330175677348698,134,28.210526315789473,False,0.26582278481012656,False,False,0,c1ccc(-c2ccccn2)cc1
CHEMBL4208712,COc1cc(N2CCN(C)CC2)ccc1Nc1ncc(Cl)c(Oc2ccccc2NC(=O)CCO)n1,5.995678424835205,6.330168627712462,135,28.42105263157895,False,0.8051948051948052,False,False,0,c1ccc(Oc2ccnc(Nc3ccc(N4CCNCC4)cc3)n2)cc1
CHEMBL4216265,COc1cc(N2CCN(C)CC2)ccc1Nc1ncc(Cl)c(Oc2ccccc2NC(C)=O)n1,5.248721122741699,6.322476781527202,136,28.63157894736842,False,0.7402597402597403,False,False,0,c1ccc(Oc2ccnc(Nc3ccc(N4CCNCC4)cc3)n2)cc1
CHEMBL5822544,C=CC(=O)N1CCC[C@@H](N(C)c2nc(-c3cnn(C)c3)c3c(c2F)CNC3=O)C1,5.209996700286865,6.318977287345463,137,28.842105263157894,False,0.6071428571428571,False,False,0,O=C1NCc2cc(NC3CCCNC3)nc(-c3cn[nH]c3)c21
CHEMBL5180070,COc1cc2ncnc3c2cc1OCCCCCCOc1c(Cl)cccc1N3,5.517984390258789,6.316613722642261,138,29.05263157894737,False,0.8571428571428571,False,False,0,c1ccc2c(c1)Nc1ncnc3ccc(cc13)OCCCCCCO2
CHEMBL5273994,COc1cc2c(Nc3ccc(Oc4ccc(Br)cc4)cc3)ncnc2cc1OCC1CCN(C)CC1,5.425505638122559,6.308002166748047,139,29.263157894736842,False,0.7878787878787878,False,False,0,c1ccc(Oc2ccc(Nc3ncnc4cc(OCC5CCNCC5)ccc34)cc2)cc1
CHEMBL1272006,OC[C@@H](Nc1ncnc2sc3c(c12)CCC3)c1ccccc1,5.962573528289795,6.3056536672380235,140,29.473684210526315,False,0.9565217391304348,False,False,0,c1ccc(CNc2ncnc3sc4c(c23)CCC4)cc1
CHEMBL1928944,O=[N+]([O-])c1cccc(Oc2cc(Nc3ccc(OCc4cccc(F)c4)c(Cl)c3)ncn2)c1,5.919373512268066,6.3040843642022875,141,29.68421052631579,False,0.6455696202531646,False,False,0,c1ccc(COc2ccc(Nc3cc(Oc4ccccc4)ncn3)cc2)cc1
CHEMBL113985,COc1cc(NC(=O)/C=C/CN2CCOCC2)cc2c(Nc3cccc(Br)c3)c(C#N)cnc12,5.268411159515381,6.297623222317014,142,29.894736842105264,False,0.7341772151898734,False,False,0,O=C(C=CCN1CCOCC1)Nc1ccc2nccc(Nc3ccccc3)c2c1
CHEMBL4211322,COc1cc(N2CCN(C)CC2)ccc1Nc1ncc(Cl)c(Oc2ccccc2[N+](=O)[O-])n1,5.02918815612793,6.296176222483317,143,30.105263157894736,False,0.6144578313253012,False,False,0,c1ccc(Oc2ccnc(Nc3ccc(N4CCNCC4)cc3)n2)cc1
CHEMBL1242566,Nc1ncnc2c1c(-c1ccc(F)c(O)c1)nn2C1CCC1,5.537601947784424,6.279030931154887,144,30.31578947368421,False,0.9574468085106383,False,False,0,c1ccc(-c2nn(C3CCC3)c3ncncc23)cc1
CHEMBL2335019,CC(C)(C)C(=O)Nc1nc(Nc2ccc(F)c(C(F)(F)F)c2)c2cc(CCc3ccccn3)[nH]c2n1,4.570247650146484,6.264328149424658,145,30.526315789473685,False,0.5405405405405406,False,False,0,c1ccc(Nc2ncnc3[nH]c(CCc4ccccn4)cc23)cc1
CHEMBL4202955,COc1cc(N2CCN(C)CC2)ccc1Nc1ncc(Cl)c(Oc2cccc(NC(=O)/C=C/CN(C)C)c2)n1,5.300162315368652,6.260222539583842,146,30.736842105263158,False,0.7951807228915663,False,False,0,c1ccc(Oc2ccnc(Nc3ccc(N4CCNCC4)cc3)n2)cc1
CHEMBL5201128,COc1cc2nccc(Oc3ccc(NC(=O)C4(C(=O)NC5CC5)CC4)c(Cl)c3)c2cc1C(N)=O,5.187086582183838,6.256190769990286,147,30.94736842105263,False,0.3493975903614458,False,False,0,O=C(Nc1ccc(Oc2ccnc3ccccc23)cc1)C1(C(=O)NC2CC2)CC1
CHEMBL5831010,NC(=O)c1ncc(N2CCC[C@@H](NC(=O)C3CC3)C2)nc1Nc1ccc(C2CCN(C3CCCC3)CC2)cc1,5.259637355804443,6.2543044837315875,148,31.157894736842106,False,0.9692307692307692,False,False,0,O=C(NC1CCCN(c2cncc(Nc3ccc(C4CCN(C5CCCC5)CC4)cc3)n2)C1)C1CC1
CHEMBL5739782,C=CC(=O)N1CCC[C@H](Nc2nc(-c3cnn(C)c3)c3c(c2F)CNC3=O)[C@@H]1C,5.166406631469727,6.253333120610979,149,31.36842105263158,False,0.5487804878048781,False,False,0,O=C1NCc2cc(NC3CCCNC3)nc(-c3cn[nH]c3)c21
CHEMBL195218,CONC(=O)c1cc(Nc2ncnn3cc(NC(=O)OCCCS(C)(=O)=O)c(C(C)C)c23)c(F)cc1F,5.376750946044922,6.2512175701724155,150,31.57894736842105,False,0.6744186046511628,False,False,0,c1ccc(Nc2ncnn3cccc23)cc1
CHEMBL5184084,CC(C)(/C=C(/C#N)C(=O)N1CCC[C@@H]1Cn1nc(-c2ccc(Oc3ccccc3)cc2F)c2c(N)ncnc21)N1CCOCC1,5.522878646850586,6.244347610870997,151,31.789473684210527,False,0.6470588235294118,False,False,0,O=C(C=CCN1CCOCC1)N1CCCC1Cn1nc(-c2ccc(Oc3ccccc3)cc2)c2cncnc21
CHEMBL1080990,CCOC(=O)c1[nH]c(C)c2cnnc(Nc3ccc(OCc4cccc(F)c4)c(Cl)c3)c12,5.917214393615723,6.243868559996287,152,32.0,False,0.6091954022988506,False,False,0,c1ccc(COc2ccc(Nc3nncc4c[nH]cc34)cc2)cc1
CHEMBL1077068,CC1=C(C(=O)Nc2cccc([N+](=O)[O-])c2)C(c2ccc(O)cc2O)NC(Nc2ccc(S(=O)(=O)Nc3ncccn3)cc2)=N1,4.054039478302002,6.240113132132424,153,32.21052631578947,False,0.68,False,False,0,O=C(Nc1ccccc1)C1=CN=C(Nc2ccc(S(=O)(=O)Nc3ncccn3)cc2)NC1c1ccccc1
CHEMBL3759830,COc1ccc(C(=O)Nc2ccc(Nc3ncnc4cc(OCCCN5CCN(C)CC5)c(OC)cc34)cc2)cc1,5.954677104949951,6.237335838211907,154,32.421052631578945,False,0.7571428571428571,False,False,0,O=C(Nc1ccc(Nc2ncnc3cc(OCCCN4CCNCC4)ccc23)cc1)c1ccccc1
CHEMBL5574213,CCC(=O)Nc1cc2c(Oc3ccc(NC(=O)CCCc4ccc(F)cc4)cc3F)ncnc2cc1OC,5.218684673309326,6.237090956502491,155,32.63157894736842,False,0.6455696202531646,False,False,0,O=C(CCCc1ccccc1)Nc1ccc(Oc2ncnc3ccccc23)cc1
CHEMBL1683954,Fc1cccc(COc2ccc(Nc3cc(Oc4ccccc4)ncn3)cc2Cl)c1,5.0,6.236027074654897,156,32.8421052631579,False,0.7183098591549296,False,False,0,c1ccc(COc2ccc(Nc3cc(Oc4ccccc4)ncn3)cc2)cc1
CHEMBL5945102,C=CC(=O)N1CCCC(Nc2nc(-c3cnn(C)c3)c3c(c2F)CNC3=O)C1,5.28495979309082,6.232942345407274,157,33.05263157894737,False,0.7605633802816901,False,False,0,O=C1NCc2cc(NC3CCCNC3)nc(-c3cn[nH]c3)c21
CHEMBL3612564,COCCn1c(=O)oc2cc3ncnc(Nc4ccc(OC)cc4)c3cc21,5.2924299240112305,6.226991828511459,158,33.26315789473684,False,0.7272727272727273,False,False,0,O=c1[nH]c2cc3c(Nc4ccccc4)ncnc3cc2o1
CHEMBL534948,Cc1cccc(C)c1Nc1ncc(-c2ccc(OCC3CCCN(C)C3)cc2)n2cncc12,5.56383752822876,6.222509554408846,159,33.473684210526315,False,0.3258426966292135,False,False,0,c1ccc(Nc2ncc(-c3ccc(OCC4CCCNC4)cc3)n3cncc23)cc1
CHEMBL2335018,CC(C)(C)C(=O)Nc1nc(Nc2cccc(C(F)(F)F)c2)c2cc(CCc3ccccn3)[nH]c2n1,4.892789840698242,6.216792468494839,160,33.68421052631579,False,0.4675324675324675,False,False,0,c1ccc(Nc2ncnc3[nH]c(CCc4ccccn4)cc23)cc1
CHEMBL206483,Cc1cccc(-n2ncc3c(NCc4ccc5c(c4)OCO5)ncnc32)c1,4.823908805847168,6.214118439250522,161,33.89473684210526,False,0.4266666666666667,False,False,0,c1ccc(-n2ncc3c(NCc4ccc5c(c4)OCO5)ncnc32)cc1
CHEMBL5571542,CCC(=O)Nc1cc2c(Oc3ccc(NC(=O)CCCc4ccccc4)cc3F)ncnc2cc1OC,5.7426958084106445,6.208151053322687,162,34.10526315789474,False,0.6125,False,False,0,O=C(CCCc1ccccc1)Nc1ccc(Oc2ncnc3ccccc23)cc1
CHEMBL373882,CNc1ncnc(-c2cccnc2Oc2ccc(F)c(C(=O)Nc3cc(C(F)(F)F)ccc3N(C)CCCN(C)C)c2)n1,4.602059841156006,6.206182008849249,163,34.31578947368421,False,0.4117647058823529,False,False,0,O=C(Nc1ccccc1)c1cccc(Oc2ncccc2-c2ncncn2)c1
CHEMBL322066,COc1cc(Nc2nccc(-c3ccc(N4CCNCC4)nc3)n2)cc(OC)c1OC,5.768530368804932,6.201418193976084,164,34.526315789473685,False,0.5692307692307692,False,False,0,c1ccc(Nc2nccc(-c3ccc(N4CCNCC4)nc3)n2)cc1
CHEMBL514771,COc1cc2nccc(Nc3ccc(F)c(Cl)c3)c2cc1NC(=O)/C=C/C(C)N1CCOCC1,4.975103855133057,6.201003792021009,165,34.73684210526316,False,0.7236842105263158,False,False,0,O=C(C=CCN1CCOCC1)Nc1ccc2nccc(Nc3ccccc3)c2c1
CHEMBL5876064,CN(C)C/C=C/C(=O)N1CCOc2c1ccc1ncnc(Nc3ccc(OCc4ccncc4)cc3)c21,5.560667514801025,6.195478280385335,166,34.94736842105263,False,0.8441558441558441,False,False,0,c1cc(COc2ccc(Nc3ncnc4ccc5c(c34)OCCN5)cc2)ccn1
CHEMBL5955586,NC(=O)c1ncc(N2CCC[C@@H](N3Cc4ccccc4C3=O)C2)nc1Nc1ccc(C2CCN(C3CCCC3)CC2)cc1,5.259637355804443,6.189029381275177,167,35.1578947368421,False,0.7125,False,False,0,O=C1c2ccccc2CN1C1CCCN(c2cncc(Nc3ccc(C4CCN(C5CCCC5)CC4)cc3)n2)C1
CHEMBL2335379,C#Cc1cccc(Nc2nc(N)nc3[nH]c(CCc4ccccn4)cc23)c1,4.701147079467773,6.188605128924052,168,35.36842105263158,False,0.5970149253731343,False,False,0,c1ccc(Nc2ncnc3[nH]c(CCc4ccccn4)cc23)cc1
CHEMBL87084,Oc1cc2cc(-c3ccncc3)cnc2cc1O,5.301030158996582,6.185625751018524,169,35.578947368421055,False,0.2708333333333333,False,False,0,c1ccc2ncc(-c3ccncc3)cc2c1
CHEMBL4778717,O=S(=O)(Nc1ccccn1)c1ccc(NC(=S)Nc2ccc3c(c2)OCO3)cc1,5.724688529968262,6.179948455199217,170,35.78947368421053,False,0.6724137931034483,False,False,0,O=S(=O)(Nc1ccccn1)c1ccc(NC(=S)Nc2ccc3c(c2)OCO3)cc1
CHEMBL6042351,C=CC(=O)N1CCCC(Nc2nc(-c3cnc(C)s3)c3c(c2F)CNC3=O)C1,5.1281352043151855,6.1796762066417275,171,36.0,False,0.6329113924050633,False,False,0,O=C1NCc2cc(NC3CCCNC3)nc(-c3cncs3)c21
CHEMBL5286730,Cc1ccc(NC(=O)CSc2nc3cc4ccccc4cc3c(=O)n2-c2ccc(S(N)(=O)=O)cc2)cc1C,5.408935546875,6.17468245654636,172,36.21052631578947,False,0.7428571428571429,False,False,0,O=C(CSc1nc2cc3ccccc3cc2c(=O)n1-c1ccccc1)Nc1ccccc1
CHEMBL5555280,C=CC(=O)N1[C@@H]2CC[C@H]1C[C@@H](n1nc(-c3cc(F)c(Oc4ccc5c(c4)ncn5C)c(Cl)c3)c3c(C)ncnc31)C2,5.3387556076049805,6.168070831272337,173,36.421052631578945,False,0.6,False,False,0,c1ncc2c(-c3ccc(Oc4ccc5[nH]cnc5c4)cc3)nn(C3CC4CCC(C3)N4)c2n1
CHEMBL1946846,COc1nc(NCCN2CCOCC2)nc(Nc2ccc(Cl)cc2)n1,5.823908805847168,6.162916044712066,174,36.63157894736842,False,0.3972602739726027,False,False,0,c1ccc(Nc2ncnc(NCCN3CCOCC3)n2)cc1
CHEMBL5843489,C=CC(=O)N1CCCC(Nc2nc(-c3cnn(C4CC4)c3)c3c(c2F)CNC3=O)C1,5.080817222595215,6.161654745207892,175,36.8421052631579,False,0.6962025316455697,False,False,0,O=C1NCc2cc(NC3CCCNC3)nc(-c3cnn(C4CC4)c3)c21
CHEMBL4569508,O=C(NCC(F)(F)F)c1cc(-c2cnn3cc(-c4ccc(OCCN5CCCCC5)cc4)cnc23)cs1,5.958607196807861,6.151584816584512,176,37.05263157894737,False,0.6805555555555556,False,False,0,c1cc(-c2cnn3cc(-c4ccc(OCCN5CCCCC5)cc4)cnc23)cs1
CHEMBL3760090,COc1cc2c(Nc3ccc(NC(=O)c4ccc(Cl)cc4)cc3)ncnc2cc1OCCCN1CCN(C)CC1,5.876148223876953,6.145746200879415,177,37.26315789473684,False,0.8656716417910447,False,False,0,O=C(Nc1ccc(Nc2ncnc3cc(OCCCN4CCNCC4)ccc23)cc1)c1ccccc1
CHEMBL4204354,COc1cc(N2CCN(C)CC2)ccc1Nc1ncc(Cl)c(Oc2ccc(N=C=S)cc2)n1,4.816161155700684,6.145391300519307,178,37.473684210526315,False,0.5903614457831325,False,False,0,c1ccc(Oc2ccnc(Nc3ccc(N4CCNCC4)cc3)n2)cc1
CHEMBL5571083,CCC(=O)Nc1cc2c(Oc3ccc(NC(=O)CCCc4ccc(C)cc4)cc3F)ncnc2cc1OC,5.074069499969482,6.145282599263721,179,37.68421052631579,False,0.6049382716049383,False,False,0,O=C(CCCc1ccccc1)Nc1ccc(Oc2ncnc3ccccc23)cc1
CHEMBL4218052,COc1cc(N2CCN(C)CC2)ccc1Nc1ncc(Cl)c(Oc2cccc(N=C=S)c2)n1,5.251037120819092,6.1439863514370385,180,37.89473684210526,False,0.6585365853658537,False,False,0,c1ccc(Oc2ccnc(Nc3ccc(N4CCNCC4)cc3)n2)cc1
CHEMBL5971019,Cc1ncsc1-c1ccc(CNC(=O)[C@@H]2C[C@@H](O)CN2C(=O)[C@@H](NC(=O)COCCOCCOCCOCC#Cc2cccc3c2C(=O)N(C(C(=O)Nc2nccs2)c2cc(F)ccc2O)C3)C(C)(C)C)cc1,5.97930383682251,6.131180261115547,181,38.10526315789474,False,0.8809523809523809,False,False,0,O=C(COCCOCCOCCOCC#Cc1cccc2c1C(=O)N(C(C(=O)Nc1nccs1)c1ccccc1)C2)NCC(=O)N1CCCC1C(=O)NCc1ccc(-c2cncs2)cc1
CHEMBL5853228,C=CC(=O)N1CC(Nc2nc(-c3cnn(C)c3)c3c(c2F)CNC3=O)CCC1C,5.174314498901367,6.12821041504542,182,38.31578947368421,False,0.7638888888888888,False,False,0,O=C1NCc2cc(NC3CCCNC3)nc(-c3cn[nH]c3)c21
CHEMBL6012901,CCC(=O)N1CCC(c2ccc(Nc3nc(N4CCC[C@@H](NC(=O)N5CCCCC5)C4)nnc3C(N)=O)cc2)CC1,5.259637355804443,6.116808456314935,183,38.526315789473685,False,0.7866666666666666,False,False,0,O=C(NC1CCCN(c2nncc(Nc3ccc(C4CCNCC4)cc3)n2)C1)N1CCCCC1
CHEMBL76116,Cc1[nH]c2ncnc(Oc3cccc(Cl)c3)c2c1C,5.602059841156006,6.108398806904302,184,38.73684210526316,False,0.5714285714285714,False,False,0,c1ccc(Oc2ncnc3[nH]ccc23)cc1
CHEMBL3613691,CN(C)c1ccc(/C=C/C(=O)c2ccc3ncc(C(N)=O)c(Nc4ccc(Cl)cc4)c3c2)cc1,5.277119159698486,6.108264973958334,185,38.94736842105263,False,0.3493975903614458,False,False,0,O=C(C=Cc1ccccc1)c1ccc2nccc(Nc3ccccc3)c2c1
CHEMBL3740102,C/C(=N\Nc1ncc(Cl)c(Nc2cccc(NC(=O)/C=C/CN(C)C)c2)n1)c1ccc(F)cc1,5.221836566925049,6.107120921611786,186,39.1578947368421,False,0.7945205479452054,False,False,0,C(=NNc1nccc(Nc2ccccc2)n1)c1ccccc1
CHEMBL2335378,Nc1nc(Nc2ccc(F)c(Cl)c2)c2cc(CCc3ccccn3)[nH]c2n1,3.956244945526123,6.106032401985593,187,39.36842105263158,False,0.7586206896551724,False,False,0,c1ccc(Nc2ncnc3[nH]c(CCc4ccccn4)cc23)cc1
CHEMBL3613695,NC(=O)c1cnc2ccc(C(=O)/C=C/c3ccc(Cl)cc3)cc2c1Nc1ccc(Br)cc1,5.316592693328857,6.097901631461249,188,39.578947368421055,False,0.4342105263157895,False,False,0,O=C(C=Cc1ccccc1)c1ccc2nccc(Nc3ccccc3)c2c1
CHEMBL107472,CNc1ncc2cc(-c3c(Cl)cccc3Cl)c(=O)n(C)c2n1,5.12493896484375,6.092029286162562,189,39.78947368421053,False,0.7254901960784313,False,False,0,O=c1[nH]c2ncncc2cc1-c1ccccc1
CHEMBL49120,CCN(CC)CCOc1ccc(Nc2ncc3cc(-c4c(Cl)cccc4Cl)c(=O)n(C)c3n2)cc1,5.4062395095825195,6.09200502872467,190,40.0,False,0.65625,False,False,0,O=c1[nH]c2nc(Nc3ccccc3)ncc2cc1-c1ccccc1
CHEMBL1230609,COc1cc2c(Oc3ccc(NC(=O)C4(C(=O)Nc5ccc(F)cc5)CC4)cc3F)ccnc2cc1OCCCN1CCOCC1,5.522881031036377,6.088089749018351,191,40.21052631578947,False,0.6333333333333333,False,False,0,O=C(Nc1ccccc1)C1(C(=O)Nc2ccc(Oc3ccnc4cc(OCCCN5CCOCC5)ccc34)cc2)CC1
CHEMBL3092297,O=C(Nc1cc2c(Nc3ccc(F)c(Cl)c3)ncnc2cc1O[C@H]1CCOC1)N1CCC(F)CC1,5.947248935699463,6.086529109477997,192,40.421052631578945,False,0.9154929577464789,False,False,0,O=C(Nc1cc2c(Nc3ccccc3)ncnc2cc1OC1CCOC1)N1CCCCC1
CHEMBL1641989,CN(C)CCCC(=O)Nc1ccc2c(C#N)cnc(Nc3cccc(Br)c3)c2c1,5.387216091156006,6.07864369418886,193,40.63157894736842,False,0.7,False,False,0,c1ccc(Nc2nccc3ccccc23)cc1
CHEMBL114073,COc1cc2ncc(C#N)c(Nc3ccc(F)c(Cl)c3)c2cc1NC(=O)/C=C/C(C)N1CCOCC1,4.975103855133057,6.075785084565481,194,40.8421052631579,False,0.7469879518072289,False,False,0,O=C(C=CCN1CCOCC1)Nc1ccc2nccc(Nc3ccccc3)c2c1
CHEMBL2335377,Nc1nc(Nc2ccc(F)c(Br)c2)c2cc(CCc3ccccn3)[nH]c2n1,4.066006660461426,6.073431822458903,195,41.05263157894737,False,0.7543859649122807,False,False,0,c1ccc(Nc2ncnc3[nH]c(CCc4ccccn4)cc23)cc1
CHEMBL453737,COc1cc2c(Oc3ccc(-c4cnc(Nc5ccc(F)cc5)n(C)c4=O)cc3F)ccnc2cc1OCCCN1CCOCC1,5.7695512771606445,6.071064399083455,196,41.26315789473684,False,0.7191011235955056,False,False,0,O=c1[nH]c(Nc2ccccc2)ncc1-c1ccc(Oc2ccnc3cc(OCCCN4CCOCC4)ccc23)cc1
CHEMBL1614712,Nc1ncnc2c1c(-c1cccc(OCc3ccccc3)c1)cn2[C@H]1C[C@@H](CN2CCC2)C1,5.260284423828125,6.068516360494826,197,41.473684210526315,False,0.7384615384615385,False,False,0,c1ccc(COc2cccc(-c3cn(C4CC(CN5CCC5)C4)c4ncncc34)c2)cc1
CHEMBL5275784,CSc1nn(-c2ccc(Br)cc2)c2nc(C)nc(Nc3ccc(OCCCC[N+](=O)[O-])cc3)c12,5.522878646850586,6.05951807724105,198,41.68421052631579,False,0.2727272727272727,False,False,0,c1ccc(Nc2ncnc3c2cnn3-c2ccccc2)cc1
CHEMBL5573159,CCC(=O)Nc1cc2c(Oc3ccc(NC(=O)c4sc(-c5ccccc5)nc4C)cc3F)cccc2cc1OC,5.409158229827881,6.058335513803694,199,41.89473684210526,False,0.5617977528089888,False,False,0,O=C(Nc1ccc(Oc2cccc3ccccc23)cc1)c1cnc(-c2ccccc2)s1
CHEMBL5542514,C=CC(=O)N1[C@@H]2CC[C@H]1C[C@@H](n1nc(-c3ccc(Oc4ccc5c(c4)ncn5C)c(Cl)c3)c3c(C)ncnc31)C2,5.338376522064209,6.054317198435466,200,42.10526315789474,False,0.7126436781609196,False,False,0,c1ncc2c(-c3ccc(Oc4ccc5[nH]cnc5c4)cc3)nn(C3CC4CCC(C3)N4)c2n1
CHEMBL4205469,COc1cc(N2CCN(C)CC2)ccc1Nc1ncc(Cl)c(Oc2ccc(N)cc2)n1,5.1313557624816895,6.053293541272481,201,42.31578947368421,False,0.6282051282051282,False,False,0,c1ccc(Oc2ccnc(Nc3ccc(N4CCNCC4)cc3)n2)cc1
CHEMBL3612580,CCOC(=O)CCCn1c(=O)oc2cc3ncnc(Nc4ccc(OC)cc4)c3cc21,5.12493896484375,6.049417980343405,202,42.526315789473685,False,0.7733333333333333,False,False,0,O=c1[nH]c2cc3c(Nc4ccccc4)ncnc3cc2o1
CHEMBL4217686,COc1cc(N2CCN(C)CC2)ccc1Nc1ncc(Cl)c(Oc2ccc(NC(=O)CCO)cc2)n1,5.2132487297058105,6.044190030627781,203,42.73684210526316,False,0.7530864197530864,False,False,0,c1ccc(Oc2ccnc(Nc3ccc(N4CCNCC4)cc3)n2)cc1
CHEMBL4638857,Clc1nc2ccccc2c2nnc(/N=C/C=C/c3ccccc3)n12,5.121478080749512,6.032672512133916,204,42.94736842105263,False,0.5769230769230769,False,False,0,C(=Cc1ccccc1)C=Nc1nnc2c3ccccc3ncn12
CHEMBL260861,COc1cc(Nc2nn3c(N[C@H](CO)Cc4ccccc4)cc(C4CC4)nc3c2C(N)=O)cc(OC)c1,5.619788646697998,6.031722795036105,205,43.1578947368421,False,0.2857142857142857,False,False,0,c1ccc(CCNc2cc(C3CC3)nc3cc(Nc4ccccc4)nn23)cc1
CHEMBL50470,CCN(CC)CCCNc1ncc2cc(-c3c(Cl)cccc3Cl)c(=O)n(C)c2n1,5.861769199371338,6.029640630086263,206,43.36842105263158,False,0.6984126984126984,False,False,0,O=c1[nH]c2ncncc2cc1-c1ccccc1
CHEMBL6052743,Cc1ncsc1-c1ccc(CNC(=O)[C@@H]2C[C@@H](O)CN2C(=O)[C@H](C(C)C)N2Cc3ccccc3C2=O)c(OCCN2CCN(Cc3ccc(-c4cc5c(NCc6ccccc6Cl)ncnc5[nH]4)cc3)CC2)c1,5.5155253410339355,6.025820731193297,207,43.578947368421055,False,0.95,False,False,0,O=C(NCc1ccc(-c2cncs2)cc1OCCN1CCN(Cc2ccc(-c3cc4c(NCc5ccccc5)ncnc4[nH]3)cc2)CC1)C1CCCN1C(=O)CN1Cc2ccccc2C1=O
CHEMBL4214040,COc1cc(N2CCN(C)CC2)ccc1Nc1ncc(Cl)c(Oc2ccc(NC(=O)CO)cc2)n1,5.97469425201416,6.02475165102217,208,43.78947368421053,False,0.7215189873417721,False,False,0,c1ccc(Oc2ccnc(Nc3ccc(N4CCNCC4)cc3)n2)cc1
CHEMBL4216025,COc1cc(N2CCN(C)CC2)ccc1Nc1ncc(Cl)c(Oc2ccc(N=[N+]=[N-])cc2)n1,4.820160865783691,6.0162742884953815,209,44.0,False,0.5833333333333334,False,False,0,c1ccc(Oc2ccnc(Nc3ccc(N4CCNCC4)cc3)n2)cc1
CHEMBL245799,N#Cc1cnc2ccc(-c3cccc(CN4CCOCC4)c3)cc2c1N[C@@H]1C[C@H]1c1ccccc1,5.2790141105651855,6.0156147452195485,210,44.21052631578947,False,0.8787878787878788,False,False,0,c1ccc(C2CC2Nc2ccnc3ccc(-c4cccc(CN5CCOCC5)c4)cc23)cc1
CHEMBL2385981,CCOc1cc(N)c(C(=O)Nc2ccc(OCc3cccc(F)c3)c(Cl)c2)cc1NC(=O)c1ccc(CN2CCN(C)CC2)cc1,5.301030158996582,6.015016788376703,211,44.421052631578945,False,0.7692307692307693,False,False,0,O=C(Nc1cccc(C(=O)Nc2ccc(OCc3ccccc3)cc2)c1)c1ccc(CN2CCNCC2)cc1
CHEMBL5563395,C/C=C/C(=O)Nc1cc2c(Oc3ccc(NC(=O)c4sc(-c5ccccc5)nc4C)cc3F)cccc2cc1OC,5.63432502746582,6.012342895931668,212,44.63157894736842,False,0.632183908045977,False,False,0,O=C(Nc1ccc(Oc2cccc3ccccc23)cc1)c1cnc(-c2ccccc2)s1
CHEMBL4210744,COc1cc(N2CCN(C)CC2)ccc1Nc1ncc(Cl)c(Oc2cccc(N)c2)n1,5.187755107879639,6.01111162775213,213,44.8421052631579,False,0.6973684210526315,False,False,0,c1ccc(Oc2ccnc(Nc3ccc(N4CCNCC4)cc3)n2)cc1
CHEMBL6006738,CC(=O)N1CCC(c2ccc(Nc3nc(N4CCC[C@@H](NC(=O)N5CCCCC5)C4)nnc3C(N)=O)cc2)CC1,5.259637355804443,6.009390871259901,214,45.05263157894737,False,0.8169014084507042,False,False,0,O=C(NC1CCCN(c2nncc(Nc3ccc(C4CCNCC4)cc3)n2)C1)N1CCCCC1
CHEMBL3915306,O=C(CBr)OCCn1c(=O)oc2cc3ncnc(Nc4ccc(OCc5ccc(Cl)cc5)cc4)c3cc21,5.193819999694824,6.004466254711151,215,45.26315789473684,False,0.6790123456790124,False,False,0,O=c1[nH]c2cc3c(Nc4ccc(OCc5ccccc5)cc4)ncnc3cc2o1
CHEMBL3237932,COc1cc(N2CCN(C)CC2)ccc1Nc1ncc(Cl)c(Oc2cccc(NC(=O)CCN3CCCCC3)c2)n1,5.344189643859863,6.000459899902344,216,45.473684210526315,False,0.9864864864864865,False,False,0,O=C(CCN1CCCCC1)Nc1cccc(Oc2ccnc(Nc3ccc(N4CCNCC4)cc3)n2)c1
CHEMBL4208167,COc1cc(N2CCN(C)CC2)ccc1Nc1ncc(Cl)c(Oc2ccc([N+](=O)[O-])cc2)n1,5.001304626464844,5.997032090822856,217,45.68421052631579,False,0.6704545454545454,False,False,0,c1ccc(Oc2ccnc(Nc3ccc(N4CCNCC4)cc3)n2)cc1
CHEMBL4203804,COc1cc(N2CCN(C)CC2)ccc1Nc1ncc(Cl)c(Oc2ccc(NC(C)=O)cc2)n1,5.442492961883545,5.995332643576343,218,45.89473684210526,False,0.6835443037974683,False,False,0,c1ccc(Oc2ccnc(Nc3ccc(N4CCNCC4)cc3)n2)cc1
CHEMBL3612578,CCOC(=O)CCCn1c(=O)oc2cc3ncnc(Nc4ccc(Cl)cc4)c3cc21,5.92081880569458,5.988025579849879,219,46.10526315789474,False,0.7368421052631579,False,False,0,O=c1[nH]c2cc3c(Nc4ccccc4)ncnc3cc2o1
CHEMBL440298,N#C/C(=C\c1ccc(O)c(O)c1)C(=O)NCCCCc1ccccc1,5.301030158996582,5.986825983709759,220,46.31578947368421,False,0.9347826086956522,False,False,0,O=C(C=Cc1ccccc1)NCCCCc1ccccc1
CHEMBL4214620,COc1cc(N2CCN(C)CC2)ccc1Nc1ncc(Cl)c(Oc2cccc(N=[N+]=[N-])c2)n1,5.206209659576416,5.9839083747863775,221,46.526315789473685,False,0.6585365853658537,False,False,0,c1ccc(Oc2ccnc(Nc3ccc(N4CCNCC4)cc3)n2)cc1
CHEMBL5759916,O=C1CCC(N2C(=O)c3ccc(N4CCN(CCCOCCCCNc5cccc6c5C(=O)N(C(C(=O)Nc5nccs5)c5cc(F)ccc5O)C6)CC4)cc3C2=O)C(=O)N1,5.92081880569458,5.973942388542115,222,46.73684210526316,False,0.9279279279279279,False,False,0,O=C1CCC(N2C(=O)c3ccc(N4CCN(CCCOCCCCNc5cccc6c5C(=O)N(C(C(=O)Nc5nccs5)c5ccccc5)C6)CC4)cc3C2=O)C(=O)N1
CHEMBL1683952,Fc1cccc(COc2ccc(Nc3cc(-c4ccsc4)ncn3)cc2Cl)c1,4.6575775146484375,5.9737264998753865,223,46.94736842105263,False,0.71875,False,False,0,c1ccc(COc2ccc(Nc3cc(-c4ccsc4)ncn3)cc2)cc1
CHEMBL4205869,COc1cc(N2CCN(C)CC2)ccc1Nc1ncc(Cl)c(Oc2cccc([N+](=O)[O-])c2)n1,5.05207633972168,5.9727371926452175,224,47.1578947368421,False,0.7159090909090909,False,False,0,c1ccc(Oc2ccnc(Nc3ccc(N4CCNCC4)cc3)n2)cc1
CHEMBL5862663,NC(=O)c1nnc(N2CCC[C@@H](NC(=O)N3CCCCC3)C2)nc1Nc1ccc(C2CCN(C=O)CC2)cc1,5.259637355804443,5.9533248180813265,225,47.36842105263158,False,0.8055555555555556,False,False,0,O=C(NC1CCCN(c2nncc(Nc3ccc(C4CCNCC4)cc3)n2)C1)N1CCCCC1
CHEMBL5195321,CC(C)(C)n1cc(-c2cncc3ccccc23)c2c(N)ncnc21,5.789681434631348,5.952345151503881,226,47.578947368421055,False,0.4067796610169492,False,False,0,c1ccc2c(-c3c[nH]c4ncncc34)cncc2c1
CHEMBL5890920,COc1cc(OC2CCN(C)CC2(F)F)c2c(Nc3ccc(Oc4ccn5ccnc5c4)c(C)c3)ncnc2c1,5.744486331939697,5.9498981144958085,227,47.78947368421053,False,0.8072289156626506,False,False,0,c1cc(OC2CCNCC2)c2c(Nc3ccc(Oc4ccn5ccnc5c4)cc3)ncnc2c1
CHEMBL5874587,C=CC(=O)N1CCCC(Nc2nc(Nc3ccc(N4CCN(C5COC5)CC4C)cn3)c3c(c2F)CNC3=O)C1,5.04522705078125,5.948582253985935,228,48.0,False,0.7078651685393258,False,False,0,O=C1NCc2cc(NC3CCCNC3)nc(Nc3ccc(N4CCN(C5COC5)CC4)cn3)c21
CHEMBL4209119,COc1cc(N2CCN(C)CC2)ccc1Nc1ncc(Cl)c(Oc2ccc(NC(=O)CCOCc3ccccc3)cc2)n1,5.777283668518066,5.9470103738043045,229,48.21052631578947,False,0.8780487804878049,False,False,0,O=C(CCOCc1ccccc1)Nc1ccc(Oc2ccnc(Nc3ccc(N4CCNCC4)cc3)n2)cc1
CHEMBL487254,N=C(Nc1ccccc1)SCCCN1C(=O)C2=C(C1=O)n1ccc3cccc(c31)C1Cc3ccccc3N21,5.022276401519775,5.945534652074178,230,48.421052631578945,False,0.25,False,False,0,N=C(Nc1ccccc1)SCCCN1C(=O)C2=C(C1=O)n1ccc3cccc(c31)C1Cc3ccccc3N21
CHEMBL1098119,NCCc1cn(CCCCCc2ccccc2)c2ccc(OCCc3ccc(O)cc3)cc12,5.787812232971191,5.940964940948074,231,48.63157894736842,False,0.7166666666666667,False,False,0,c1ccc(CCCCCn2ccc3cc(OCCc4ccccc4)ccc32)cc1
CHEMBL5983357,C=CC(=O)N1CC(Oc2cc3c(Nc4ccc(Cl)cc4Cl)ncnc3cn2)C1,5.638272285461426,5.9350427520275115,232,48.8421052631579,False,0.8548387096774194,False,False,0,c1ccc(Nc2ncnc3cnc(OC4CNC4)cc23)cc1
CHEMBL2335013,Nc1nc(Nc2cccc(C(F)(F)F)c2)c2cc(CCc3ccccn3)[nH]c2n1,4.714442729949951,5.934369576772054,233,49.05263157894737,False,0.5970149253731343,False,False,0,c1ccc(Nc2ncnc3[nH]c(CCc4ccccn4)cc23)cc1
CHEMBL5286675,CN(C)c1ccc(/C=C/c2cc(C(=O)O)c3cc(Br)ccc3n2)cc1,5.651695251464844,5.933758215904236,234,49.26315789473684,False,0.4375,False,False,0,C(=Cc1ccc2ccccc2n1)c1ccccc1
CHEMBL5935382,C=CC(=O)N1CC2CN(c3nc(Nc4cnn(C)c4)c4c(c3F)CNC4=O)CC2C1,5.864867210388184,5.929871971342299,235,49.473684210526315,False,0.7971014492753623,False,False,0,O=C1NCc2cc(N3CC4CNCC4C3)nc(Nc3cn[nH]c3)c21
CHEMBL2029699,Cc1ccc(N2NC(=O)/C(=C/c3ccc(OCc4ccccc4)cc3)C2=O)cc1Cl,5.065501689910889,5.927092661803993,236,49.68421052631579,False,0.4507042253521127,False,False,0,O=C1NN(c2ccccc2)C(=O)C1=Cc1ccc(OCc2ccccc2)cc1
CHEMBL544067,C=C(CN1CCOCC1)C(=O)c1ccc(OCc2ccccc2)cc1,5.958607196807861,5.925049817562103,237,49.89473684210526,False,0.7551020408163265,False,False,0,C=C(CN1CCOCC1)C(=O)c1ccc(OCc2ccccc2)cc1
CHEMBL49596,Cn1c(=O)c(-c2c(Cl)cccc2Cl)cc2cnc(N)nc21,5.251811981201172,5.9219543516446675,238,50.10526315789474,False,0.6226415094339622,False,False,0,O=c1[nH]c2ncncc2cc1-c1ccccc1
CHEMBL4211573,COc1cc(N2CCN(C)CC2)ccc1Nc1ncc(Cl)c(Oc2ccc(NC(=O)COCc3ccccc3)cc2)n1,5.568636417388916,5.918876732720269,239,50.31578947368421,False,0.875,False,False,0,O=C(COCc1ccccc1)Nc1ccc(Oc2ccnc(Nc3ccc(N4CCNCC4)cc3)n2)cc1
CHEMBL168266,Nc1ncnc2c1c(-c1ccccc1)cn2C1CC(O)C1,5.549750804901123,5.916651161935594,240,50.526315789473685,False,0.8444444444444444,False,False,0,c1ccc(-c2cn(C3CCC3)c3ncncc23)cc1
CHEMBL5944144,NC(=O)c1nnc(N2CCC[C@@H](NC(=O)Nc3ccccc3)C2)nc1Nc1ccc(C(=O)N2CCOCC2)cc1,5.259637355804443,5.914922613037957,241,50.73684210526316,False,0.6987951807228916,False,False,0,O=C(Nc1ccccc1)NC1CCCN(c2nncc(Nc3ccc(C(=O)N4CCOCC4)cc3)n2)C1
CHEMBL1098121,COc1ccc(CCCCCn2cc(CCN)c3cc(OCCc4ccc(O)cc4)ccc32)cc1,5.3565473556518555,5.910895870928411,242,50.94736842105263,False,0.75,False,False,0,c1ccc(CCCCCn2ccc3cc(OCCc4ccccc4)ccc32)cc1
CHEMBL5892735,C=CC(=O)N(C)Cc1ccc(Oc2nc(Nc3cccc(OCCN4CCCC4=O)c3)ncc2F)cc1,5.978810787200928,5.910147172504002,243,51.1578947368421,False,0.825,False,False,0,O=C1CCCN1CCOc1cccc(Nc2nccc(Oc3ccccc3)n2)c1
CHEMBL1946843,CN(C)c1nc(N/N=C/c2cc(Br)c(O)c(Br)c2O)nc(Nc2ccc(F)cc2)n1,4.886893272399902,5.908380992412567,244,51.36842105263158,False,0.26506024096385544,False,False,0,C(=NNc1ncnc(Nc2ccccc2)n1)c1ccccc1
CHEMBL109296,CCNc1ncc2cc(-c3c(Cl)cccc3Cl)c(=O)n(C)c2n1,5.346787452697754,5.903472148514298,245,51.578947368421055,False,0.6896551724137931,False,False,0,O=c1[nH]c2ncncc2cc1-c1ccccc1
CHEMBL544074,C=C(CN1CCCCC1)C(=O)c1ccc(OCc2ccccc2)cc1,5.958607196807861,5.901299611727397,246,51.78947368421053,False,0.7872340425531915,False,False,0,C=C(CN1CCCCC1)C(=O)c1ccc(OCc2ccccc2)cc1
CHEMBL48436,O=C(NCc1ccccc1)c1cc2ccc(O)c(O)c2cn1,5.853871822357178,5.8909423776828875,247,52.0,False,0.782608695652174,False,False,0,O=C(NCc1ccccc1)c1cc2ccccc2cn1
CHEMBL1094194,CSc1ccc(CCCCCn2cc(CCN)c3cc(OCCc4ccc(O)cc4)ccc32)cc1,5.71669864654541,5.884469696589491,248,52.21052631578947,False,0.6119402985074627,False,False,0,c1ccc(CCCCCn2ccc3cc(OCCc4ccccc4)ccc32)cc1
CHEMBL5972541,CN(C)C/C=C/C(=O)N1CCC(Nc2cncc(-c3cnc(Oc4cccc(Cl)c4)nc3)n2)CC1,4.2790141105651855,5.874746510717604,249,52.421052631578945,False,0.7532467532467533,False,False,0,c1ccc(Oc2ncc(-c3cncc(NC4CCNCC4)n3)cn2)cc1
CHEMBL6055178,COc1ccccc1C(=O)NC1(c2ccc(-c3nn(C4CCCC4)c4ncnc(N)c34)cc2)CC1,5.259637355804443,5.874659024893291,250,52.63157894736842,False,0.726027397260274,False,False,0,O=C(NC1(c2ccc(-c3nn(C4CCCC4)c4ncncc34)cc2)CC1)c1ccccc1
CHEMBL3092299,O=C(Nc1cc2c(Nc3ccc(F)c(Cl)c3)ncnc2cc1O[C@H]1CCOC1)N1CCCC(F)(F)C1,5.888428211212158,5.869097380638123,251,52.8421052631579,False,0.9230769230769231,False,False,0,O=C(Nc1cc2c(Nc3ccccc3)ncnc2cc1OC1CCOC1)N1CCCCC1
CHEMBL1683950,Fc1cccc(COc2ccc(Nc3cc(-c4ccccc4)ncn3)cc2Cl)c1,5.92081880569458,5.868900705973307,252,53.05263157894737,False,0.8103448275862069,False,False,0,c1ccc(COc2ccc(Nc3cc(-c4ccccc4)ncn3)cc2)cc1
CHEMBL6043242,O=C1CCC(N2C(=O)c3cccc(NCCOCCOCCOc4ccc(-c5cc6c(NCc7ccccc7Cl)ncnc6[nH]5)cc4)c3C2=O)C(=O)N1,5.2441253662109375,5.867033060299024,253,53.26315789473684,False,1.0,False,False,0,O=C1CCC(N2C(=O)c3cccc(NCCOCCOCCOc4ccc(-c5cc6c(NCc7ccccc7)ncnc6[nH]5)cc4)c3C2=O)C(=O)N1
CHEMBL5971716,N#CCC(=O)N1CCC(c2ccc(Nc3nc(N4CCC[C@@H](NC(=O)N5CCCCC5)C4)nnc3C(N)=O)cc2)CC1,5.259637355804443,5.855632353358799,254,53.473684210526315,False,0.7848101265822784,False,False,0,O=C(NC1CCCN(c2nncc(Nc3ccc(C4CCNCC4)cc3)n2)C1)N1CCCCC1
CHEMBL2029700,Nc1nn2c(=O)cc(-c3ccccc3)[nH]c2c1/N=N/c1ccc2c(c1)OCO2,5.275723934173584,5.854610958099365,255,53.68421052631579,False,0.25,False,False,0,O=c1cc(-c2ccccc2)[nH]c2c(N=Nc3ccc4c(c3)OCO4)cnn12
CHEMBL332269,CCCCNc1ncc2cc(-c3c(Cl)cccc3Cl)c(=O)n(C)c2n1,5.3565473556518555,5.853384804530118,256,53.89473684210526,False,0.7586206896551724,False,False,0,O=c1[nH]c2ncncc2cc1-c1ccccc1
CHEMBL5873347,C=CC(=O)N1CCCC(Nc2nc(Nc3ccc(N4CCC(O)C(C)(C)C4)cn3)c3c(c2F)CNC3=O)C1,5.080503463745117,5.847436054282719,257,54.10526315789474,False,0.8024691358024691,False,False,0,O=C1NCc2cc(NC3CCCNC3)nc(Nc3ccc(N4CCCCC4)cn3)c21
CHEMBL2424804,O=C(/C=C/c1ccc(Br)s1)Nc1ccc2ncnc(Nc3cccc(Cl)c3)c2c1,5.619788646697998,5.842456721862157,258,54.31578947368421,False,0.746031746031746,False,False,0,O=C(C=Cc1cccs1)Nc1ccc2ncnc(Nc3ccccc3)c2c1
CHEMBL3134612,COc1cc(Nc2nccc(-c3ccc(Cl)cc3)n2)cc(OC)c1OC,5.668572902679443,5.838919401963552,259,54.526315789473685,False,0.6071428571428571,False,False,0,c1ccc(Nc2nccc(-c3ccccc3)n2)cc1
CHEMBL461571,Cc1c(C(=O)c2ccc(Cl)cc2)c2ccc(OC(F)(F)F)cc2n1Cc1cccc(O[C@H](C)C(=O)O)c1,5.649752140045166,5.8387109271685285,260,54.73684210526316,False,0.2631578947368421,False,False,0,O=C(c1ccccc1)c1cn(Cc2ccccc2)c2ccccc12
CHEMBL4072410,O=[N+]([O-])OCCCOc1ccc(Nc2ncnc3c2cnn3-c2ccc(Br)cc2)cc1,5.522878646850586,5.834296729564667,261,54.94736842105263,False,0.33707865168539325,False,False,0,c1ccc(Nc2ncnc3c2cnn3-c2ccccc2)cc1
CHEMBL5926198,CCN(CC)C(=O)N[C@@H]1CCCN(c2nnc(C(N)=O)c(Nc3ccc(C(=O)N4CCOCC4)cc3)n2)C1,5.259637355804443,5.832209050390456,262,55.1578947368421,False,0.6705882352941176,False,False,0,O=C(c1ccc(Nc2cnnc(N3CCCCC3)n2)cc1)N1CCOCC1
CHEMBL6009455,Cc1ncsc1-c1ccc(CNC(=O)[C@@H]2C[C@@H](O)CN2C(=O)[C@H](C(C)C)N2Cc3ccccc3C2=O)c(OCCOCCN2CCN(Cc3ccc(-c4cc5c(NCc6ccccc6Cl)ncnc5[nH]4)cc3)CC2)c1,5.721848964691162,5.831697817548871,263,55.36842105263158,False,1.0,False,False,0,O=C(NCc1ccc(-c2cncs2)cc1OCCOCCN1CCN(Cc2ccc(-c3cc4c(NCc5ccccc5)ncnc4[nH]3)cc2)CC1)C1CCCN1C(=O)CN1Cc2ccccc2C1=O
CHEMBL5860671,Cc1ncsc1-c1ccc(CNC(=O)[C@@H]2C[C@@H](O)CN2C(=O)[C@H](C(C)C)N2Cc3ccccc3C2=O)c(OCCOCCOCCOCCOCCN2CCN(Cc3ccc(-c4cc5c(NCc6ccccc6Cl)ncnc5[nH]4)cc3)CC2)c1,5.405114650726318,5.831697817548871,264,55.578947368421055,False,1.0,False,False,0,O=C(NCc1ccc(-c2cncs2)cc1OCCOCCOCCOCCOCCN1CCN(Cc2ccc(-c3cc4c(NCc5ccccc5)ncnc4[nH]3)cc2)CC1)C1CCCN1C(=O)CN1Cc2ccccc2C1=O
CHEMBL337297,CO[C@H]1[C@@H](N(C)C(=O)c2cnccn2)C[C@@H]2O[C@@]1(C)n1c3ccccc3c3c4c(c5c6ccccc6n2c5c31)C(=O)NC4,5.087246894836426,5.821585214138031,265,55.78947368421053,False,0.8214285714285714,False,False,0,O=C(NC1CC2OC(C1)n1c3ccccc3c3c4c(c5c6ccccc6n2c5c31)CNC4=O)c1cnccn1
CHEMBL1094835,COc1ccc(CCOc2ccc3c(c2)c(CCN)cn3CCCCCc2ccc(SC)cc2)cc1,5.610834121704102,5.820718998880298,266,56.0,False,0.5970149253731343,False,False,0,c1ccc(CCCCCn2ccc3cc(OCCc4ccccc4)ccc32)cc1
CHEMBL2385980,CCOc1cc([N+](=O)[O-])c(C(=O)Nc2ccc(OCc3cccc(F)c3)c(Cl)c2)cc1NC(=O)c1ccc(CN2CCN(C)CC2)cc1,5.259637355804443,5.820067008336385,267,56.21052631578947,False,0.7804878048780488,False,False,0,O=C(Nc1cccc(C(=O)Nc2ccc(OCc3ccccc3)cc2)c1)c1ccc(CN2CCNCC2)cc1
CHEMBL3092298,O=C(Nc1cc2c(Nc3ccc(F)c(Cl)c3)ncnc2cc1O[C@H]1CCOC1)N1CCC(F)(F)CC1,5.67041540145874,5.816819854577383,268,56.421052631578945,False,0.9210526315789473,False,False,0,O=C(Nc1cc2c(Nc3ccccc3)ncnc2cc1OC1CCOC1)N1CCCCC1
CHEMBL590568,Cc1cccc(/C=N/NC2=NC(=O)CS2)c1,4.629117012023926,5.8065398319562265,269,56.63157894736842,False,0.3958333333333333,False,False,0,O=C1CSC(NN=Cc2ccccc2)=N1
CHEMBL5757114,O=C1CCC(N2C(=O)c3ccc(OCCOCCOCCOCCCc4cccc5c4C(=O)N(C(C(=O)Nc4nccs4)c4cc(F)ccc4O)C5)cc3C2=O)C(=O)N1,5.736830234527588,5.805980442474759,270,56.8421052631579,False,0.8173076923076923,False,False,0,O=C1CCC(N2C(=O)c3ccc(OCCOCCOCCOCCCc4cccc5c4C(=O)N(C(C(=O)Nc4nccs4)c4ccccc4)C5)cc3C2=O)C(=O)N1
CHEMBL545006,O=C(CCN1CCCCC1)c1ccc(OCc2ccccc2)cc1,5.744727611541748,5.80281413157781,271,57.05263157894737,False,0.7777777777777778,False,False,0,O=C(CCN1CCCCC1)c1ccc(OCc2ccccc2)cc1
CHEMBL3425671,COc1cc(N2CCN(C)CC2)ccc1Nc1ncc(Cl)c(Oc2cccc(NC(C)=O)c2)n1,5.485452175140381,5.795680125092015,272,57.26315789473684,False,0.8133333333333334,False,False,0,c1ccc(Oc2ccnc(Nc3ccc(N4CCNCC4)cc3)n2)cc1
CHEMBL489083,N=C(N)SCCCn1c(=O)c2c(c1=O)n1c3ccccc3cc1c1cccc3ccn2c31,5.337242126464844,5.794389483282417,273,57.473684210526315,False,0.2537313432835821,False,False,0,O=c1[nH]c(=O)c2c1n1ccc3cccc(c31)c1cc3ccccc3n12
CHEMBL1812567,O=C(/C=C/c1cccs1)Nc1ccc2ncnc(Nc3cccc(Cl)c3)c2c1,5.055517196655273,5.787466539939245,274,57.68421052631579,False,0.7377049180327869,False,False,0,O=C(C=Cc1cccs1)Nc1ccc2ncnc(Nc3ccccc3)c2c1
CHEMBL296582,O=C(NCc1ccccc1)c1cc2cc(O)c(O)cc2cn1,5.508638381958008,5.780692439048163,275,57.89473684210526,False,0.6428571428571429,False,False,0,O=C(NCc1ccccc1)c1cc2ccccc2cn1
CHEMBL2335014,Nc1nc(Nc2ccc(F)c(C(F)(F)F)c2)c2cc(CCc3ccccn3)[nH]c2n1,4.806875228881836,5.7798940730094905,276,58.10526315789474,False,0.7666666666666667,False,False,0,c1ccc(Nc2ncnc3[nH]c(CCc4ccccn4)cc23)cc1
CHEMBL603,COc1cc(C(=O)NS(=O)(=O)c2ccccc2C)ccc1Cc1cn(C)c2ccc(NC(=O)OC3CCCC3)cc12,5.2402567863464355,5.775172610945171,277,58.31578947368421,False,0.32653061224489793,False,False,0,O=C(Nc1ccc2[nH]cc(Cc3ccc(C(=O)NS(=O)(=O)c4ccccc4)cc3)c2c1)OC1CCCC1
CHEMBL4207305,COc1cc(N2CCN(C)CC2)ccc1Nc1ncc(Cl)c(Oc2cccc(NC(=O)CO)c2)n1,5.823908805847168,5.766479822476705,278,58.526315789473685,False,0.8533333333333334,False,False,0,c1ccc(Oc2ccnc(Nc3ccc(N4CCNCC4)cc3)n2)cc1
CHEMBL1946847,CNc1nc(N/N=C/c2ccc(O)cc2)nc(Nc2ccccc2)n1,4.512861728668213,5.759426038265229,279,58.73684210526316,False,0.3114754098360656,False,False,0,C(=NNc1ncnc(Nc2ccccc2)n1)c1ccccc1
CHEMBL5888426,C=CC(=O)N1CCC(Oc2cc3c(Nc4ccc(Cl)cc4Cl)ncnc3cn2)C1,5.777665615081787,5.758009046316147,280,58.94736842105263,False,0.9032258064516129,False,False,0,c1ccc(Nc2ncnc3cnc(OC4CCNC4)cc23)cc1
CHEMBL4215164,COc1cc(N2CCN(C)CC2)ccc1Nc1ncc(Cl)c(Oc2cccc(NC(=O)CCO)c2)n1,5.798603057861328,5.7537204778989155,281,59.1578947368421,False,0.8831168831168831,False,False,0,c1ccc(Oc2ccnc(Nc3ccc(N4CCNCC4)cc3)n2)cc1
CHEMBL1946845,CNc1nc(N/N=C\c2ccc(OC)cc2)nc(Nc2ccccc2)n1,4.508638381958008,5.7519502730369565,282,59.36842105263158,False,0.4067796610169492,False,False,0,C(=NNc1ncnc(Nc2ccccc2)n1)c1ccccc1
CHEMBL1240565,Cn1nc(-c2cnc3[nH]ccc3c2)c2c(N)ncnc21,4.823908805847168,5.741089805497063,283,59.578947368421055,False,0.6727272727272727,False,False,0,c1ncc2c(-c3cnc4[nH]ccc4c3)n[nH]c2n1
CHEMBL592141,COc1cccc(/C=N/NC2=NC(=O)CS2)c1,4.505149841308594,5.730024880492498,284,59.78947368421053,False,0.38181818181818183,False,False,0,O=C1CSC(NN=Cc2ccccc2)=N1
CHEMBL4798627,O=C(Cc1csc2nc3ccccc3n12)Nc1ccccc1O,4.259637355804443,5.72909709877438,285,60.0,False,0.76,False,False,0,O=C(Cc1csc2nc3ccccc3n12)Nc1ccccc1
CHEMBL5946888,CCOc1ccc(C(=O)N[C@@H]2CCCN(c3nnc(C(N)=O)c(Nc4ccc(C5=NCCN5C)cc4)n3)C2)cc1,5.259637355804443,5.726859767834345,286,60.21052631578947,False,0.7560975609756098,False,False,0,O=C(NC1CCCN(c2nncc(Nc3ccc(C4=NCCN4)cc3)n2)C1)c1ccccc1
CHEMBL4553708,OCCNc1nc(Nc2cccc(F)c2)c2cn[nH]c2n1,4.179798603057861,5.720224557717641,287,60.421052631578945,False,0.37142857142857144,False,False,0,c1ccc(Nc2ncnc3[nH]ncc23)cc1
CHEMBL488271,CNC(=N)SCCCn1c(=O)c2c(c1=O)n1c3ccccc3cc1c1cccc3ccn2c31,5.004364967346191,5.71975121274536,288,60.63157894736842,False,0.2714285714285714,False,False,0,O=c1[nH]c(=O)c2c1n1ccc3cccc(c31)c1cc3ccccc3n12
CHEMBL5962222,O=C1CCC(N2C(=O)c3ccc(OCCOCCOCCOCCOCCOCC#Cc4cccc5c4C(=O)N([C@@H](C(=O)Nc4nccs4)c4cc(F)ccc4O)C5)cc3C2=O)C(=O)N1,5.012054443359375,5.718429323661894,289,60.8421052631579,False,1.0,False,False,0,O=C1CCC(N2C(=O)c3ccc(OCCOCCOCCOCCOCCOCC#Cc4cccc5c4C(=O)N(C(C(=O)Nc4nccs4)c4ccccc4)C5)cc3C2=O)C(=O)N1
CHEMBL6032138,CN1CCCN([C@@H]2CCCN(c3cnc(C(N)=O)c(Nc4ccc(C5(C)CCN(C6CC6)CC5)cc4)n3)C2)C1=O,5.259637355804443,5.712767856121063,290,61.05263157894737,False,0.9714285714285714,False,False,0,O=C1NCCCN1C1CCCN(c2cncc(Nc3ccc(C4CCN(C5CC5)CC4)cc3)n2)C1
CHEMBL4297674,CC#CC(=O)N[C@H]1CCCN(c2c(F)cc(C(N)=O)c3[nH]c(C)c(C)c23)C1,5.698969841003418,5.711152151107789,291,61.26315789473684,False,0.29347826086956524,False,False,0,c1cc(N2CCCCC2)c2cc[nH]c2c1
CHEMBL358746,N#C/C(=C\c1cc(O)c(O)c(O)c1)C(=O)NCCCCNC(=O)/C(C#N)=C/c1cc(O)c(O)c(O)c1,5.449814796447754,5.710181770445808,292,61.473684210526315,False,0.7804878048780488,False,False,0,O=C(C=Cc1ccccc1)NCCCCNC(=O)C=Cc1ccccc1
CHEMBL5888829,C=CC(=O)N1CCC(Oc2cc3c(Nc4cccc(CO)c4)ncnc3cc2OC)CC1,5.06304931640625,5.698342353502909,293,61.68421052631579,False,0.9117647058823529,False,False,0,c1ccc(Nc2ncnc3ccc(OC4CCNCC4)cc23)cc1
CHEMBL1233881,COc1ccc(-c2nn(C3CCC3)c3ncnc(N)c23)cc1OC,5.638272285461426,5.697421802679698,294,61.89473684210526,False,0.9574468085106383,False,False,0,c1ccc(-c2nn(C3CCC3)c3ncncc23)cc1
CHEMBL5185952,O=C(Cc1csc2nc3ccccc3n12)Nc1cccc(O)c1,4.259637355804443,5.696106229623159,295,62.10526315789474,False,0.6545454545454545,False,False,0,O=C(Cc1csc2nc3ccccc3n12)Nc1ccccc1
CHEMBL1641995,N#Cc1cnc(Nc2cccc(Br)c2)c2cc(NC(=O)[C@@H]3CCC(=O)N3)ccc12,5.6575775146484375,5.693715590900845,296,62.31578947368421,False,0.5972222222222222,False,False,0,O=C1CCC(C(=O)Nc2ccc3ccnc(Nc4ccccc4)c3c2)N1
CHEMBL5619757,O=C1NC(c2ccc(OCc3ccc(Cl)cc3)cc2)Nc2ccccc21,4.146910667419434,5.693241615754586,297,62.526315789473685,False,0.29411764705882354,False,False,0,O=C1NC(c2ccc(OCc3ccccc3)cc2)Nc2ccccc21
CHEMBL3425673,COc1cc(N2CCN(C)CC2)ccc1Nc1ncc(Cl)c(Oc2cccc(NC(=O)CCC3CC3)c2)n1,5.9062395095825195,5.69129335252444,298,62.73684210526316,False,0.8461538461538461,False,False,0,O=C(CCC1CC1)Nc1cccc(Oc2ccnc(Nc3ccc(N4CCNCC4)cc3)n2)c1
CHEMBL3604918,CCC(=O)Nc1cc(Nc2cc[nH]n2)nc(-c2ccccc2)n1,5.4685211181640625,5.6825649746259055,299,62.94736842105263,False,0.6379310344827587,False,False,0,c1ccc(-c2nccc(Nc3cc[nH]n3)n2)cc1
CHEMBL3742200,Oc1nnc(-c2c[nH]c(-c3ccccc3)c2-c2ccccc2)c2cn(-c3ccc(Cl)cc3)nc12,5.357535362243652,5.675996743520101,300,63.1578947368421,False,0.3835616438356164,False,False,0,c1ccc(-c2[nH]cc(-c3nncc4nn(-c5ccccc5)cc34)c2-c2ccccc2)cc1
CHEMBL338944,CO[C@H]1[C@@H](N(C)C(=O)c2cccc(Cl)c2)C[C@@H]2O[C@@]1(C)n1c3ccccc3c3c4c(c5c6ccccc6n2c5c31)C(=O)NC4,5.337242126464844,5.664468603098031,301,63.36842105263158,False,0.8095238095238095,False,False,0,O=C(NC1CC2OC(C1)n1c3ccccc3c3c4c(c5c6ccccc6n2c5c31)CNC4=O)c1ccccc1
CHEMBL5894066,C=CC(=O)N1CCCC(Nc2nc(Nc3ccc(C(=O)N4CCOCC4)cc3)c3c(c2F)CNC3=O)C1,5.7481184005737305,5.661846504211426,302,63.578947368421055,False,0.8356164383561644,False,False,0,O=C1NCc2cc(NC3CCCNC3)nc(Nc3ccc(C(=O)N4CCOCC4)cc3)c21
CHEMBL1944928,COc1ccc2c3oc(=O)cc(O)c3c(=O)n(C)c2c1,4.151662826538086,5.659719927840762,303,63.78947368421053,False,0.3620689655172414,False,False,0,O=c1ccc2c(=O)[nH]c3ccccc3c2o1
CHEMBL3739586,Cc1ccc(-n2cc3c(-c4c[nH]c(-c5ccccc5)c4-c4ccccc4)nnc(O)c3n2)cc1,5.462181091308594,5.658574895275963,304,64.0,False,0.39436619718309857,False,False,0,c1ccc(-c2[nH]cc(-c3nncc4nn(-c5ccccc5)cc34)c2-c2ccccc2)cc1
CHEMBL130208,CO[C@H]1[C@@H](N(C)C(=O)c2cccc([N+](=O)[O-])c2)C[C@@H]2O[C@@]1(C)n1c3ccccc3c3c4c(c5c6ccccc6n2c5c31)C(=O)NC4,5.318758964538574,5.657225659254826,305,64.21052631578948,False,0.7816091954022989,False,False,0,O=C(NC1CC2OC(C1)n1c3ccccc3c3c4c(c5c6ccccc6n2c5c31)CNC4=O)c1ccccc1
CHEMBL144778,N#C/C(=C\c1ccc(O)c(O)c1)C(=O)NC1CCCC[C@@H]1NC(=O)/C(C#N)=C/c1ccc(O)c(O)c1,5.273723602294922,5.6556526832391345,306,64.42105263157895,False,0.7954545454545454,False,False,0,O=C(C=Cc1ccccc1)NC1CCCCC1NC(=O)C=Cc1ccccc1
CHEMBL3612599,CCOC(=O)CCCn1c(=O)oc2cc3ncnc(Nc4cc(C)cc(C)c4)c3cc21,5.823908805847168,5.648686067660649,307,64.63157894736842,False,0.726027397260274,False,False,0,O=c1[nH]c2cc3c(Nc4ccccc4)ncnc3cc2o1
CHEMBL5781511,CCOc1ccc(C(=O)N[C@@H]2CCCN(c3nnc(C(N)=O)c(Nc4ccc(C(=N)N5CCCC5)cc4)n3)C2)cc1,5.259637355804443,5.635687081741907,308,64.84210526315789,False,0.8181818181818182,False,False,0,N=C(c1ccc(Nc2cnnc(N3CCCC(NC(=O)c4ccccc4)C3)n2)cc1)N1CCCC1
CHEMBL5964701,CC#CC(=O)N1CCC[C@@H](Nc2nnc(C(N)=O)c(Nc3ccc(S(C)(=O)=O)cc3)n2)C1,5.259637355804443,5.631877155303955,309,65.05263157894737,False,0.6708860759493671,False,False,0,c1ccc(Nc2cnnc(NC3CCCNC3)n2)cc1
CHEMBL608533,CO[C@@H]1[C@H](N(C)C(=O)c2ccccc2)C[C@H]2O[C@]1(C)n1c3ccccc3c3c4c(c5c6ccccc6n2c5c31)C(=O)NC4,5.522878646850586,5.627466531955835,310,65.26315789473684,False,0.8717948717948718,False,False,0,O=C(NC1CC2OC(C1)n1c3ccccc3c3c4c(c5c6ccccc6n2c5c31)CNC4=O)c1ccccc1
CHEMBL338448,CO[C@H]1[C@@H](N(C)C(=O)c2ccccc2)C[C@@H]2O[C@@]1(C)n1c3ccccc3c3c4c(c5c6ccccc6n2c5c31)C(=O)NC4,5.721246242523193,5.627466531955835,311,65.47368421052632,False,0.8717948717948718,False,False,0,O=C(NC1CC2OC(C1)n1c3ccccc3c3c4c(c5c6ccccc6n2c5c31)CNC4=O)c1ccccc1
CHEMBL3740923,Oc1nnc(-c2c[nH]c(-c3ccccc3)c2-c2ccccc2)c2cn(-c3ccccc3)nc12,5.443697452545166,5.616193960242801,312,65.6842105263158,False,0.3382352941176471,False,False,0,c1ccc(-c2[nH]cc(-c3nncc4nn(-c5ccccc5)cc34)c2-c2ccccc2)cc1
CHEMBL1641994,CCOC(=O)Nc1ccc2c(C#N)cnc(Nc3cccc(Br)c3)c2c1,4.892789840698242,5.613775477939181,313,65.89473684210526,False,0.6515151515151515,False,False,0,c1ccc(Nc2nccc3ccccc23)cc1
CHEMBL590524,O=C1CSC(N/N=C/c2cccc(Br)c2)=N1,5.127261161804199,5.6121192833355495,314,66.10526315789474,False,0.3958333333333333,False,False,0,O=C1CSC(NN=Cc2ccccc2)=N1
CHEMBL592481,O=C1CSC(N/N=C/c2cc(Cl)cc(Cl)c2O)=N1,5.835647106170654,5.609883454247126,315,66.3157894736842,False,0.40816326530612246,False,False,0,O=C1CSC(NN=Cc2ccccc2)=N1
CHEMBL590875,O=C1CSC(N/N=C/c2cc(Br)cc(Br)c2O)=N1,5.906578540802002,5.60000401118445,316,66.52631578947368,False,0.40816326530612246,False,False,0,O=C1CSC(NN=Cc2ccccc2)=N1
CHEMBL131590,CO[C@H]1[C@@H](N(C)C(=O)c2ccccc2Cl)C[C@@H]2O[C@@]1(C)n1c3ccccc3c3c4c(c5c6ccccc6n2c5c31)C(=O)NC4,5.327902317047119,5.599765783150991,317,66.73684210526316,False,0.8181818181818182,False,False,0,O=C(NC1CC2OC(C1)n1c3ccccc3c3c4c(c5c6ccccc6n2c5c31)CNC4=O)c1ccccc1
CHEMBL144908,N#C/C(=C\c1ccc(O)c(O)c1)C(=O)NCCNC(=O)/C(C#N)=C/c1ccc(O)c(O)c1,5.12397575378418,5.591078517172703,318,66.94736842105263,False,0.8918918918918919,False,False,0,O=C(C=Cc1ccccc1)NCCNC(=O)C=Cc1ccccc1
CHEMBL590877,O=C1CSC(N/N=C/c2cccc(F)c2)=N1,4.868702411651611,5.590829656843154,319,67.15789473684211,False,0.3958333333333333,False,False,0,O=C1CSC(NN=Cc2ccccc2)=N1
CHEMBL291986,N#C/C(=C\c1ccc(O)c(O)c1)C(=O)N1CCN(c2ccccc2)CC1,4.813084602355957,5.576633008586036,320,67.36842105263158,False,0.7906976744186046,False,False,0,O=C(C=Cc1ccccc1)N1CCN(c2ccccc2)CC1
CHEMBL592139,O=C1CSC(N/N=C/c2cccc(Cl)c2)=N1,4.967381477355957,5.576452175912403,321,67.57894736842105,False,0.40425531914893614,False,False,0,O=C1CSC(NN=Cc2ccccc2)=N1
CHEMBL1956887,Nc1nc(Nc2cccc(Br)c2)c2cc(Cc3ccc(-c4ccccc4)cc3)[nH]c2n1,5.210419178009033,5.5742520904541015,322,67.78947368421052,False,0.88,False,False,0,c1ccc(Nc2ncnc3[nH]c(Cc4ccc(-c5ccccc5)cc4)cc23)cc1
CHEMBL132169,COc1ccc(C(=O)N(C)[C@H]2C[C@@H]3O[C@](C)([C@H]2OC)n2c4ccccc4c4c5c(c6c7ccccc7n3c6c42)C(=O)NC5)cc1,5.443697452545166,5.572644602024194,323,68.0,False,0.8076923076923077,False,False,0,O=C(NC1CC2OC(C1)n1c3ccccc3c3c4c(c5c6ccccc6n2c5c31)CNC4=O)c1ccccc1
CHEMBL131715,CO[C@H]1[C@@H](N(C)C(=O)c2ccc(Cl)cc2)C[C@@H]2O[C@@]1(C)n1c3ccccc3c3c4c(c5c6ccccc6n2c5c31)C(=O)NC4,5.15490198135376,5.57042747931047,324,68.21052631578948,False,0.8181818181818182,False,False,0,O=C(NC1CC2OC(C1)n1c3ccccc3c3c4c(c5c6ccccc6n2c5c31)CNC4=O)c1ccccc1
CHEMBL5832939,Cc1ncsc1-c1ccc(CNC(=O)[C@@H]2C[C@@H](O)CN2C(=O)[C@H](C(C)C)N2Cc3ccccc3C2=O)c(OCCOCCOCC#Cc2cccc3c2C(=O)N([C@@H](C(=O)Nc2nccs2)c2cc(F)ccc2O)C3)c1,5.406380653381348,5.56428267092364,325,68.42105263157895,False,1.0,False,False,0,O=C(NCc1ccc(-c2cncs2)cc1OCCOCCOCC#Cc1cccc2c1C(=O)N(C(C(=O)Nc1nccs1)c1ccccc1)C2)C1CCCN1C(=O)CN1Cc2ccccc2C1=O
CHEMBL160935,Cn1c(SSc2c(C(=O)c3ccco3)c3ccccc3n2C)c(C(=O)c2ccco2)c2ccccc21,5.113509178161621,5.547275938987732,326,68.63157894736842,False,0.6136363636363636,False,False,0,O=C(c1ccco1)c1c(SSc2[nH]c3ccccc3c2C(=O)c2ccco2)[nH]c2ccccc12
CHEMBL1080272,O=C(NCCN1CCCC1)c1cc2cnnc(Nc3ccc(OCc4cccc(F)c4)c(Cl)c3)c2[nH]1,4.819874286651611,5.546160926024119,327,68.84210526315789,False,0.7469879518072289,False,False,0,O=C(NCCN1CCCC1)c1cc2cnnc(Nc3ccc(OCc4ccccc4)cc3)c2[nH]1
CHEMBL5767398,COc1cccc(Sc2sc3nc(N)nc(N)c3c2C)c1,4.98254919052124,5.528989081382751,328,69.05263157894737,False,0.4098360655737705,False,False,0,c1ccc(Sc2cc3cncnc3s2)cc1
CHEMBL485745,Fc1ccc(-c2nn3ccccc3c2-c2ccncc2)cc1,5.200659275054932,5.52875380674998,329,69.26315789473684,False,0.45098039215686275,False,False,0,c1ccc(-c2nn3ccccc3c2-c2ccncc2)cc1
CHEMBL5774604,COc1ccc(Sc2sc3nc(N)nc(N)c3c2C)cc1OC,4.8218865394592285,5.522805985874601,330,69.47368421052632,False,0.36923076923076925,False,False,0,c1ccc(Sc2cc3cncnc3s2)cc1
CHEMBL144589,N#C/C(=C\c1ccc(O)c(O)c1)C(=O)NCCCCNC(=O)/C(C#N)=C/c1ccc(O)c(O)c1,5.794189929962158,5.521079334089364,331,69.6842105263158,False,0.972972972972973,False,False,0,O=C(C=Cc1ccccc1)NCCCCNC(=O)C=Cc1ccccc1
CHEMBL5900120,C=CC(=O)Nc1cccc(Nc2nc3c(c(Nc4cnn(C5CCOCC5)c4)n2)C(=O)NC3)c1,5.155584812164307,5.517878867785136,332,69.89473684210526,False,0.8955223880597015,False,False,0,O=C1NCc2nc(Nc3ccccc3)nc(Nc3cnn(C4CCOCC4)c3)c21
CHEMBL202244,COC(=O)c1c(OCCN2CCCC2)c2ccccc2c2oc3c(c12)C(=O)c1ccccc1C3=O,5.045757293701172,5.510489362080892,333,70.10526315789474,False,0.9824561403508771,False,False,0,O=C1c2ccccc2C(=O)c2c1oc1c2cc(OCCN2CCCC2)c2ccccc21
CHEMBL591050,O=C1CSC(N/N=C/c2cccc([N+](=O)[O-])c2)=N1,4.574954986572266,5.503102506455921,334,70.3157894736842,False,0.36538461538461536,False,False,0,O=C1CSC(NN=Cc2ccccc2)=N1
CHEMBL591051,O=C1CSC(N/N=C/c2cccc(O)c2)=N1,4.713993072509766,5.499184003330412,335,70.52631578947368,False,0.3958333333333333,False,False,0,O=C1CSC(NN=Cc2ccccc2)=N1
CHEMBL592708,COc1ccc(/C=N/NC2=NC(=O)CS2)cc1,5.238072395324707,5.494753302733104,336,70.73684210526316,False,0.4107142857142857,False,False,0,O=C1CSC(NN=Cc2ccccc2)=N1
CHEMBL358092,COC(=O)c1ccc(-c2ccc(-c3ccccc3)cc2O)cc1,4.853871822357178,5.481790061129076,337,70.94736842105263,False,0.35294117647058826,False,False,0,c1ccc(-c2ccc(-c3ccccc3)cc2)cc1
CHEMBL336192,COC(=O)c1ccc(C(=O)N(C)[C@H]2C[C@@H]3O[C@](C)([C@H]2OC)n2c4ccccc4c4c5c(c6c7ccccc7n3c6c42)C(=O)NC5)cc1,5.130768299102783,5.478380109469096,338,71.15789473684211,False,0.8205128205128205,False,False,0,O=C(NC1CC2OC(C1)n1c3ccccc3c3c4c(c5c6ccccc6n2c5c31)CNC4=O)c1ccccc1
CHEMBL5946793,C=CC(=O)N1CC(Nc2nc(Nc3cccc(N4CCOCC4)c3)c3c(c2F)CNC3=O)CCC1C,5.413863182067871,5.474976008733114,339,71.36842105263158,False,0.8571428571428571,False,False,0,O=C1NCc2cc(NC3CCCNC3)nc(Nc3cccc(N4CCOCC4)c3)c21
CHEMBL592707,Cc1ccc(/C=N/NC2=NC(=O)CS2)cc1,5.486782550811768,5.472163371699198,340,71.57894736842105,False,0.4318181818181818,False,False,0,O=C1CSC(NN=Cc2ccccc2)=N1
CHEMBL1641991,CCC(=O)Nc1ccc2c(C#N)cnc(Nc3cccc(Br)c3)c2c1,4.681936740875244,5.472042428652445,341,71.78947368421052,False,0.7230769230769231,False,False,0,c1ccc(Nc2nccc3ccccc23)cc1
CHEMBL291359,CC(=O)Oc1cccc2c(C(=O)Nc3ccccc3)c(SSc3c(C(=O)Nc4ccccc4)c4cccc(OC(C)=O)c4n3C)n(C)c12,5.004364967346191,5.4552945677439375,342,72.0,False,0.5555555555555556,False,False,0,O=C(Nc1ccccc1)c1c(SSc2[nH]c3ccccc3c2C(=O)Nc2ccccc2)[nH]c2ccccc12
CHEMBL592200,Oc1c(Cl)cc(Cl)cc1CN(Cc1ccc(F)cc1)C(=S)Nc1ccccc1,5.872895240783691,5.45422398408254,343,72.21052631578948,False,0.7843137254901961,False,False,0,S=C(Nc1ccccc1)N(Cc1ccccc1)Cc1ccccc1
CHEMBL60472,COc1ccc2c(C(=O)Nc3ccccc3)c(SSc3c(C(=O)Nc4ccccc4)c4ccc(OC)cc4n3C)n(C)c2c1,5.443697452545166,5.453814363204517,344,72.42105263157895,False,0.5370370370370371,False,False,0,O=C(Nc1ccccc1)c1c(SSc2[nH]c3ccccc3c2C(=O)Nc2ccccc2)[nH]c2ccccc12
CHEMBL59812,CC(=O)Oc1cccc2c1c(C(=O)Nc1ccccc1)c(SSc1c(C(=O)Nc3ccccc3)c3c(OC(C)=O)cccc3n1C)n2C,4.698969841003418,5.430428599516551,345,72.63157894736842,False,0.47368421052631576,False,False,0,O=C(Nc1ccccc1)c1c(SSc2[nH]c3ccccc3c2C(=O)Nc2ccccc2)[nH]c2ccccc12
CHEMBL592201,Oc1c(Br)cc(Br)cc1CN(Cc1ccc(F)cc1)C(=S)Nc1ccccc1,5.75448751449585,5.424959495862325,346,72.84210526315789,False,0.7843137254901961,False,False,0,S=C(Nc1ccccc1)N(Cc1ccccc1)Cc1ccccc1
CHEMBL61119,CC(=O)Oc1ccc2c(c1)c(C(=O)Nc1ccccc1)c(SSc1c(C(=O)Nc3ccccc3)c3cc(OC(C)=O)ccc3n1C)n2C,5.275723934173584,5.4191692060262735,347,73.05263157894737,False,0.5178571428571429,False,False,0,O=C(Nc1ccccc1)c1c(SSc2[nH]c3ccccc3c2C(=O)Nc2ccccc2)[nH]c2ccccc12
CHEMBL3741069,Cc1[nH]c(-c2ccccc2)c(-c2ccccc2)c1C(=O)c1cn(-c2ccccc2)nc1-c1ccccc1,5.591760158538818,5.416833683649699,348,73.26315789473684,False,0.7647058823529411,False,False,0,O=C(c1cn(-c2ccccc2)nc1-c1ccccc1)c1c[nH]c(-c2ccccc2)c1-c1ccccc1
CHEMBL604671,O=C1CSC(N/N=C/c2ccc([N+](=O)[O-])cc2)=N1,5.166215419769287,5.414649639583769,349,73.47368421052632,False,0.44642857142857145,False,False,0,O=C1CSC(NN=Cc2ccccc2)=N1
CHEMBL954,CCN(CC)CCOc1ccc(/C(=C(/Cl)c2ccccc2)c2ccccc2)cc1,5.978810787200928,5.405043494511534,350,73.6842105263158,False,0.36923076923076925,False,False,0,C(=C(c1ccccc1)c1ccccc1)c1ccccc1
CHEMBL424302,N#C/C(=C\c1ccc(O)c(O)c1)C(=O)NCCCCCCCCCCNC(=O)/C(C#N)=C/c1ccc(O)c(O)c1,5.886056423187256,5.404853043730927,351,73.89473684210526,False,1.0,False,False,0,O=C(C=Cc1ccccc1)NCCCCCCCCCCNC(=O)C=Cc1ccccc1
CHEMBL357400,COc1cc(/C=C(\C#N)C(=O)NCCCCNC(=O)/C(C#N)=C/c2cc(Br)c(O)c(OC)c2)cc(Br)c1O,3.991399765014648,5.402014779991574,352,74.10526315789474,False,0.6938775510204082,False,False,0,O=C(C=Cc1ccccc1)NCCCCNC(=O)C=Cc1ccccc1
CHEMBL292323,COc1cccc2c(C(=O)Nc3ccccc3)c(SSc3c(C(=O)Nc4ccccc4)c4cccc(OC)c4n3C)n(C)c12,5.187086582183838,5.400988915761312,353,74.3157894736842,False,0.5769230769230769,False,False,0,O=C(Nc1ccccc1)c1c(SSc2[nH]c3ccccc3c2C(=O)Nc2ccccc2)[nH]c2ccccc12
CHEMBL293251,Cn1c(SSc2c(C(=O)Nc3ccccc3)c3cc(Br)ccc3n2C)c(C(=O)Nc2ccccc2)c2cc(Br)ccc21,4.9430952072143555,5.400104011419493,354,74.52631578947368,False,0.5576923076923077,False,False,0,O=C(Nc1ccccc1)c1c(SSc2[nH]c3ccccc3c2C(=O)Nc2ccccc2)[nH]c2ccccc12
CHEMBL5967377,CN(C)C(=O)N[C@@H]1CCCN(c2cnc(C(N)=O)c(Nc3ccc(C4CCN(C5CCCCC5)CC4)cc3)n2)C1,5.259637355804443,5.399637355804443,355,74.73684210526316,False,0.9850746268656716,False,False,0,c1cc(C2CCN(C3CCCCC3)CC2)ccc1Nc1cncc(N2CCCCC2)n1
CHEMBL3741655,Cc1[nH]c(-c2ccccc2)c(-c2ccccc2)c1-c1nnc(C)c2nn(-c3ccc(Cl)cc3)cc12,5.593459606170654,5.3967463819185895,356,74.94736842105263,False,0.4925373134328358,False,False,0,c1ccc(-c2[nH]cc(-c3nncc4nn(-c5ccccc5)cc34)c2-c2ccccc2)cc1
CHEMBL83,CC/C(=C(\c1ccccc1)c1ccc(OCCN(C)C)cc1)c1ccccc1,5.449404716491699,5.386460394881389,357,75.15789473684211,False,0.42857142857142855,False,False,0,C(=C(c1ccccc1)c1ccccc1)c1ccccc1
CHEMBL363607,Cc1ccc(F)c(C(=O)n2nc(Nc3ccc(S(N)(=O)=O)cc3)nc2C)c1F,4.339134693145752,5.384280873934428,358,75.36842105263158,False,0.515625,False,False,0,O=C(c1ccccc1)n1cnc(Nc2ccccc2)n1
CHEMBL3353399,C=CC(=O)Nc1cc(Nc2ncc(Cl)c(-c3cnn4ccccc34)n2)c(OC)cc1N1CCN(C(=O)CNC)CC1,3.806875467300415,5.38071288980378,359,75.57894736842105,False,0.8068181818181818,False,False,0,c1ccn2ncc(-c3ccnc(Nc4ccc(N5CCNCC5)cc4)n3)c2c1
CHEMBL1910273,Nc1scc2c1c(Nc1ccc(S(N)(=O)=O)cc1)nc1ncnc(N)c12,4.530178070068359,5.374954682191213,360,75.78947368421052,False,0.44776119402985076,False,False,0,c1ccc(Nc2nc3ncncc3c3cscc23)cc1
CHEMBL293889,Cn1c(SSc2c(C(=O)Nc3ccccc3)c3cc(Cl)ccc3n2C)c(C(=O)Nc2ccccc2)c2cc(Cl)ccc21,5.3665313720703125,5.3736504940191905,361,76.0,False,0.5576923076923077,False,False,0,O=C(Nc1ccccc1)c1c(SSc2[nH]c3ccccc3c2C(=O)Nc2ccccc2)[nH]c2ccccc12
CHEMBL591910,O=C1CSC(N/N=C/c2ccc(Br)cc2)=N1,5.764471530914307,5.366969793032086,362,76.21052631578948,False,0.4318181818181818,False,False,0,O=C1CSC(NN=Cc2ccccc2)=N1
CHEMBL2029695,Cn1c(NCc2cccc(C(F)(F)F)c2)cc(=O)n(C)c1=O,4.07623815536499,5.362888447171167,363,76.42105263157895,False,0.359375,False,False,0,O=c1cc(NCc2ccccc2)[nH]c(=O)[nH]1
CHEMBL244948,O=c1ccc2ccc(O)c(O)c2o1,5.115204811096191,5.357434375603994,364,76.63157894736842,False,0.37777777777777777,False,False,0,O=c1ccc2ccccc2o1
CHEMBL589823,O=C1CSC(N/N=C/c2ccc(Cl)cc2)=N1,5.712198257446289,5.356745499111358,365,76.84210526315789,False,0.4318181818181818,False,False,0,O=C1CSC(NN=Cc2ccccc2)=N1
CHEMBL293986,Cn1c(SSc2c(C(=O)Nc3ccccc3)c3c(Cl)cccc3n2C)c(C(=O)Nc2ccccc2)c2c(Cl)cccc21,4.0,5.356084451675415,366,77.05263157894737,False,0.5094339622641509,False,False,0,O=C(Nc1ccccc1)c1c(SSc2[nH]c3ccccc3c2C(=O)Nc2ccccc2)[nH]c2ccccc12
CHEMBL4241867,O=C(N/N=C1\CC2(CCCC2)Oc2ccccc21)Nc1ccc(Cl)cc1,5.721246242523193,5.35590575006273,367,77.26315789473684,False,0.3835616438356164,False,False,0,O=C(NN=C1CC2(CCCC2)Oc2ccccc21)Nc1ccccc1
CHEMBL3740582,Cc1[nH]c(-c2ccccc2)c(-c2ccccc2)c1-c1nnc(C)c2nn(-c3ccccc3)cc12,5.410050392150879,5.355382823944092,368,77.47368421052632,False,0.45161290322580644,False,False,0,c1ccc(-c2[nH]cc(-c3nncc4nn(-c5ccccc5)cc34)c2-c2ccccc2)cc1
CHEMBL291979,Cn1c(SSc2c(C(=O)Nc3ccccc3)c3cc(C#N)ccc3n2C)c(C(=O)Nc2ccccc2)c2cc(C#N)ccc21,4.266802787780762,5.351878430445989,369,77.6842105263158,False,0.5272727272727272,False,False,0,O=C(Nc1ccccc1)c1c(SSc2[nH]c3ccccc3c2C(=O)Nc2ccccc2)[nH]c2ccccc12
CHEMBL589822,O=C1CSC(N/N=C/c2ccc(F)cc2)=N1,5.661543369293213,5.33793708634755,370,77.89473684210526,False,0.4418604651162791,False,False,0,O=C1CSC(NN=Cc2ccccc2)=N1
CHEMBL3742060,Cc1ccc(-n2cc3c(-c4c(C)[nH]c(-c5ccccc5)c4-c4ccccc4)nnc(C)c3n2)cc1,5.265200138092041,5.322139765103659,371,78.10526315789474,False,0.47692307692307695,False,False,0,c1ccc(-c2[nH]cc(-c3nncc4nn(-c5ccccc5)cc34)c2-c2ccccc2)cc1
CHEMBL64430,Cn1c(SSc2c(C(=O)Nc3ccccc3)c3cc([N+](=O)[O-])ccc3n2C)c(C(=O)Nc2ccccc2)c2cc([N+](=O)[O-])ccc21,5.301030158996582,5.318100781043371,372,78.3157894736842,False,0.5178571428571429,False,False,0,O=C(Nc1ccccc1)c1c(SSc2[nH]c3ccccc3c2C(=O)Nc2ccccc2)[nH]c2ccccc12
CHEMBL345837,Cn1c(SSc2c(C(=O)Nc3cccc(C(=O)O)c3)c3ccccc3n2C)c(C(=O)Nc2cccc(C(=O)O)c2)c2ccccc21,4.92081880569458,5.314883493979772,373,78.52631578947368,False,0.6041666666666666,False,False,0,O=C(Nc1ccccc1)c1c(SSc2[nH]c3ccccc3c2C(=O)Nc2ccccc2)[nH]c2ccccc12
CHEMBL590876,O=C1CSC(N/N=C/c2ccc(O)cc2)=N1,5.326979160308838,5.311763195915828,374,78.73684210526316,False,0.4318181818181818,False,False,0,O=C1CSC(NN=Cc2ccccc2)=N1
CHEMBL4776925,S=C(NNc1ccccc1)Nc1ccc2c(c1)OCO2,5.082809925079346,5.3059133647680286,375,78.94736842105263,False,0.6222222222222222,False,False,0,S=C(NNc1ccccc1)Nc1ccc2c(c1)OCO2
CHEMBL347161,Cn1c(SSc2c(C(=O)Nc3ccc(C(=O)O)cc3)c3ccccc3n2C)c(C(=O)Nc2ccc(C(=O)O)cc2)c2ccccc21,4.77211332321167,5.302548809051514,376,79.15789473684211,False,0.7209302325581395,False,False,0,O=C(Nc1ccccc1)c1c(SSc2[nH]c3ccccc3c2C(=O)Nc2ccccc2)[nH]c2ccccc12
CHEMBL62843,Cn1c(SSc2c(C(=O)Nc3ccccc3)c3cccc(O)c3n2C)c(C(=O)Nc2ccccc2)c2cccc(O)c21,4.0,5.302025356292725,377,79.36842105263158,False,0.6122448979591837,False,False,0,O=C(Nc1ccccc1)c1c(SSc2[nH]c3ccccc3c2C(=O)Nc2ccccc2)[nH]c2ccccc12
CHEMBL304414,Cn1c(SSc2c(C(=O)Nc3ccccc3)c3ccccc3n2C)c(C(=O)Nc2ccccc2)c2ccccc21,4.981286525726318,5.300565478006999,378,79.57894736842105,False,0.717948717948718,False,False,0,O=C(Nc1ccccc1)c1c(SSc2[nH]c3ccccc3c2C(=O)Nc2ccccc2)[nH]c2ccccc12
CHEMBL1504817,O=C1NN(c2ccc(F)c(Cl)c2)C(=O)/C1=C\c1cccc(OC(=O)c2cccs2)c1,5.455932140350342,5.28908816046185,379,79.78947368421052,False,0.4666666666666667,False,False,0,O=C1NN(c2ccccc2)C(=O)C1=Cc1cccc(OC(=O)c2cccs2)c1
CHEMBL293913,Cn1c(SSc2c(C(=O)Nc3ccccc3)c3ccc(O)cc3n2C)c(C(=O)Nc2ccccc2)c2ccc(O)cc21,4.3565473556518555,5.287237441539764,380,80.0,False,0.5686274509803921,False,False,0,O=C(Nc1ccccc1)c1c(SSc2[nH]c3ccccc3c2C(=O)Nc2ccccc2)[nH]c2ccccc12
CHEMBL5863747,COC1CCN(c2nccc(Nc3cc4c(cn3)nc(COCCN3CCN(CCOCC(=O)N[C@H](C(=O)N5C[C@H](O)C[C@H]5C(=O)N[C@@H](C)c5ccc(-c6scnc6C)cc5)C(C)(C)C)CC3)n4C(C)C)n2)CC1,4.92081880569458,5.284432855447133,381,80.21052631578948,False,0.9743589743589743,False,False,0,O=C(COCCN1CCN(CCOCc2nc3cnc(Nc4ccnc(N5CCCCC5)n4)cc3[nH]2)CC1)NCC(=O)N1CCCC1C(=O)NCc1ccc(-c2cncs2)cc1
CHEMBL589503,O=C(NC1CCCC1)c1ccc(N(CCCl)CCCl)cc1,4.452348232269287,5.2758552237351735,382,80.42105263157895,False,0.5714285714285714,False,False,0,O=C(NC1CCCC1)c1ccccc1
CHEMBL5082149,COc1cc(CC(=O)N2CC(=O)N[C@@H](Cc3ccccc3)C(=O)N(CC(N)=O)C(=O)CCSCc3ccc(cc3)C(=O)N[C@@H](CCCCN)CN(C(=O)CCC3CCCCC3)CC(=O)N[C@@H](Cc3ccccc3)CN(C(=O)CCc3ccccc3)CC(=O)N[C@@H](Cc3ccccc3)C2)cc(OC)c1,4.752026557922363,5.263250001271566,383,80.63157894736842,False,0.19708029197080293,False,False,0,O=C1CCSCc2ccc(cc2)C(=O)NCCN(C(=O)CCC2CCCCC2)CC(=O)NC(Cc2ccccc2)CN(C(=O)CCc2ccccc2)CC(=O)NC(Cc2ccccc2)CN(C(=O)Cc2ccccc2)CC(=O)NC(Cc2ccccc2)C(=O)N1
CHEMBL926,CC(CCc1ccc(O)cc1)NCCc1ccc(O)c(O)c1,5.25562858581543,5.2615132506877655,384,80.84210526315789,False,0.3333333333333333,False,False,0,c1ccc(CCCNCCc2ccccc2)cc1
CHEMBL293250,Cn1c(SSc2c(C(=O)Nc3ccccc3)c3cc(O)ccc3n2C)c(C(=O)Nc2ccccc2)c2cc(O)ccc21,4.392544746398926,5.24777330160141,385,81.05263157894737,False,0.5686274509803921,False,False,0,O=C(Nc1ccccc1)c1c(SSc2[nH]c3ccccc3c2C(=O)Nc2ccccc2)[nH]c2ccccc12
CHEMBL591440,CCCCN(Cc1cc(Cl)cc(Cl)c1O)C(=S)Nc1ccccc1,4.608182907104492,5.232754248380661,386,81.26315789473684,False,0.5818181818181818,False,False,0,S=C(NCc1ccccc1)Nc1ccccc1
CHEMBL309075,NCCNC(=O)c1ccc(S(=O)(=O)Oc2ccc(/C=C/[N+](=O)[O-])cc2)cc1,5.284317970275879,5.232185003757476,387,81.47368421052632,False,0.4235294117647059,False,False,0,O=S(=O)(Oc1ccccc1)c1ccccc1
CHEMBL589590,CCCCN(Cc1cc(Br)cc(Br)c1O)C(=S)Nc1ccccc1,4.495665073394775,5.214389609495798,388,81.6842105263158,False,0.5818181818181818,False,False,0,S=C(NCc1ccccc1)Nc1ccccc1
CHEMBL345862,Cn1c(SSc2c(C(=O)Nc3ccccc3C(=O)O)c3ccccc3n2C)c(C(=O)Nc2ccccc2C(=O)O)c2ccccc21,4.327902317047119,5.206103947559993,389,81.89473684210526,False,0.6363636363636364,False,False,0,O=C(Nc1ccccc1)c1c(SSc2[nH]c3ccccc3c2C(=O)Nc2ccccc2)[nH]c2ccccc12
CHEMBL312451,C[C@@H](NC(=O)c1ccc(S(=O)(=O)Oc2ccc(/C=C/[N+](=O)[O-])cc2)cc1)C(=O)N[C@H](C)C(=O)OC(C)(C)C,4.397940158843994,5.196268266836802,390,82.10526315789474,False,0.3684210526315789,False,False,0,O=S(=O)(Oc1ccccc1)c1ccccc1
CHEMBL483234,C[C@H](NC(=O)c1ccc(S(=O)(=O)Oc2ccc(/C=C/[N+](=O)[O-])cc2)cc1)C(=O)N[C@@H](C)C(=O)OC(C)(C)C,4.397940158843994,5.196268266836802,391,82.3157894736842,False,0.3684210526315789,False,False,0,O=S(=O)(Oc1ccccc1)c1ccccc1
CHEMBL1242665,CC(C)n1nc(-c2ccn3ccnc3c2)c2c(N)ncnc21,4.346787452697754,5.191903134981791,392,82.52631578947368,False,0.6346153846153846,False,False,0,c1ncc2c(-c3ccn4ccnc4c3)n[nH]c2n1
CHEMBL543600,CC(CN(C)C)C(=O)c1ccc(OS(=O)(=O)c2ccc(C(=O)O)cc2)cc1,4.0,5.189510324796041,393,82.73684210526316,False,0.3548387096774194,False,False,0,O=S(=O)(Oc1ccccc1)c1ccccc1
CHEMBL145266,COc1cc(/C=C(\C#N)C(=O)NCCCCNC(=O)/C(C#N)=C/c2cc(OC)c(O)c([N+](=O)[O-])c2)cc([N+](=O)[O-])c1O,4.336014270782471,5.1786068005561825,394,82.94736842105263,False,0.6346153846153846,False,False,0,O=C(C=Cc1ccccc1)NCCCCNC(=O)C=Cc1ccccc1
CHEMBL1077069,CC1=C(C(=O)Nc2cccc([N+](=O)[O-])c2)C(c2ccc(O)cc2O)NC(Nc2ccc(S(=O)(=O)Nc3nc(C)cc(C)n3)cc2)=N1,4.097997188568115,5.175033473571141,395,83.15789473684211,False,0.6710526315789473,False,False,0,O=C(Nc1ccccc1)C1=CN=C(Nc2ccc(S(=O)(=O)Nc3ncccn3)cc2)NC1c1ccccc1
CHEMBL1242208,CC(C)n1nc(-c2ccc3ccncc3c2)c2c(N)ncnc21,4.0,5.168410269419352,396,83.36842105263158,False,0.9148936170212766,False,False,0,c1cc2ccc(-c3n[nH]c4ncncc34)cc2cn1
CHEMBL1641997,N#Cc1cnc(Nc2cccc(Br)c2)c2cc(NC(=O)c3ccoc3)ccc12,4.3448615074157715,5.163637787501017,397,83.57894736842105,False,0.734375,False,False,0,O=C(Nc1ccc2ccnc(Nc3ccccc3)c2c1)c1ccoc1
CHEMBL604785,Cc1cccc(CN(Cc2ccc(O)cc2)C(=S)Nc2ccccc2)c1O,5.460923671722412,5.162366448243459,398,83.78947368421052,False,0.7659574468085106,False,False,0,S=C(Nc1ccccc1)N(Cc1ccccc1)Cc1ccccc1
CHEMBL77401,COC(=O)c1ccc(S(=O)(=O)Oc2ccc(/C=C/[N+](=O)[O-])cc2)cc1,5.761439323425293,5.149657864570617,399,84.0,False,0.45569620253164556,False,False,0,O=S(=O)(Oc1ccccc1)c1ccccc1
CHEMBL2332119,NC(=O)C1=C(N)C(=O)C=C(Nc2ccccc2O)C1=O,5.585026741027832,5.1400106040636695,400,84.21052631578948,False,0.24324324324324326,False,False,0,O=C1C=CC(=O)C(Nc2ccccc2)=C1
CHEMBL5923228,O=C1CCC(N2C(=O)c3cccc(NCCOCCOCCOCCOCC#Cc4cccc5c4C(=O)N([C@@H](C(=O)Nc4nccs4)c4cc(F)ccc4O)C5)c3C2=O)C(=O)N1,5.292513370513916,5.1182612399700576,401,84.42105263157895,False,1.0,False,False,0,O=C1CCC(N2C(=O)c3cccc(NCCOCCOCCOCCOCC#Cc4cccc5c4C(=O)N(C(C(=O)Nc4nccs4)c4ccccc4)C5)c3C2=O)C(=O)N1
CHEMBL5792559,COC1CCN(c2nccc(Nc3cc4c(cn3)nc(COCCOCCOCC(=O)N[C@H](C(=O)N3C[C@@H](O)C[C@@H]3C(=O)N[C@@H](C)c3ccc(-c5scnc5C)cc3)C(C)(C)C)n4C(C)C)n2)CC1,4.9836907386779785,5.111098834787096,402,84.63157894736842,False,1.0,False,False,0,O=C(COCCOCCOCc1nc2cnc(Nc3ccnc(N4CCCCC4)n3)cc2[nH]1)NCC(=O)N1CCCC1C(=O)NCc1ccc(-c2cncs2)cc1
CHEMBL5873242,COC1CCN(c2nccc(Nc3cc4c(cn3)nc(COCCOCCOCCOCC(=O)N[C@H](C(=O)N3C[C@@H](O)C[C@@H]3C(=O)N[C@@H](C)c3ccc(-c5scnc5C)cc3)C(C)(C)C)n4C(C)C)n2)CC1,4.828394412994385,5.111098834787096,403,84.84210526315789,False,1.0,False,False,0,O=C(COCCOCCOCCOCc1nc2cnc(Nc3ccnc(N4CCCCC4)n3)cc2[nH]1)NCC(=O)N1CCCC1C(=O)NCc1ccc(-c2cncs2)cc1
CHEMBL418907,COc1cc(/C=C/[N+](=O)[O-])ccc1OS(=O)(=O)c1ccc(C(=O)O)cc1,5.53786039352417,5.105936799049378,404,85.05263157894737,False,0.54,False,False,0,O=S(=O)(Oc1ccccc1)c1ccccc1
CHEMBL418906,CC(C)(C)OC(=O)NCCNC(=O)c1ccc(S(=O)(=O)Oc2ccc(/C=C/[N+](=O)[O-])cc2)cc1,5.926936149597168,5.096506779988607,405,85.26315789473684,False,0.3804347826086957,False,False,0,O=S(=O)(Oc1ccccc1)c1ccccc1
CHEMBL5798503,Cc1ncsc1-c1ccc([C@H](C)NC(=O)[C@@H]2C[C@@H](O)CN2C(=O)[C@@H](NC(=O)COCCOCCOCCc2ccc(OC3CCN(c4nccc(Nc5cc6c(cn5)nc(C)n6C(C)C)n4)CC3)cc2)C(C)(C)C)cc1,4.853871822357178,5.081416017066865,406,85.47368421052632,False,0.7874015748031497,False,False,0,O=C(COCCOCCOCCc1ccc(OC2CCN(c3nccc(Nc4cc5[nH]cnc5cn4)n3)CC2)cc1)NCC(=O)N1CCCC1C(=O)NCc1ccc(-c2cncs2)cc1
CHEMBL76929,COC(=O)c1ccc(S(=O)(=O)Oc2ccc(/C=C/[N+](=O)[O-])cc2)cc1O,5.721848964691162,5.0714156189671264,407,85.6842105263158,False,0.4444444444444444,False,False,0,O=S(=O)(Oc1ccccc1)c1ccccc1
CHEMBL592247,Cc1cc(C)c(O)c(CN(Cc2ccc(O)cc2)C(=S)Nc2ccccc2)c1,5.2343316078186035,5.070165080229441,408,85.89473684210526,False,0.7755102040816326,False,False,0,S=C(Nc1ccccc1)N(Cc1ccccc1)Cc1ccccc1
CHEMBL158275,Cn1c(SSc2c(C(=O)NCc3ccccc3)c3ccccc3n2C)c(C(=O)NCc2ccccc2)c2ccccc21,5.7695512771606445,5.068648187319438,409,86.10526315789474,False,0.7619047619047619,False,False,0,O=C(NCc1ccccc1)c1c(SSc2[nH]c3ccccc3c2C(=O)NCc2ccccc2)[nH]c2ccccc12
CHEMBL1241775,CC(C)n1nc(-c2cnc3nccnc3c2)c2c(N)ncnc21,4.15490198135376,5.067616980075837,410,86.3157894736842,False,0.7142857142857143,False,False,0,c1cnc2ncc(-c3n[nH]c4ncncc34)cc2n1
CHEMBL4455321,Cn1cc(NC(=O)c2cccc(NS(=O)(=O)c3ccc(Cl)cc3)c2)cn1,4.516412734985352,5.067227755387624,411,86.52631578947368,False,0.7368421052631579,False,False,0,O=C(Nc1cn[nH]c1)c1cccc(NS(=O)(=O)c2ccccc2)c1
CHEMBL78206,CC(C)(C)NC(=O)c1ccc(S(=O)(=O)Oc2ccc(/C=C/[N+](=O)[O-])cc2)cc1,5.886056423187256,5.067105112075805,412,86.73684210526316,False,0.4,False,False,0,O=S(=O)(Oc1ccccc1)c1ccccc1
CHEMBL319244,O=C(/C=C/c1ccc(O)c(O)c1)OCCc1ccccc1,5.997833728790283,5.0634957745340134,413,86.94736842105263,False,0.525,False,False,0,O=C(C=Cc1ccccc1)OCCc1ccccc1
CHEMBL347659,COC(=O)c1ccc(CNC(=O)c2c(SSc3c(C(=O)NCc4ccc(C(=O)OC)cc4)c4ccccc4n3C)n(C)c3ccccc23)cc1,4.886056423187256,5.063345096906026,414,87.15789473684211,False,0.723404255319149,False,False,0,O=C(NCc1ccccc1)c1c(SSc2[nH]c3ccccc3c2C(=O)NCc2ccccc2)[nH]c2ccccc12
CHEMBL56201,CN1C(=O)C(=C(C#N)C#N)c2cc(O)ccc21,4.585026741027832,5.05634522263209,415,87.36842105263158,False,0.2926829268292683,False,False,0,C=C1C(=O)Nc2ccccc21
CHEMBL77100,CCCCNC(=O)c1ccc(S(=O)(=O)Oc2ccc(/C=C/[N+](=O)[O-])cc2)cc1,5.309894561767578,5.053027322292328,416,87.57894736842105,False,0.3977272727272727,False,False,0,O=S(=O)(Oc1ccccc1)c1ccccc1
CHEMBL309392,C[C@@H](NC(=O)c1ccc(S(=O)(=O)Oc2ccc(/C=C/[N+](=O)[O-])cc2)cc1)C(=O)N[C@H](C)C(=O)NCCN,4.7695512771606445,5.052953255971273,417,87.78947368421052,False,0.375,False,False,0,O=S(=O)(Oc1ccccc1)c1ccccc1
CHEMBL488101,C[C@H](NC(=O)c1ccc(S(=O)(=O)Oc2ccc(/C=C/[N+](=O)[O-])cc2)cc1)C(=O)N[C@@H](C)C(=O)NCCN,4.698969841003418,5.052953255971273,418,88.0,False,0.375,False,False,0,O=S(=O)(Oc1ccccc1)c1ccccc1
CHEMBL158805,Cn1c(SSc2c(C(=O)NCc3ccc(C(=O)O)cc3)c3ccccc3n2C)c(C(=O)NCc2ccc(C(=O)O)cc2)c2ccccc21,5.275723934173584,5.0520997826258345,419,88.21052631578948,False,0.6888888888888889,False,False,0,O=C(NCc1ccccc1)c1c(SSc2[nH]c3ccccc3c2C(=O)NCc2ccccc2)[nH]c2ccccc12
CHEMBL347854,Cc1ccc(S(=O)(=O)c2c(SSc3[nH]c4ccccc4c3S(=O)(=O)c3ccc(C)cc3)[nH]c3ccccc23)cc1,4.542118072509766,5.037559487024943,420,88.42105263157895,False,0.41304347826086957,False,False,0,O=S(=O)(c1ccccc1)c1c(SSc2[nH]c3ccccc3c2S(=O)(=O)c2ccccc2)[nH]c2ccccc12
CHEMBL311133,C[C@@H](NC(=O)[C@@H](C)NC(=O)c1ccc(S(=O)(=O)Oc2ccc(/C=C/[N+](=O)[O-])cc2)cc1)C(=O)O,5.15490198135376,5.036267453829447,421,88.63157894736842,False,0.38461538461538464,False,False,0,O=S(=O)(Oc1ccccc1)c1ccccc1
CHEMBL490775,C[C@H](NC(=O)[C@H](C)NC(=O)c1ccc(S(=O)(=O)Oc2ccc(/C=C/[N+](=O)[O-])cc2)cc1)C(=O)O,5.15490198135376,5.036267453829447,422,88.84210526315789,False,0.38461538461538464,False,False,0,O=S(=O)(Oc1ccccc1)c1ccccc1
CHEMBL345641,O=C(Nc1ccccc1)c1c(SSc2[nH]c3ccccc3c2C(=O)Nc2ccccc2)[nH]c2ccccc12,4.0,5.027679119110108,423,89.05263157894737,False,0.6842105263157895,False,False,0,O=C(Nc1ccccc1)c1c(SSc2[nH]c3ccccc3c2C(=O)Nc2ccccc2)[nH]c2ccccc12
CHEMBL5812290,COc1ccccc1Sc1sc2nc(N)nc(N)c2c1C,4.98254919052124,5.02013708670934,424,89.26315789473684,False,0.41935483870967744,False,False,0,c1ccc(Sc2cc3cncnc3s2)cc1
CHEMBL78280,CNC(=O)c1ccc(S(=O)(=O)Oc2ccc(/C=C(\C)[N+](=O)[O-])cc2OC)cc1,5.397940158843994,5.012691206932068,425,89.47368421052632,False,0.4,False,False,0,O=S(=O)(Oc1ccccc1)c1ccccc1
CHEMBL3353395,C=CC(=O)Nc1cc(Nc2ncc(Cl)c(-c3cnn4ccccc34)n2)c(OC)cc1N1CCN(C(=O)CN(C)C)CC1,4.136677265167236,5.009743266767925,426,89.6842105263158,False,0.797752808988764,False,False,0,c1ccn2ncc(-c3ccnc(Nc4ccc(N5CCNCC5)cc4)n3)c2c1
CHEMBL4066118,c1ccc2c(Cc3nnc(Cc4nc5ccccc5[nH]4)o3)cccc2c1,5.2441253662109375,4.997055344581604,427,89.89473684210526,False,0.7111111111111111,False,False,0,c1ccc2c(Cc3nnc(Cc4nc5ccccc5[nH]4)o3)cccc2c1
CHEMBL589801,Cc1cccc(CN(Cc2ccc(F)cc2)C(=S)Nc2ccccc2)c1O,5.068542003631592,4.995344082514445,428,90.10526315789474,False,0.7755102040816326,False,False,0,S=C(Nc1ccccc1)N(Cc1ccccc1)Cc1ccccc1
CHEMBL77397,COc1cc(/C=C(\C)[N+](=O)[O-])ccc1OS(=O)(=O)c1ccc(C(=O)O)cc1,5.562469482421875,4.989999415079753,429,90.3157894736842,False,0.4230769230769231,False,False,0,O=S(=O)(Oc1ccccc1)c1ccccc1
CHEMBL336410,O=C(NCc1ccccc1)[C@H](Cc1c([Se][Se]c2[nH]c3ccccc3c2C[C@@H](NC(=O)C(F)(F)F)C(=O)NCc2ccccc2)[nH]c2ccccc12)NC(=O)C(F)(F)F,5.15490198135376,4.974861249128978,430,90.52631578947368,False,0.4098360655737705,False,False,0,O=C(CCc1c([Se][Se]c2[nH]c3ccccc3c2CCC(=O)NCc2ccccc2)[nH]c2ccccc12)NCc1ccccc1
CHEMBL347668,O=C(CCc1c(SSc2[nH]c3ccccc3c2CCC(=O)NCc2ccc(C(=O)O)c(O)c2)[nH]c2ccccc12)NCc1ccc(C(=O)O)c(O)c1,5.070580959320068,4.971054382957091,431,90.73684210526316,False,0.6363636363636364,False,False,0,O=C(CCc1c(SSc2[nH]c3ccccc3c2CCC(=O)NCc2ccccc2)[nH]c2ccccc12)NCc1ccccc1
CHEMBL422540,c1ccc(-c2c(SSc3[nH]c4ccccc4c3-c3ccccc3)[nH]c3ccccc23)cc1,4.0,4.962648701667786,432,90.94736842105263,False,0.46153846153846156,False,False,0,c1ccc(-c2c(SSc3[nH]c4ccccc4c3-c3ccccc3)[nH]c3ccccc23)cc1
CHEMBL589413,CCCCN(Cc1cccc(Cl)c1O)C(=S)Nc1ccccc1,4.741841793060303,4.931079880396525,433,91.15789473684211,False,0.7708333333333334,False,False,0,S=C(NCc1ccccc1)Nc1ccccc1
CHEMBL47173,O=C1Nc2ccccc2/C1=C/c1ccc(-c2cccs2)s1,4.995678424835205,4.927918244202932,434,91.36842105263158,False,0.5833333333333334,False,False,0,O=C1Nc2ccccc2C1=Cc1ccc(-c2cccs2)s1
CHEMBL1241770,Nc1ncnc2c1c(-c1ccc(Cl)c(O)c1)nn2CC1CCNC1,5.696804046630859,4.923465898831686,435,91.57894736842105,False,0.896551724137931,False,False,0,c1ccc(-c2nn(CC3CCNC3)c3ncncc23)cc1
CHEMBL4102214,c1ccc(C(c2ccccc2)c2nnc(Cc3nc4ccccc4[nH]3)o2)cc1,4.346787452697754,4.922748419443766,436,91.78947368421052,False,0.6666666666666666,False,False,0,c1ccc(C(c2ccccc2)c2nnc(Cc3nc4ccccc4[nH]3)o2)cc1
CHEMBL154822,COC(=O)c1ccc(CNC(=O)CCc2c(SSc3[nH]c4ccccc4c3CCC(=O)NCc3ccc(C(=O)OC)c(O)c3)[nH]c3ccccc23)cc1O,4.0,4.913562091983427,437,92.0,False,0.5964912280701754,False,False,0,O=C(CCc1c(SSc2[nH]c3ccccc3c2CCC(=O)NCc2ccccc2)[nH]c2ccccc12)NCc1ccccc1
CHEMBL464721,CCC(C)/C=C/C(=O)C(=O)/C=C/C=C/C=C/C=C/C=C/C=C/[C@@H]1C[C@@H](O)[C@H](C(=O)O)O1,5.79587984085083,4.911958226097955,438,92.21052631578948,False,0.16455696202531644,False,False,0,C1CCOC1
CHEMBL3353402,C=CC(=O)Nc1cc(Nc2ncc(Cl)c(-c3cnn4ccccc34)n2)c(OC)cc1N1CCN(C(=O)[C@@H](C)N)CC1,3.454692840576172,4.907449685573578,439,92.42105263157895,False,0.797752808988764,False,False,0,c1ccn2ncc(-c3ccnc(Nc4ccc(N5CCNCC5)cc4)n3)c2c1
CHEMBL3353396,C=CC(=O)Nc1cc(Nc2ncc(Cl)c(-c3cnn4ccccc34)n2)c(OC)cc1N1CCN(C(=O)[C@H](C)N)CC1,4.552842140197754,4.907449685573578,440,92.63157894736842,False,0.797752808988764,False,False,0,c1ccn2ncc(-c3ccnc(Nc4ccc(N5CCNCC5)cc4)n3)c2c1
CHEMBL4552065,Cn1cc(NC(=O)c2cccc(NS(=O)(=O)c3ccccc3)c2)cn1,4.464959144592285,4.90448656241099,441,92.84210526315789,False,0.7755102040816326,False,False,0,O=C(Nc1cn[nH]c1)c1cccc(NS(=O)(=O)c2ccccc2)c1
CHEMBL3353400,C=CC(=O)Nc1cc(Nc2ncc(Cl)c(-c3cnn4ccccc34)n2)c(OC)cc1N1CCN(C(=O)[C@H](C)O)CC1,3.7471470832824703,4.904429201655917,442,93.05263157894737,False,0.8068181818181818,False,False,0,c1ccn2ncc(-c3ccnc(Nc4ccc(N5CCNCC5)cc4)n3)c2c1
CHEMBL5960969,Cc1ncsc1-c1ccc([C@H](C)NC(=O)[C@H]2C[C@H](O)CN2C(=O)[C@@H](NC(=O)COCCOCCOCCOCCOC2CCN(c3nccc(Nc4cc5c(cn4)nc(C)n5C(C)C)n3)CC2)C(C)(C)C)cc1,4.853871822357178,4.900658983351692,443,93.26315789473684,False,0.8403361344537815,False,False,0,O=C(COCCOCCOCCOCCOC1CCN(c2nccc(Nc3cc4[nH]cnc4cn3)n2)CC1)NCC(=O)N1CCCC1C(=O)NCc1ccc(-c2cncs2)cc1
CHEMBL4087489,C1=CC2=C(Cc3nnc(Cc4nc5ccccc5[nH]4)o3)CNC2C=C1,4.064492702484131,4.894057231744131,444,93.47368421052632,False,0.5471698113207547,False,False,0,C1=CC2=C(Cc3nnc(Cc4nc5ccccc5[nH]4)o3)CNC2C=C1
CHEMBL592224,Cc1cc(C)c(O)c(CN(Cc2ccc(F)cc2)C(=S)Nc2ccccc2)c1,4.711974620819092,4.888396453857422,445,93.6842105263158,False,0.7843137254901961,False,False,0,S=C(Nc1ccccc1)N(Cc1ccccc1)Cc1ccccc1
CHEMBL606027,CCCCN(Cc1cccc(Br)c1O)C(=S)Nc1ccccc1,4.656788349151611,4.863155620892843,446,93.89473684210526,False,0.7708333333333334,False,False,0,S=C(NCc1ccccc1)Nc1ccccc1
CHEMBL591437,CCCCN(Cc1cccc(C)c1O)C(=S)Nc1ccccc1,4.364415645599365,4.840523144404093,447,94.10526315789474,False,0.5849056603773585,False,False,0,S=C(NCc1ccccc1)Nc1ccccc1
CHEMBL2047253,Nc1nc2c(c(Nc3ccc(Cl)cc3F)n1)-c1ccccc1C2,4.931814193725586,4.822272231049007,448,94.3157894736842,False,0.5084745762711864,False,False,0,c1ccc(Nc2ncnc3c2-c2ccccc2C3)cc1
CHEMBL347160,O=C(NCc1ccccc1)c1c(SSc2[nH]c3ccccc3c2C(=O)NCc2ccccc2)[nH]c2ccccc12,4.823908805847168,4.81968367099762,449,94.52631578947368,False,0.65,False,False,0,O=C(NCc1ccccc1)c1c(SSc2[nH]c3ccccc3c2C(=O)NCc2ccccc2)[nH]c2ccccc12
CHEMBL155389,O=C(CC1C(S)=Nc2ccccc21)NCc1ccccc1,4.0,4.819189289410909,450,94.73684210526316,False,0.7727272727272727,False,False,0,O=C(CC1C=Nc2ccccc21)NCc1ccccc1
CHEMBL57462,N#CC(C#N)=C1C(=O)Nc2cc(O)c(O)cc21,5.562469482421875,4.794926023483276,451,94.94736842105263,False,0.48484848484848486,False,False,0,C=C1C(=O)Nc2ccccc21
CHEMBL336409,N[C@H](Cc1c([Se][Se]c2[nH]c3ccccc3c2C[C@H](N)C(=O)NCc2ccccc2)[nH]c2ccccc12)C(=O)NCc1ccccc1,5.965907096862793,4.752416838010152,452,95.15789473684211,False,0.46296296296296297,False,False,0,O=C(CCc1c([Se][Se]c2[nH]c3ccccc3c2CCC(=O)NCc2ccccc2)[nH]c2ccccc12)NCc1ccccc1
CHEMBL346716,CC(=O)NC(Cc1c(SSc2[nH]c3ccccc3c2CC(NC(C)=O)C(=O)NCc2ccccc2)[nH]c2ccccc12)C(=O)NCc1ccccc1,4.2924299240112305,4.7285492753982545,453,95.36842105263158,False,0.5961538461538461,False,False,0,O=C(CCc1c(SSc2[nH]c3ccccc3c2CCC(=O)NCc2ccccc2)[nH]c2ccccc12)NCc1ccccc1
CHEMBL2047248,Nc1nc2c(c(Nc3cccc(Br)c3)n1)-c1ccccc1C2,4.617982864379883,4.712032303015391,454,95.57894736842105,False,0.6938775510204082,False,False,0,c1ccc(Nc2ncnc3c2-c2ccccc2C3)cc1
CHEMBL2047245,CC(C)c1ccc(Nc2nc(N)nc3c2-c2ccccc2C3)cc1,4.3705902099609375,4.705568656921387,455,95.78947368421052,False,0.4807692307692308,False,False,0,c1ccc(Nc2ncnc3c2-c2ccccc2C3)cc1
CHEMBL3800448,CC(O)c1cccc(NC(=O)c2cc3ccccc3[nH]2)c1,4.4685211181640625,4.7041132497787475,456,96.0,False,0.7777777777777778,False,False,0,O=C(Nc1ccccc1)c1cc2ccccc2[nH]1
CHEMBL348146,CC(=O)OC(Cc1c(SSc2[nH]c3ccccc3c2CC(OC(C)=O)C(=O)NCc2ccccc2)[nH]c2ccccc12)C(=O)NCc1ccccc1,4.552842140197754,4.689707050588396,457,96.21052631578948,False,0.5849056603773585,False,False,0,O=C(CCc1c(SSc2[nH]c3ccccc3c2CCC(=O)NCc2ccccc2)[nH]c2ccccc12)NCc1ccccc1
CHEMBL2047241,Nc1nc2c(c(Nc3ccc(F)cc3)n1)-c1ccccc1C2,3.5589334964752197,4.679732648531596,458,96.42105263157895,False,0.5102040816326531,False,False,0,c1ccc(Nc2ncnc3c2-c2ccccc2C3)cc1
CHEMBL56964,COc1cc2c(cc1O)NC(=O)C2=C(C#N)C#N,4.221848964691162,4.639893574714661,459,96.63157894736842,False,0.4,False,False,0,C=C1C(=O)Nc2ccccc21
CHEMBL2047247,Nc1nc2c(c(Nc3ccc(Cl)cc3)n1)-c1ccccc1C2,4.585026741027832,4.6366377433141075,460,96.84210526315789,False,0.5102040816326531,False,False,0,c1ccc(Nc2ncnc3c2-c2ccccc2C3)cc1
CHEMBL592240,O=C1CSC(NN=C2CCCCCCC2)=N1,4.568636417388916,4.629451646514671,461,97.05263157894737,False,1.0,False,False,0,O=C1CSC(NN=C2CCCCCCC2)=N1
CHEMBL157952,O=C(NCc1ccccc1)C(O)Cc1c(SSc2[nH]c3ccccc3c2CC(O)C(=O)NCc2ccccc2)[nH]c2ccccc12,4.853871822357178,4.619316459496816,462,97.26315789473684,False,0.6595744680851063,False,False,0,O=C(CCc1c(SSc2[nH]c3ccccc3c2CCC(=O)NCc2ccccc2)[nH]c2ccccc12)NCc1ccccc1
CHEMBL336174,NC(Cc1c(SSc2[nH]c3ccccc3c2CC(N)C(=O)NCc2ccccc2)[nH]c2ccccc12)C(=O)NCc1ccccc1,5.130768299102783,4.617715024153392,463,97.47368421052632,False,0.6458333333333334,False,False,0,O=C(CCc1c(SSc2[nH]c3ccccc3c2CCC(=O)NCc2ccccc2)[nH]c2ccccc12)NCc1ccccc1
CHEMBL3797839,CC(=O)c1ccc(NC(=O)c2cc3ccccc3[nH]2)cc1,4.301030158996582,4.61081210454305,464,97.6842105263158,False,0.7560975609756098,False,False,0,O=C(Nc1ccccc1)c1cc2ccccc2[nH]1
CHEMBL2047242,Nc1nc2c(c(Nc3cccc(Cl)c3)n1)-c1ccccc1C2,4.707744121551514,4.610556631882986,465,97.89473684210526,False,0.68,False,False,0,c1ccc(Nc2ncnc3c2-c2ccccc2C3)cc1
CHEMBL3798556,CC(O)c1ccc(NC(=O)c2cc3ccccc3[nH]2)cc1,4.455932140350342,4.609728871981303,466,98.10526315789474,False,0.7674418604651163,False,False,0,O=C(Nc1ccccc1)c1cc2ccccc2[nH]1
CHEMBL3800262,CC(=O)c1cccc(NC(=O)c2cc3ccccc3[nH]2)c1,4.2441253662109375,4.5864191818237305,467,98.3157894736842,False,0.7857142857142857,False,False,0,O=C(Nc1ccccc1)c1cc2ccccc2[nH]1
CHEMBL155293,O=C(CCc1c(SSc2[nH]c3ccccc3c2CCC(=O)NCc2ccc(C(=O)O)cc2)[nH]c2ccccc12)NCc1ccc(C(=O)O)cc1,5.130768299102783,4.579862852096557,468,98.52631578947368,False,0.7346938775510204,False,False,0,O=C(CCc1c(SSc2[nH]c3ccccc3c2CCC(=O)NCc2ccccc2)[nH]c2ccccc12)NCc1ccccc1
CHEMBL154080,COC(=O)c1ccc(CNC(=O)CCc2c(SSc3[nH]c4ccccc4c3CCC(=O)NCc3ccc(C(=O)OC)cc3)[nH]c3ccccc23)cc1,4.3565473556518555,4.54555160522461,469,98.73684210526316,False,0.660377358490566,False,False,0,O=C(CCc1c(SSc2[nH]c3ccccc3c2CCC(=O)NCc2ccccc2)[nH]c2ccccc12)NCc1ccccc1
CHEMBL291313,N#CC(C#N)=C1C(=O)Nc2ccc([N+](=O)[O-])cc21,4.397940158843994,4.498909288247426,470,98.94736842105263,False,0.4,False,False,0,C=C1C(=O)Nc2ccccc21
CHEMBL55748,N#CC(C#N)=C1C(=O)Nc2ccc(O)cc21,4.951544761657715,4.446212127010027,471,99.15789473684211,False,0.45714285714285713,False,False,0,C=C1C(=O)Nc2ccccc21
CHEMBL521155,Nc1ncnc2c1ncn2CC(=O)c1c[nH]c2ccccc12,4.455932140350342,4.442996060848236,472,99.36842105263158,False,0.7169811320754716,False,False,0,O=C(Cn1cnc2cncnc21)c1c[nH]c2ccccc12
CHEMBL19978,O=C(Nc1ccccc1)NN1C(=O)c2c(c3c4cccc(O)c4n(C4OC(CO)C(O)C(O)C4O)c3c3[nH]c4c(O)cccc4c23)C1=O,4.022276401519775,4.195700923204422,473,99.57894736842105,False,0.7534246575342466,False,False,0,O=C(Nc1ccccc1)NN1C(=O)c2c(c3c4ccccc4n(C4CCCCO4)c3c3[nH]c4ccccc4c23)C1=O
CHEMBL77381,N#C/C(=C/c1ccc[nH]1)C(=O)O,2.8664610385894775,3.7277732261021925,474,99.78947368421052,False,0.5588235294117647,False,False,0,c1cc[nH]c1
CHEMBL310514,N#CC(C#N)=Cc1ccc[nH]1,3.585026741027832,3.288944203853607,475,100.0,False,0.4411764705882353,False,False,0,c1cc[nH]c1
