compound_name_or_id,canonical_smiles,true_pIC50,known_positive,predicted_pIC50,rank,percentile_rank,max_train_tanimoto,exact_training_match,murcko_scaffold,same_scaffold_present_in_training,same_scaffold_train_count
afatinib (CHEMBL1173655),CN(C)C/C=C/C(=O)Nc1cc2c(Nc3ccc(F)c(Cl)c3)ncnc2cc1O[C@H]1CCOC1,8.979303359985352,True,8.292388264179229,1,0.21052631578947367,1.0,False,c1ccc(Nc2ncnc3cc(OC4CCOC4)ccc23)cc1,True,28
CHEMBL5972723,COCC(Nc1c(C#N)cnc2c(Cl)cc(N[C@H](C3=CN(C(C)C)NN3)c3cccnc3)cc12)c1ccccc1,5.06991720199585,False,8.098022934081062,2,0.42105263157894735,0.6976744186046512,False,C1=C(C(Nc2ccc3nccc(NCc4ccccc4)c3c2)c2cccnc2)NNN1,False,0
erlotinib (CHEMBL553),C#Cc1cccc(Nc2ncnc3cc(OCCOC)c(OCCOC)cc23)c1,7.522878646850586,True,7.975819192462497,3,0.631578947368421,0.9038461538461539,False,c1ccc(Nc2ncnc3ccccc23)cc1,True,559
CHEMBL5868329,COCC(Nc1c(C#N)cnc2c(Cl)cc(N[C@H](C3=CNNN3)c3cccnc3)cc12)c1ccccc1,5.159705638885498,False,7.909141760470375,4,0.8421052631578947,0.7307692307692307,False,C1=C(C(Nc2ccc3nccc(NCc4ccccc4)c3c2)c2cccnc2)NNN1,False,0
CHEMBL5760794,Cc1ncccc1[C@H](Nc1cc(Cl)c2ncc(C#N)c(NC(CO)c3ccccc3)c2c1)C1=CNNN1,5.3517374992370605,False,7.870424194071029,5,1.0526315789473684,0.725,False,C1=C(C(Nc2ccc3nccc(NCc4ccccc4)c3c2)c2cccnc2)NNN1,False,0
CHEMBL1097368,c1ccc(CCc2cc3c(Nc4ccc5[nH]ccc5c4)ncnc3[nH]2)cc1,4.251037120819092,False,7.868916633923848,6,1.263157894736842,0.543859649122807,False,c1ccc(CCc2cc3c(Nc4ccc5[nH]ccc5c4)ncnc3[nH]2)cc1,False,0
gefitinib (CHEMBL939),COc1cc2ncnc(Nc3ccc(F)c(Cl)c3)c2cc1OCCCN1CCOCC1,7.638272285461426,True,7.776028779612646,7,1.4736842105263157,0.9193548387096774,False,c1ccc(Nc2ncnc3ccc(OCCCN4CCOCC4)cc23)cc1,True,17
CHEMBL3233768,C/C=C(\C)C(=O)Nc1cc2c(Nc3ccc(F)c(Cl)c3)ncnc2s1,5.19287109375,False,7.740328819115957,8,1.6842105263157894,0.5972222222222222,False,c1ccc(Nc2ncnc3sccc23)cc1,False,0
CHEMBL3233762,CN(C)CCN(C)CC(=O)Nc1cc2c(Nc3ccc(F)c(Cl)c3)ncnc2s1,5.367948055267334,False,7.725638488769531,9,1.894736842105263,0.5844155844155844,False,c1ccc(Nc2ncnc3sccc23)cc1,False,0
CHEMBL3233763,CN(C)CCCN(C)CC(=O)Nc1cc2c(Nc3ccc(F)c(Cl)c3)ncnc2s1,5.525984764099121,False,7.697424200905694,10,2.1052631578947367,0.569620253164557,False,c1ccc(Nc2ncnc3sccc23)cc1,False,0
CHEMBL3233761,CN(C)CCCC(=O)Nc1cc2c(Nc3ccc(F)c(Cl)c3)ncnc2s1,5.92072868347168,False,7.686332358254326,11,2.3157894736842106,0.5921052631578947,False,c1ccc(Nc2ncnc3sccc23)cc1,False,0
CHEMBL3233759,COC(=O)CC(=O)Nc1cc2c(Nc3ccc(F)c(Cl)c3)ncnc2s1,5.301290512084961,False,7.683209920300377,12,2.526315789473684,0.625,False,c1ccc(Nc2ncnc3sccc23)cc1,False,0
lapatinib (CHEMBL554),CS(=O)(=O)CCNCc1ccc(-c2ccc3ncnc(Nc4ccc(OCc5cccc(F)c5)c(Cl)c4)c3c2)o1,7.966576099395752,True,7.676742265939712,13,2.736842105263158,0.8734177215189873,False,c1ccc(COc2ccc(Nc3ncnc4ccc(-c5ccco5)cc34)cc2)cc1,True,37
CHEMBL65848,Cc1cc(C(=O)N2CCOCC2)[nH]c1/C=C1\C(=O)Nc2ncnc(Nc3ccc4c(c3)CCC4)c21,5.850780963897705,False,7.673378562927246,14,2.9473684210526314,0.759493670886076,False,O=C1Nc2ncnc(Nc3ccc4c(c3)CCC4)c2C1=Cc1ccc(C(=O)N2CCOCC2)[nH]1,False,0
CHEMBL443268,Cc1cc(C(=O)NCCN2CCOCC2)[nH]c1/C=C1\C(=O)N(C)c2ncnc(Nc3ccc(F)c(Cl)c3)c21,5.274905681610107,False,7.637398984167312,15,3.1578947368421053,0.6222222222222222,False,O=C1Nc2ncnc(Nc3ccccc3)c2C1=Cc1ccc(C(=O)NCCN2CCOCC2)[nH]1,False,0
CHEMBL3628791,Fc1ccc(Nc2ncnc3sccc23)cc1Cl,5.525783538818359,False,7.605969133059184,16,3.3684210526315788,0.6086956521739131,False,c1ccc(Nc2ncnc3sccc23)cc1,False,0
CHEMBL2048792,O=C1Cc2ccc(Oc3ccc(Nc4ncnc5ccn(CCO)c45)cc3Cl)cc2N1,5.638272285461426,False,7.598457409540813,17,3.5789473684210527,0.7333333333333333,False,O=C1Cc2ccc(Oc3ccc(Nc4ncnc5cc[nH]c45)cc3)cc2N1,False,0
CHEMBL5415774,CCNS(=O)(=O)c1cnc(Nc2ccnc(-c3cnn(S(=O)(=O)C4CC4)c3)n2)cc1N[C@@H](C)CC,5.312025547027588,False,7.562036484241486,18,3.789473684210526,0.6746987951807228,False,O=S(=O)(C1CC1)n1cc(-c2nccc(Nc3ccccn3)n2)cn1,False,0
CHEMBL138691,C=CC(=O)N(CCN(C)C)c1cc2c(Nc3cccc(Br)c3)ncnc2cn1,5.641684532165527,False,7.557747743924459,19,4.0,0.6,False,c1ccc(Nc2ncnc3cnccc23)cc1,False,0
CHEMBL3416590,COc1ccccc1-c1cc2c(N[C@@H](C)c3ccccc3)ncnc2s1,5.730486869812012,False,7.552166524993048,20,4.2105263157894735,0.7592592592592593,False,c1ccc(CNc2ncnc3sc(-c4ccccc4)cc23)cc1,False,0
CHEMBL3133754,COc1cc2ncnc(Nc3cccc(NC(=O)Nc4cccc(C)c4)c3)c2cc1OCCCN1CCOCC1,5.628931999206543,False,7.545582282543182,21,4.421052631578948,0.7341772151898734,False,O=C(Nc1ccccc1)Nc1cccc(Nc2ncnc3ccc(OCCCN4CCOCC4)cc23)c1,False,0
CHEMBL182397,COc1cc2ncnc(Nc3cccc(NC(=O)c4ccccc4)c3F)c2cc1OC,5.552842140197754,False,7.532318063682978,22,4.631578947368421,0.6296296296296297,False,O=C(Nc1cccc(Nc2ncnc3ccccc23)c1)c1ccccc1,False,0
CHEMBL3233765,CN1CCN(CC(=O)Nc2cc3c(Nc4ccc(F)c(Cl)c4)ncnc3s2)CC1,5.468648910522461,False,7.5040547219912215,23,4.842105263157895,0.7571428571428571,False,O=C(CN1CCNCC1)Nc1cc2c(Nc3ccccc3)ncnc2s1,False,0
CHEMBL5281446,CC(C)c1nn(C(C)C)c2cc(Nc3ccnc(-c4cnn(S(=O)(=O)C5CC5)c4)n3)ncc12,5.619788646697998,False,7.405508992804421,24,5.052631578947368,0.7534246575342466,False,O=S(=O)(C1CC1)n1cc(-c2nccc(Nc3cc4[nH]ncc4cn3)n2)cn1,False,0
CHEMBL1643976,C=CC(=O)Nc1cccc(Oc2nc(Nc3ccc(N4CCN(C)CC4)cc3)ncc2Cl)c1,5.739928722381592,False,7.375026209831238,25,5.2631578947368425,0.7012987012987013,False,c1ccc(Oc2ccnc(Nc3ccc(N4CCNCC4)cc3)n2)cc1,False,0
CHEMBL3612571,COCCn1c(=O)oc2cc3ncnc(Nc4ccc(OCc5ccc(Cl)cc5)c(Cl)c4)c3cc21,5.886056423187256,False,7.359102093378703,26,5.473684210526316,0.7402597402597403,False,O=c1[nH]c2cc3c(Nc4ccc(OCc5ccccc5)cc4)ncnc3cc2o1,False,0
CHEMBL3612574,CCOC(=O)CCCn1c(=O)oc2cc3ncnc(Nc4ccc(F)c(Cl)c4)c3cc21,5.107905387878418,False,7.347807335683277,27,5.684210526315789,0.7088607594936709,False,O=c1[nH]c2cc3c(Nc4ccccc4)ncnc3cc2o1,False,0
CHEMBL3671567,C=CC(=O)Nc1cc2c(Nc3ccc(Br)cc3F)ncnc2cc1OCCNC(=O)C1CCCN1,5.709075450897217,False,7.346549181408353,28,5.894736842105263,0.8026315789473685,False,O=C(NCCOc1ccc2c(Nc3ccccc3)ncnc2c1)C1CCCN1,False,0
CHEMBL3233769,C=CCOC(=O)Nc1cc2c(Nc3ccc(F)c(Cl)c3)ncnc2s1,5.376414775848389,False,7.318087549606959,29,6.105263157894737,0.5866666666666667,False,c1ccc(Nc2ncnc3sccc23)cc1,False,0
CHEMBL360209,COc1cc2ncnc(Nc3ccc(Cl)c(NC(=O)c4ccccc4)c3)c2cc1OC,5.6575775146484375,False,7.2422211505042196,30,6.315789473684211,0.7049180327868853,False,O=C(Nc1cccc(Nc2ncnc3ccccc23)c1)c1ccccc1,False,0
CHEMBL5196064,COc1cc2ncnc3c2cc1OCCCCCCOc1cc(Cl)ccc1N3,4.197180271148682,False,7.192770042392942,31,6.526315789473684,0.8490566037735849,False,c1ccc2c(c1)Nc1ncnc3ccc(cc13)OCCCCCCO2,False,0
CHEMBL3397275,Clc1cc(Nc2ncnc3ccc(NC4=NC[C@H](COc5ccccc5)O4)cc23)ccc1OCc1nccs1,5.917214393615723,False,7.192321816285451,32,6.7368421052631575,0.45454545454545453,False,c1ccc(OCC2CN=C(Nc3ccc4ncnc(Nc5ccc(OCc6nccs6)cc5)c4c3)O2)cc1,False,0
CHEMBL4447289,C=CC(=O)Nc1cccc(-c2noc3ncnc(N[C@H](CO)c4ccccc4)c23)c1,5.857850551605225,False,7.178611451815045,33,6.947368421052632,0.7246376811594203,False,c1ccc(CNc2ncnc3onc(-c4ccccc4)c23)cc1,False,0
CHEMBL3133894,C=CC(=O)Nc1ccc2ncnc(NC3CCCCC3)c2c1,5.510681629180908,False,7.14306079864502,34,7.157894736842105,0.5789473684210527,False,c1ccc2c(NC3CCCCC3)ncnc2c1,False,0
CHEMBL184311,Cc1ccc2c(Nc3ccc(F)c(Cl)c3)ncnn12,5.48811674118042,False,7.119952838977179,35,7.368421052631579,0.49019607843137253,False,c1ccc(Nc2ncnn3cccc23)cc1,False,0
CHEMBL4292715,Cc1oc2ncnc(Nc3cccc(Cl)c3)c2c1C(=O)NCCO,5.568636417388916,False,7.095307648579279,36,7.578947368421052,0.4868421052631579,False,c1ccc(Nc2ncnc3occc23)cc1,False,0
CHEMBL398963,Fc1ccc(Nc2ncnc3ccc(C#Cc4cccs4)cc23)cc1Cl,5.784997463226318,False,7.083712623914082,37,7.7894736842105265,0.7592592592592593,False,C(#Cc1cccs1)c1ccc2ncnc(Nc3ccccc3)c2c1,False,0
CHEMBL4210237,C=CC(=O)Nc1ccccc1Oc1nc(Nc2ccc(N3CCN(C)CC3)cc2OC)ncc1Cl,5.074687957763672,False,7.083032035297816,38,8.0,0.7037037037037037,False,c1ccc(Oc2ccnc(Nc3ccc(N4CCNCC4)cc3)n2)cc1,False,0
CHEMBL4213082,C=CC(=O)Nc1ccc(Oc2nc(Nc3ccc(N4CCN(C)CC4)cc3OC)ncc2Cl)cc1,5.549750804901123,False,7.072576216962602,39,8.210526315789474,0.7307692307692307,False,c1ccc(Oc2ccnc(Nc3ccc(N4CCNCC4)cc3)n2)cc1,False,0
CHEMBL3910361,C#Cc1cccc(Nc2ncnc3cc4oc(=O)n(CCOC(=O)CBr)c4cc23)c1,5.28399658203125,False,7.060682489077251,40,8.421052631578947,0.6538461538461539,False,O=c1[nH]c2cc3c(Nc4ccccc4)ncnc3cc2o1,False,0
CHEMBL3234743,Cc1ccc(C(=O)Nc2ccc(CN3CCN(C)CC3)c(C(F)(F)F)c2)cc1NC(=O)c1ccc(O)nc1,5.876148223876953,False,7.060376229816014,41,8.631578947368421,0.8208955223880597,False,O=C(Nc1cccc(C(=O)Nc2ccc(CN3CCNCC3)cc2)c1)c1cccnc1,False,0
CHEMBL4784185,N#Cc1ccc(Nc2ncnc3cc(OCCCN4CCOCC4)c(NC(=O)c4cc([N+](=O)[O-])ccc4F)cc23)cc1Cl,5.6487836837768555,False,7.0552196791436925,42,8.842105263157896,0.8085106382978723,False,O=C(Nc1cc2c(Nc3ccccc3)ncnc2cc1OCCCN1CCOCC1)c1ccccc1,False,0
CHEMBL197525,COc1ccc(Nc2ncnc3cccc(OC4CCN(C)CC4)c23)cc1Cl,5.744727611541748,False,7.041847123305003,43,9.052631578947368,0.7846153846153846,False,c1ccc(Nc2ncnc3cccc(OC4CCNCC4)c23)cc1,False,0
CHEMBL5815780,C=CC(=O)N1CCOc2ccc(Nc3ncc(F)c(Nc4cccc(Cl)c4)n3)cc21,5.978810787200928,False,7.026972926457723,44,9.263157894736842,0.7222222222222222,False,c1ccc(Nc2ccnc(Nc3ccc4c(c3)NCCO4)n2)cc1,False,0
CHEMBL472743,COc1cc(NC(=O)/C=C/CN2CCOCC2)cc2c(Nc3cccc(Br)c3)ccnc12,5.268411159515381,False,7.026324917276701,45,9.473684210526315,0.6153846153846154,False,O=C(C=CCN1CCOCC1)Nc1ccc2nccc(Nc3ccccc3)c2c1,False,0
CHEMBL473141,CCOc1cc2nccc(Nc3cccc(Br)c3)c2cc1NC(=O)/C=C/CN1CCOCC1,4.986320495605469,False,7.018863203684489,46,9.68421052631579,0.5679012345679012,False,O=C(C=CCN1CCOCC1)Nc1ccc2nccc(Nc3ccccc3)c2c1,False,0
CHEMBL187007,COc1cc2ncnc(Nc3cc(NC(=O)c4cccc(N(C)C)c4)ccc3Cl)c2cc1OC,4.537601947784424,False,7.008740383519068,47,9.894736842105264,0.5633802816901409,False,O=C(Nc1cccc(Nc2ncnc3ccccc23)c1)c1ccccc1,False,0
CHEMBL186802,COc1cc2ncnc(Nc3cccc(NC(=O)c4ccccc4)c3)c2cc1OC,5.251811981201172,False,7.0079876640107885,48,10.105263157894736,0.6875,False,O=C(Nc1cccc(Nc2ncnc3ccccc23)c1)c1ccccc1,False,0
CHEMBL3612575,C#Cc1cccc(Nc2ncnc3cc4oc(=O)n(CCCC(=O)OCC)c4cc23)c1,5.2441253662109375,False,7.00342320336236,49,10.31578947368421,0.6829268292682927,False,O=c1[nH]c2cc3c(Nc4ccccc4)ncnc3cc2o1,False,0
CHEMBL1683957,Cc1c(Nc2ccc(OCc3cccc(F)c3)c(Cl)c2)ncnc1-c1ccccc1,4.698969841003418,False,6.996389275895225,50,10.526315789473685,0.6666666666666666,False,c1ccc(COc2ccc(Nc3cc(-c4ccccc4)ncn3)cc2)cc1,False,0
CHEMBL3740614,C=CC(=O)Nc1cccc(Nc2nc(N/N=C/c3ccc(F)cc3F)ncc2Cl)c1,4.936666488647461,False,6.950337181753581,51,10.736842105263158,0.5757575757575758,False,C(=NNc1nccc(Nc2ccccc2)n1)c1ccccc1,False,0
CHEMBL185327,COc1cc2ncnc(Nc3cc(NC(=O)c4ccccc4)ccc3Cl)c2cc1OC,4.958607196807861,False,6.946952080859079,52,10.947368421052632,0.625,False,O=C(Nc1cccc(Nc2ncnc3ccccc23)c1)c1ccccc1,False,0
CHEMBL3739812,C=CC(=O)Nc1cccc(Nc2nc(N/N=C/c3ccccc3F)ncc2Cl)c1,5.718966484069824,False,6.93715944316652,53,11.157894736842104,0.5873015873015873,False,C(=NNc1nccc(Nc2ccccc2)n1)c1ccccc1,False,0
CHEMBL5860263,C=CC(=O)Nc1cccc(Nc2nc(Nc3ccc4c(c3)N(C(=O)OC(C)(C)C)CCO4)ncc2F)c1,5.6192240715026855,False,6.932075919310252,54,11.368421052631579,0.6447368421052632,False,c1ccc(Nc2ccnc(Nc3ccc4c(c3)NCCO4)n2)cc1,False,0
CHEMBL186747,COc1cc2ncnc(Nc3ccc(C)c(NC(=O)c4ccccc4)c3)c2cc1OC,5.494850158691406,False,6.9154598681132,55,11.578947368421053,0.7636363636363637,False,O=C(Nc1cccc(Nc2ncnc3ccccc23)c1)c1ccccc1,False,0
CHEMBL4062617,C=CC(=O)NCc1cccc(-c2nc(C3CC3)c(-c3ccnc4[nH]c(-c5ccccc5)cc34)[nH]2)c1,5.176817893981934,False,6.91102331995964,56,11.789473684210526,0.7432432432432432,False,c1ccc(-c2cc3c(-c4[nH]c(-c5ccccc5)nc4C4CC4)ccnc3[nH]2)cc1,False,0
CHEMBL5845962,C=C(C)C(=O)N1CCC[C@@H](n2nc(C(=O)Nc3nc4cc(F)ccc4o3)c3c(N)ncnc32)C1,5.887730121612549,False,6.895045977883868,57,12.0,0.7407407407407407,False,O=C(Nc1nc2ccccc2o1)c1nn(C2CCCNC2)c2ncncc12,False,0
CHEMBL2426284,C=CC(=O)N1CCc2cc(OC)c(Nc3ncc(Cl)c(-c4c[nH]c5ccccc45)n3)cc21,5.615311145782471,False,6.890040676858689,58,12.210526315789474,0.6904761904761905,False,c1ccc2c(-c3ccnc(Nc4ccc5c(c4)NCC5)n3)c[nH]c2c1,False,0
CHEMBL4094527,C=CC(=O)N1CCC[C@@H](n2ncc3c(N)ncnc32)C1,5.698969841003418,False,6.86629764011171,59,12.421052631578947,0.6031746031746031,False,c1ncc2cnn(C3CCCNC3)c2n1,False,0
CHEMBL1256432,CN1CCN([C@H]2CC[C@H](n3nc(-c4ccc(Nc5nc6cccc(Cl)c6o5)c(F)c4)c4c(N)ncnc43)CC2)CC1,5.540607452392578,False,6.859386789904701,60,12.631578947368421,0.46938775510204084,False,c1ccc2oc(Nc3ccc(-c4nn(C5CCC(N6CCNCC6)CC5)c5ncncc45)cc3)nc2c1,False,0
CHEMBL3740257,C=CC(=O)Nc1cccc(Nc2nc(N/N=C(\C)c3ccc(F)cc3F)ncc2Cl)c1,5.286968231201172,False,6.8593198108673095,61,12.842105263157896,0.5694444444444444,False,C(=NNc1nccc(Nc2ccccc2)n1)c1ccccc1,False,0
CHEMBL5429263,C=CC(=O)Nc1cc(-c2ccccc2)ccn1,4.494850158691406,False,6.8564895015292695,62,13.052631578947368,0.5918367346938775,False,c1ccc(-c2ccncc2)cc1,False,0
CHEMBL3234740,Cc1ccc(C(=O)Nc2ccc(CN3CCN(C)CC3)c(C(F)(F)F)c2)cc1NC(=O)c1cnccn1,5.408935546875,False,6.851447622511123,63,13.263157894736842,0.8382352941176471,False,O=C(Nc1ccc(CN2CCNCC2)cc1)c1cccc(NC(=O)c2cnccn2)c1,False,0
CHEMBL3604919,C=CC(=O)Nc1cccc(-c2nccc(Nc3cc(C)[nH]n3)n2)c1,5.577450752258301,False,6.850849687258402,64,13.473684210526315,0.5,False,c1ccc(-c2nccc(Nc3cc[nH]n3)n2)cc1,False,0
CHEMBL5436057,CN(C)C/C=C/C(=O)Nc1cccc(-c2c(-c3ccccc3)oc3ncnc(NCCO)c23)c1,5.945393085479736,False,6.850837442821926,65,13.68421052631579,0.7567567567567568,False,c1ccc(-c2oc3ncncc3c2-c2ccccc2)cc1,False,0
CHEMBL3915538,Nc1ncnc2c1c(-c1ccc(Oc3ccccc3)cc1)nn2C[C@@H]1CCCN1C(=O)/C=C/CN1CCOCC1,5.204954624176025,False,6.842347485330371,66,13.894736842105264,0.759493670886076,False,O=C(C=CCN1CCOCC1)N1CCCC1Cn1nc(-c2ccc(Oc3ccccc3)cc2)c2cncnc21,False,0
CHEMBL248220,COc1cc2ncc(C#N)c(N[C@@H]3C[C@H]3c3ccccc3)c2cc1OCc1ccccc1,5.7931742668151855,False,6.830636906570859,67,14.105263157894736,0.7536231884057971,False,c1ccc(COc2ccc3nccc(NC4CC4c4ccccc4)c3c2)cc1,False,0
CHEMBL3741245,C=CC(=O)Nc1cccc(Nc2nc(N/N=C(\C)c3ccc(F)cc3)ncc2Cl)c1,5.774690628051758,False,6.830252741177877,68,14.31578947368421,0.5974025974025974,False,C(=NNc1nccc(Nc2ccccc2)n1)c1ccccc1,False,0
CHEMBL3902295,O=C(CCl)OCCn1c(=O)oc2cc3ncnc(Nc4ccc(F)c(F)c4)c3cc21,5.327902317047119,False,6.829624910354614,69,14.526315789473685,0.7105263157894737,False,O=c1[nH]c2cc3c(Nc4ccccc4)ncnc3cc2o1,False,0
CHEMBL311111,Cc1cc2cc(Nc3ccnc4cc(-c5ccc(CN6CCOCC6)cc5)sc34)ccc2[nH]1,5.903090000152588,False,6.829151561790042,70,14.736842105263158,0.6753246753246753,False,c1cc(Nc2ccc3[nH]ccc3c2)c2sc(-c3ccc(CN4CCOCC4)cc3)cc2n1,False,0
CHEMBL3741796,C=CC(=O)Nc1cccc(Nc2nc(N/N=C(\C)c3ccc(C)cc3)ncc2Cl)c1,5.246417045593262,False,6.820559867223104,71,14.947368421052632,0.6268656716417911,False,C(=NNc1nccc(Nc2ccccc2)n1)c1ccccc1,False,0
CHEMBL4071494,Oc1ccc(-c2nc(-c3ccco3)c(-c3ccnc4[nH]c(-c5ccccc5)cc34)[nH]2)cc1,5.683114528656006,False,6.78380464553833,72,15.157894736842104,0.7962962962962963,False,c1ccc(-c2cc3c(-c4[nH]c(-c5ccccc5)nc4-c4ccco4)ccnc3[nH]2)cc1,False,0
CHEMBL116012,CCOc1cc2ncc(C#N)c(Nc3cccc(Br)c3)c2cc1NC(=O)/C=C/CN1CCOCC1,4.986320495605469,False,6.783130876753065,73,15.368421052631579,0.7407407407407407,False,O=C(C=CCN1CCOCC1)Nc1ccc2nccc(Nc3ccccc3)c2c1,False,0
CHEMBL3608432,C=CC(=O)N[C@@H]1CN(c2nc(Nc3cn(C)nc3C)c3ncn(C(C)C)c3n2)C[C@H]1F,5.672232627868652,False,6.769010707696279,74,15.578947368421053,0.5180722891566265,False,c1nc2c(Nc3cn[nH]c3)nc(N3CCCC3)nc2[nH]1,False,0
CHEMBL5941761,C=CC(=O)Nc1cccc(Nc2nc(NCc3ccc(OC)cc3)ncc2F)c1,5.6192240715026855,False,6.757213759157392,75,15.789473684210526,0.6818181818181818,False,c1ccc(CNc2nccc(Nc3ccccc3)n2)cc1,False,0
CHEMBL121405,OC1(c2nc(-c3ccc(F)cc3)c(-c3ccnc(NC4CCCCC4)c3)o2)CCNCC1,5.828788757324219,False,6.753365748458439,76,16.0,0.4852941176470588,False,c1ccc(-c2nc(C3CCNCC3)oc2-c2ccnc(NC3CCCCC3)c2)cc1,False,0
CHEMBL3814940,Fc1cccc(COc2ccc(Nc3ncnc4ccc(NC(=S)NCCN5CCCCC5)cc34)cc2Cl)c1,5.75448751449585,False,6.726410075293647,77,16.210526315789473,0.868421052631579,False,S=C(NCCN1CCCCC1)Nc1ccc2ncnc(Nc3ccc(OCc4ccccc4)cc3)c2c1,False,0
CHEMBL98798,COc1cc2ncnc(Oc3cccc(Br)c3)c2cc1OC,5.1191864013671875,False,6.721295651197434,78,16.42105263157895,0.5714285714285714,False,c1ccc(Oc2ncnc3ccccc23)cc1,False,0
CHEMBL1257998,CN1CCN([C@H]2CC[C@H](n3nc(-c4ccc(Nc5nc6cccc(Cl)c6o5)cc4)c4c(N)ncnc43)CC2)CC1,5.638272285461426,False,6.699988426571801,79,16.63157894736842,0.46808510638297873,False,c1ccc2oc(Nc3ccc(-c4nn(C5CCC(N6CCNCC6)CC5)c5ncncc45)cc3)nc2c1,False,0
CHEMBL2437461,C=CC(=O)Nc1ccc(-n2c(=O)cnc3cnc(Nc4ccc(N5CCN(C)CC5)cc4)nc32)cc1,5.9291181564331055,False,6.697326439089246,80,16.842105263157894,0.8225806451612904,False,O=c1cnc2cnc(Nc3ccc(N4CCNCC4)cc3)nc2n1-c1ccccc1,False,0
CHEMBL4202780,COc1cc(N2CCN(C)CC2)ccc1Nc1ncc(Cl)c(Oc2ccccc2NC(=O)/C=C/CN(C)C)n1,5.107905387878418,False,6.690652889675564,81,17.05263157894737,0.6666666666666666,False,c1ccc(Oc2ccnc(Nc3ccc(N4CCNCC4)cc3)n2)cc1,False,0
CHEMBL410659,Nc1nccn2c1c(-c1ccc3ccc(-c4ccccc4)nc3c1)nc2[C@H]1C[C@@H](CN2CCC2)C1,5.017728805541992,False,6.634609781768587,82,17.263157894736842,0.36363636363636365,False,c1ccc(-c2ccc3ccc(-c4nc(C5CC(CN6CCC6)C5)n5ccncc45)cc3n2)cc1,False,0
CHEMBL1241580,Nc1ncnc2c1c(-c1ccc(Cl)c(O)c1)nn2C1CCC1,5.93930196762085,False,6.618259651369518,83,17.473684210526315,0.9574468085106383,False,c1ccc(-c2nn(C3CCC3)c3ncncc23)cc1,False,0
CHEMBL187431,Cc1ccc(Nc2ncnn3c(C)ccc23)cc1O,4.531652450561523,False,6.608302786747615,84,17.68421052631579,0.3484848484848485,False,c1ccc(Nc2ncnn3cccc23)cc1,False,0
CHEMBL3604931,C=CC(=O)Nc1cccc(Oc2nccc(Nc3cc(C)[nH]n3)n2)c1,5.895242691040039,False,6.608262006441752,85,17.894736842105264,0.6714285714285714,False,c1ccc(Oc2nccc(Nc3cc[nH]n3)n2)cc1,False,0
CHEMBL3612572,COCCn1c(=O)oc2cc3ncnc(Nc4ccc(OC)c(OC)c4)c3cc21,5.259637355804443,False,6.6051795161565146,86,18.105263157894736,0.6,False,O=c1[nH]c2cc3c(Nc4ccccc4)ncnc3cc2o1,False,0
CHEMBL1278149,COc1cc2ncnc(Oc3ccc(Br)c(F)c3)c2cc1OC,5.229147911071777,False,6.604533388270272,87,18.31578947368421,0.48148148148148145,False,c1ccc(Oc2ncnc3ccccc23)cc1,False,0
CHEMBL120185,CN1CCN(c2ccc3c(n2)nc(-c2ccc(F)cc2)n3-c2ccnc(NC3CCCC3)n2)CC1,5.06048059463501,False,6.598591480652491,88,18.526315789473685,0.37777777777777777,False,c1ccc(-c2nc3nc(N4CCNCC4)ccc3n2-c2ccnc(NC3CCCC3)n2)cc1,False,0
CHEMBL3894623,COc1cc2c(Nc3ccc(NC(=O)Nc4cccc(Cl)c4)cc3)ncnc2cc1OCc1ccccc1,5.332640647888184,False,6.589706115192837,89,18.736842105263158,0.7164179104477612,False,O=C(Nc1ccccc1)Nc1ccc(Nc2ncnc3cc(OCc4ccccc4)ccc23)cc1,False,0
CHEMBL5569952,C/C=C/C(=O)Nc1cc2c(Oc3ccc(NC(=O)CCCc4ccc(F)cc4)cc3F)ncnc2cc1OC,5.292440891265869,False,6.5832839790980024,90,18.94736842105263,0.6666666666666666,False,O=C(CCCc1ccccc1)Nc1ccc(Oc2ncnc3ccccc23)cc1,False,0
CHEMBL2070200,Brc1cccc(Nc2ncnc3ccc(NCc4ccc5c(c4)OCCCCO5)cc23)c1,5.9430952072143555,False,6.557155092557271,91,19.157894736842106,0.9642857142857143,False,c1ccc(Nc2ncnc3ccc(NCc4ccc5c(c4)OCCCCO5)cc23)cc1,False,0
CHEMBL4204596,COc1cc(N2CCN(C)CC2)ccc1Nc1ncc(Cl)c(Oc2ccccc2N=C=S)n1,5.512861728668213,False,6.554166411558787,92,19.36842105263158,0.5882352941176471,False,c1ccc(Oc2ccnc(Nc3ccc(N4CCNCC4)cc3)n2)cc1,False,0
CHEMBL5273994,COc1cc2c(Nc3ccc(Oc4ccc(Br)cc4)cc3)ncnc2cc1OCC1CCN(C)CC1,5.425505638122559,False,6.55320783191257,93,19.57894736842105,0.7878787878787878,False,c1ccc(Oc2ccc(Nc3ncnc4cc(OCC5CCNCC5)ccc34)cc2)cc1,False,0
CHEMBL5569064,C/C=C/C(=O)Nc1cc2c(Oc3ccc(NC(=O)CCCc4ccccc4)cc3F)ncnc2cc1OC,5.495029926300049,False,6.550893292427063,94,19.789473684210527,0.5882352941176471,False,O=C(CCCc1ccccc1)Nc1ccc(Oc2ncnc3ccccc23)cc1,False,0
CHEMBL2335016,CC(C)(C)C(=O)Nc1nc(Nc2ccc(F)c(Cl)c2)c2cc(CCc3ccccn3)[nH]c2n1,4.787812232971191,False,6.548869223859575,95,20.0,0.5205479452054794,False,c1ccc(Nc2ncnc3[nH]c(CCc4ccccn4)cc23)cc1,False,0
CHEMBL1272275,O=C(/C=C/c1ccccc1)N1CCc2c(sc3ncnc(N[C@H](CO)c4ccccc4)c23)C1,5.455559730529785,False,6.547500857194264,96,20.210526315789473,0.803030303030303,False,O=C(C=Cc1ccccc1)N1CCc2c(sc3ncnc(NCc4ccccc4)c23)C1,False,0
CHEMBL459729,Cc1cc(C2CCN(CCCF)CC2)cc2[nH]c(-c3c(NCCn4cc(Cl)cn4)cc[nH]c3=O)nc12,4.677780628204346,False,6.545093934535981,97,20.42105263157895,0.42574257425742573,False,O=c1[nH]ccc(NCCn2cccn2)c1-c1nc2ccc(C3CCNCC3)cc2[nH]1,False,0
CHEMBL472942,COc1cc2nccc(Nc3ccc(F)c(Cl)c3)c2cc1NC(=O)/C=C/CN1CCOCC1,4.867420196533203,False,6.53949283583959,98,20.63157894736842,0.6875,False,O=C(C=CCN1CCOCC1)Nc1ccc2nccc(Nc3ccccc3)c2c1,False,0
CHEMBL2385986,CCOc1ccc(C(=O)Nc2ccc(OCc3ccccn3)c(Cl)c2)cc1NC(=O)/C=C/CN(C)C,5.92081880569458,False,6.5373669422997365,99,20.842105263157894,0.6436781609195402,False,O=C(Nc1ccc(OCc2ccccn2)cc1)c1ccccc1,False,0
CHEMBL255291,CO/N=C/c1c(N)ncnc1NCc1ccc(F)c(Cl)c1,5.949620246887207,False,6.5309145898478365,100,21.05263157894737,0.6909090909090909,False,c1ccc(CNc2ccncn2)cc1,False,0
CHEMBL379017,COc1cc(OC2CCN(S(C)(=O)=O)CC2)c2c(Nc3ccc(F)c(Cl)c3)ncnc2c1,5.017683506011963,False,6.5273396732277345,101,21.263157894736842,0.7352941176470589,False,c1ccc(Nc2ncnc3cccc(OC4CCNCC4)c23)cc1,False,0
CHEMBL5570611,C=CC(=O)Nc1cc2c(Oc3ccc(NC(=O)CCCc4ccc(C)cc4)cc3F)ncnc2cc1OC,5.7892560958862305,False,6.523774744669597,102,21.473684210526315,0.7088607594936709,False,O=C(CCCc1ccccc1)Nc1ccc(Oc2ncnc3ccccc23)cc1,False,0
CHEMBL1990583,Nc1ncnn2ccc(C(=O)Nc3ccc(NC(=O)Nc4cccc(F)c4)cc3)c12,5.679853916168213,False,6.516852313809924,103,21.68421052631579,0.3835616438356164,False,O=C(Nc1ccccc1)Nc1ccc(NC(=O)c2ccn3ncncc23)cc1,False,0
CHEMBL2335015,CC(C)(C)C(=O)Nc1nc(Nc2ccc(F)c(Br)c2)c2cc(CCc3ccccn3)[nH]c2n1,5.267606258392334,False,6.510740621089935,104,21.894736842105264,0.5277777777777778,False,c1ccc(Nc2ncnc3[nH]c(CCc4ccccn4)cc23)cc1,False,0
CHEMBL5568120,C=CC(=O)N1CC[C@H](n2cc(-c3ccncc3)c(-c3cccc(NC(=O)c4ccc5c(c4)CN(C)C5=O)c3)n2)C1,5.537601947784424,False,6.493022478421529,105,22.105263157894736,0.6966292134831461,False,O=C(Nc1cccc(-c2nn(C3CCNC3)cc2-c2ccncc2)c1)c1ccc2c(c1)CNC2=O,False,0
CHEMBL5570716,CCCC(=O)Nc1cc2c(Oc3ccc(NC(=O)CCCc4ccccc4)cc3F)ncnc2cc1OC,5.454416275024414,False,6.484348702033361,106,22.31578947368421,0.589041095890411,False,O=C(CCCc1ccccc1)Nc1ccc(Oc2ncnc3ccccc23)cc1,False,0
CHEMBL5962946,C#CC(=O)N1CCCC(N(C)c2nc(-c3cnn(C)c3)c3c(c2F)CNC3=O)C1,5.99913215637207,False,6.48297432228371,107,22.526315789473685,0.4673913043478261,False,O=C1NCc2cc(NC3CCCNC3)nc(-c3cn[nH]c3)c21,False,0
CHEMBL118000,N#Cc1cnc2ccc(NC(=O)/C=C/CN3CCOCC3)cc2c1Nc1ccc(F)c(Cl)c1,5.640164375305176,False,6.47908523718516,108,22.736842105263158,0.7272727272727273,False,O=C(C=CCN1CCOCC1)Nc1ccc2nccc(Nc3ccccc3)c2c1,False,0
CHEMBL5288191,COc1nc2ccccc2cc1-c1nc2c(cnn2-c2ccc(Br)cc2)c(=O)[nH]1,5.234554767608643,False,6.470552428033616,109,22.94736842105263,0.25757575757575757,False,O=c1[nH]c(-c2cnc3ccccc3c2)nc2c1cnn2-c1ccccc1,False,0
CHEMBL3983460,COc1cc2c(Nc3ccc(NC(=O)Nc4ccccc4)cc3)ncnc2cc1OCc1ccccc1,5.532688140869141,False,6.464796891477373,110,23.157894736842106,0.7540983606557377,False,O=C(Nc1ccccc1)Nc1ccc(Nc2ncnc3cc(OCc4ccccc4)ccc23)cc1,False,0
CHEMBL4444231,CC(C)(O)Cn1/c(=N/C(=O)c2cccc(-c3cccnc3)c2)[nH]c2ccccc21,5.853871822357178,False,6.462535688082377,111,23.36842105263158,0.8333333333333334,False,O=C(N=c1[nH]c2ccccc2[nH]1)c1cccc(-c2cccnc2)c1,False,0
CHEMBL248045,COc1ccc2c(N[C@@H]3C[C@H]3c3ccccc3)c(C#N)cnc2c1,5.588380336761475,False,6.4472538428306585,112,23.57894736842105,0.5915492957746479,False,c1ccc(C2CC2Nc2ccnc3ccccc23)cc1,False,0
CHEMBL599388,COc1cc(-c2nc(=O)c3c([nH]2)sc2ccc(C)cc23)ccc1OCC(=O)O,5.619788646697998,False,6.439481480439504,113,23.789473684210527,0.3815789473684211,False,O=c1nc(-c2ccccc2)[nH]c2sc3ccccc3c12,False,0
CHEMBL5563703,C/C=C/C(=O)Nc1cc2c(Oc3ccc(NC(=O)CCCc4ccc(C)cc4)cc3F)ncnc2cc1OC,5.11616849899292,False,6.439401863416036,114,24.0,0.6,False,O=C(CCCc1ccccc1)Nc1ccc(Oc2ncnc3ccccc23)cc1,False,0
CHEMBL113996,COc1cc2ncc(C#N)c(Nc3ccc(F)c(Cl)c3)c2cc1NC(=O)/C=C/CN1CCOCC1,4.867420196533203,False,6.436926503181457,115,24.210526315789473,0.7439024390243902,False,O=C(C=CCN1CCOCC1)Nc1ccc2nccc(Nc3ccccc3)c2c1,False,0
CHEMBL4216784,COc1cc(N2CCN(C)CC2)ccc1Nc1ncc(Cl)c(Oc2ccccc2N)n1,5.744727611541748,False,6.43286031405131,116,24.42105263157895,0.6329113924050633,False,c1ccc(Oc2ccnc(Nc3ccc(N4CCNCC4)cc3)n2)cc1,False,0
CHEMBL4860202,CS(=O)(=O)c1nccc(-c2c(-c3cccc(OCc4ccccc4)c3)nc3sccn23)n1,5.003488540649414,False,6.430979330619176,117,24.63157894736842,0.46835443037974683,False,c1ccc(COc2cccc(-c3nc4sccn4c3-c3ccncn3)c2)cc1,False,0
CHEMBL1683949,Cc1cc(Nc2ccc(OCc3cccc(F)c3)c(Cl)c2)ncn1,5.958607196807861,False,6.4196018161773685,118,24.842105263157894,0.6721311475409836,False,c1ccc(COc2ccc(Nc3ccncn3)cc2)cc1,False,0
CHEMBL4646644,COc1ccc(/C=N/c2nnc3c4ccccc4nc(Nc4ccc(C)cc4N)n23)cc1O,5.368556022644043,False,6.408026932875315,119,25.05263157894737,0.34177215189873417,False,C(=Nc1nnc2c3ccccc3nc(Nc3ccccc3)n12)c1ccccc1,False,0
CHEMBL332497,COc1cc2ncc(C#N)c(Nc3cccc(Br)c3)c2cc1NC(=O)/C=C/CN1CCOCC1,5.416801452636719,False,6.404612496429019,120,25.263157894736842,0.7375,False,O=C(C=CCN1CCOCC1)Nc1ccc2nccc(Nc3ccccc3)c2c1,False,0
CHEMBL5822544,C=CC(=O)N1CCC[C@@H](N(C)c2nc(-c3cnn(C)c3)c3c(c2F)CNC3=O)C1,5.209996700286865,False,6.391936028975028,121,25.473684210526315,0.6071428571428571,False,O=C1NCc2cc(NC3CCCNC3)nc(-c3cn[nH]c3)c21,False,0
CHEMBL4639556,CN1CCN(C/C=C/C(=O)N2CCCOc3cc4ncnc(Nc5ccc(OCc6cccc(F)c6)c(Cl)c5)c4cc32)CC1,5.31247091293335,False,6.3917776250839236,122,25.68421052631579,0.9302325581395349,False,O=C(C=CCN1CCNCC1)N1CCCOc2cc3ncnc(Nc4ccc(OCc5ccccc5)cc4)c3cc21,False,0
CHEMBL47940,Nc1ncnc2c1c(-c1ccc(Oc3ccccc3)cc1)cn2C1CCCC1,5.494850158691406,False,6.39023773742479,123,25.894736842105264,0.8043478260869565,False,c1ccc(Oc2ccc(-c3cn(C4CCCC4)c4ncncc34)cc2)cc1,False,0
CHEMBL5571786,CCCC(=O)Nc1cc2c(Oc3ccc(NC(=O)CCCc4ccc(OC)cc4)cc3F)ncnc2cc1OC,5.082137107849121,False,6.384394204484091,124,26.105263157894736,0.5783132530120482,False,O=C(CCCc1ccccc1)Nc1ccc(Oc2ncnc3ccccc23)cc1,False,0
CHEMBL4866102,c1ccc(COc2cccc(-c3nc4sccn4c3-c3ccncn3)c2)cc1,5.361111640930176,False,6.377389258742332,125,26.31578947368421,0.4666666666666667,False,c1ccc(COc2cccc(-c3nc4sccn4c3-c3ccncn3)c2)cc1,False,0
CHEMBL4211322,COc1cc(N2CCN(C)CC2)ccc1Nc1ncc(Cl)c(Oc2ccccc2[N+](=O)[O-])n1,5.02918815612793,False,6.376659032503764,126,26.526315789473685,0.6144578313253012,False,c1ccc(Oc2ccnc(Nc3ccc(N4CCNCC4)cc3)n2)cc1,False,0
CHEMBL5180070,COc1cc2ncnc3c2cc1OCCCCCCOc1c(Cl)cccc1N3,5.517984390258789,False,6.372904101314996,127,26.736842105263158,0.8571428571428571,False,c1ccc2c(c1)Nc1ncnc3ccc(cc13)OCCCCCCO2,False,0
CHEMBL2335019,CC(C)(C)C(=O)Nc1nc(Nc2ccc(F)c(C(F)(F)F)c2)c2cc(CCc3ccccn3)[nH]c2n1,4.570247650146484,False,6.36857558912701,128,26.94736842105263,0.5405405405405406,False,c1ccc(Nc2ncnc3[nH]c(CCc4ccccn4)cc23)cc1,False,0
CHEMBL1683954,Fc1cccc(COc2ccc(Nc3cc(Oc4ccccc4)ncn3)cc2Cl)c1,5.0,False,6.3671747557322185,129,27.157894736842106,0.7183098591549296,False,c1ccc(COc2ccc(Nc3cc(Oc4ccccc4)ncn3)cc2)cc1,False,0
CHEMBL4639739,C=CC(=O)NCCOc1cc(Cc2ccccc2)cc2[nH]c(-c3n[nH]c4cc(-c5cn[nH]c5)ccc34)cc12,5.346787452697754,False,6.360805400212606,130,27.36842105263158,0.7307692307692307,False,c1ccc(Cc2ccc3cc(-c4n[nH]c5cc(-c6cn[nH]c6)ccc45)[nH]c3c2)cc1,False,0
CHEMBL3612564,COCCn1c(=O)oc2cc3ncnc(Nc4ccc(OC)cc4)c3cc21,5.2924299240112305,False,6.360729363759359,131,27.57894736842105,0.7272727272727273,False,O=c1[nH]c2cc3c(Nc4ccccc4)ncnc3cc2o1,False,0
CHEMBL5184084,CC(C)(/C=C(/C#N)C(=O)N1CCC[C@@H]1Cn1nc(-c2ccc(Oc3ccccc3)cc2F)c2c(N)ncnc21)N1CCOCC1,5.522878646850586,False,6.34954815422164,132,27.789473684210527,0.6470588235294118,False,O=C(C=CCN1CCOCC1)N1CCCC1Cn1nc(-c2ccc(Oc3ccccc3)cc2)c2cncnc21,False,0
CHEMBL113985,COc1cc(NC(=O)/C=C/CN2CCOCC2)cc2c(Nc3cccc(Br)c3)c(C#N)cnc12,5.268411159515381,False,6.345601531134711,133,28.0,0.7341772151898734,False,O=C(C=CCN1CCOCC1)Nc1ccc2nccc(Nc3ccccc3)c2c1,False,0
CHEMBL1272006,OC[C@@H](Nc1ncnc2sc3c(c12)CCC3)c1ccccc1,5.962573528289795,False,6.339748531712426,134,28.210526315789473,0.9565217391304348,False,c1ccc(CNc2ncnc3sc4c(c23)CCC4)cc1,False,0
CHEMBL514771,COc1cc2nccc(Nc3ccc(F)c(Cl)c3)c2cc1NC(=O)/C=C/C(C)N1CCOCC1,4.975103855133057,False,6.3374009931352395,135,28.42105263157895,0.7236842105263158,False,O=C(C=CCN1CCOCC1)Nc1ccc2nccc(Nc3ccccc3)c2c1,False,0
CHEMBL296419,COc1ccc(CCN2CCC(Nc3nc4ccccc4n3Cc3ccc(F)cc3)CC2)cc1,5.217742443084717,False,6.333261266284519,136,28.63157894736842,0.29577464788732394,False,c1ccc(CCN2CCC(Nc3nc4ccccc4n3Cc3ccccc3)CC2)cc1,False,0
CHEMBL3741762,CN(C)C/C=C/C(=O)Nc1cccc(Nc2nc(N/N=C/c3ccc(F)cc3)ncc2Cl)c1,5.739254474639893,False,6.331971737543742,137,28.842105263157894,0.6707317073170732,False,C(=NNc1nccc(Nc2ccccc2)n1)c1ccccc1,False,0
CHEMBL3741436,CN(C)C/C=C/C(=O)Nc1cccc(Nc2nc(N/N=C/c3ccccc3F)ncc2Cl)c1,5.806875228881836,False,6.322029461065928,138,29.05263157894737,0.7125,False,C(=NNc1nccc(Nc2ccccc2)n1)c1ccccc1,False,0
CHEMBL3809489,Nc1nc(Nc2ccc3c(c2)CC[C@@H](N2CCCC2)CC3)nn1-c1cc2c(nn1)-c1ccccc1CCC2,5.408935546875,False,6.320012641217973,139,29.263157894736842,0.3132530120481928,False,c1ccc2c(c1)CCCc1cc(-n3cnc(Nc4ccc5c(c4)CCC(N4CCCC4)CC5)n3)nnc1-2,False,0
CHEMBL5571542,CCC(=O)Nc1cc2c(Oc3ccc(NC(=O)CCCc4ccccc4)cc3F)ncnc2cc1OC,5.7426958084106445,False,6.31614799062411,140,29.473684210526315,0.6125,False,O=C(CCCc1ccccc1)Nc1ccc(Oc2ncnc3ccccc23)cc1,False,0
CHEMBL5574213,CCC(=O)Nc1cc2c(Oc3ccc(NC(=O)CCCc4ccc(F)cc4)cc3F)ncnc2cc1OC,5.218684673309326,False,6.3131886359055835,141,29.68421052631579,0.6455696202531646,False,O=C(CCCc1ccccc1)Nc1ccc(Oc2ncnc3ccccc23)cc1,False,0
CHEMBL3742128,CN(C)C/C=C/C(=O)Nc1cccc(Nc2nc(N/N=C/c3ccc(F)cc3F)ncc2Cl)c1,5.598599433898926,False,6.309885586102803,142,29.894736842105264,0.6746987951807228,False,C(=NNc1nccc(Nc2ccccc2)n1)c1ccccc1,False,0
CHEMBL5201128,COc1cc2nccc(Oc3ccc(NC(=O)C4(C(=O)NC5CC5)CC4)c(Cl)c3)c2cc1C(N)=O,5.187086582183838,False,6.307595674020273,143,30.105263157894736,0.3493975903614458,False,O=C(Nc1ccc(Oc2ccnc3ccccc23)cc1)C1(C(=O)NC2CC2)CC1,False,0
CHEMBL4208712,COc1cc(N2CCN(C)CC2)ccc1Nc1ncc(Cl)c(Oc2ccccc2NC(=O)CCO)n1,5.995678424835205,False,6.3062026686138575,144,30.31578947368421,0.8051948051948052,False,c1ccc(Oc2ccnc(Nc3ccc(N4CCNCC4)cc3)n2)cc1,False,0
CHEMBL4216265,COc1cc(N2CCN(C)CC2)ccc1Nc1ncc(Cl)c(Oc2ccccc2NC(C)=O)n1,5.248721122741699,False,6.303226098484463,145,30.526315789473685,0.7402597402597403,False,c1ccc(Oc2ccnc(Nc3ccc(N4CCNCC4)cc3)n2)cc1,False,0
CHEMBL401644,COc1ccc2ncc(C#N)c(N[C@@H]3C[C@H]3c3ccccc3)c2c1,5.082494258880615,False,6.300661556579449,146,30.736842105263158,0.6451612903225806,False,c1ccc(C2CC2Nc2ccnc3ccccc23)cc1,False,0
CHEMBL373882,CNc1ncnc(-c2cccnc2Oc2ccc(F)c(C(=O)Nc3cc(C(F)(F)F)ccc3N(C)CCCN(C)C)c2)n1,4.602059841156006,False,6.28859513733122,147,30.94736842105263,0.4117647058823529,False,O=C(Nc1ccccc1)c1cccc(Oc2ncccc2-c2ncncn2)c1,False,0
CHEMBL5286730,Cc1ccc(NC(=O)CSc2nc3cc4ccccc4cc3c(=O)n2-c2ccc(S(N)(=O)=O)cc2)cc1C,5.408935546875,False,6.2751390820079385,148,31.157894736842106,0.7428571428571429,False,O=C(CSc1nc2cc3ccccc3cc2c(=O)n1-c1ccccc1)Nc1ccccc1,False,0
CHEMBL2029694,CCOc1ccc(-c2cc(C(F)(F)F)c(C#N)c(SCC(=O)NCC(=O)O)n2)cc1,5.07572078704834,False,6.274890499039302,149,31.36842105263158,0.26582278481012656,False,c1ccc(-c2ccccn2)cc1,False,0
CHEMBL1928944,O=[N+]([O-])c1cccc(Oc2cc(Nc3ccc(OCc4cccc(F)c4)c(Cl)c3)ncn2)c1,5.919373512268066,False,6.272395202318827,150,31.57894736842105,0.6455696202531646,False,c1ccc(COc2ccc(Nc3cc(Oc4ccccc4)ncn3)cc2)cc1,False,0
CHEMBL4216551,COc1cc(N2CCN(C)CC2)ccc1Nc1ncc(Cl)c(Oc2ccc(NC(=O)/C=C/CN(C)C)cc2)n1,5.236571788787842,False,6.2707844442791405,151,31.789473684210527,0.6781609195402298,False,c1ccc(Oc2ccnc(Nc3ccc(N4CCNCC4)cc3)n2)cc1,False,0
CHEMBL1077068,CC1=C(C(=O)Nc2cccc([N+](=O)[O-])c2)C(c2ccc(O)cc2O)NC(Nc2ccc(S(=O)(=O)Nc3ncccn3)cc2)=N1,4.054039478302002,False,6.267551241204853,152,32.0,0.68,False,O=C(Nc1ccccc1)C1=CN=C(Nc2ccc(S(=O)(=O)Nc3ncccn3)cc2)NC1c1ccccc1,False,0
CHEMBL1242566,Nc1ncnc2c1c(-c1ccc(F)c(O)c1)nn2C1CCC1,5.537601947784424,False,6.266122198104858,153,32.21052631578947,0.9574468085106383,False,c1ccc(-c2nn(C3CCC3)c3ncncc23)cc1,False,0
CHEMBL195218,CONC(=O)c1cc(Nc2ncnn3cc(NC(=O)OCCCS(C)(=O)=O)c(C(C)C)c23)c(F)cc1F,5.376750946044922,False,6.259866344928741,154,32.421052631578945,0.6744186046511628,False,c1ccc(Nc2ncnn3cccc23)cc1,False,0
CHEMBL5739782,C=CC(=O)N1CCC[C@H](Nc2nc(-c3cnn(C)c3)c3c(c2F)CNC3=O)[C@@H]1C,5.166406631469727,False,6.258247101571825,155,32.63157894736842,0.5487804878048781,False,O=C1NCc2cc(NC3CCCNC3)nc(-c3cn[nH]c3)c21,False,0
CHEMBL5945102,C=CC(=O)N1CCCC(Nc2nc(-c3cnn(C)c3)c3c(c2F)CNC3=O)C1,5.28495979309082,False,6.254896490838792,156,32.8421052631579,0.7605633802816901,False,O=C1NCc2cc(NC3CCCNC3)nc(-c3cn[nH]c3)c21,False,0
CHEMBL6042351,C=CC(=O)N1CCCC(Nc2nc(-c3cnc(C)s3)c3c(c2F)CNC3=O)C1,5.1281352043151855,False,6.253782399164305,157,33.05263157894737,0.6329113924050633,False,O=C1NCc2cc(NC3CCCNC3)nc(-c3cncs3)c21,False,0
CHEMBL3263966,COc1cc2c(Oc3ccc(NS(=O)(=O)c4ccc(-c5cnn(C)c5)cc4)cc3F)ccnc2cc1OCCCN1CCN(C)CC1,5.241927623748779,False,6.252279685338338,158,33.26315789473684,0.8658536585365854,False,O=S(=O)(Nc1ccc(Oc2ccnc3cc(OCCCN4CCNCC4)ccc23)cc1)c1ccc(-c2cn[nH]c2)cc1,False,0
CHEMBL5831010,NC(=O)c1ncc(N2CCC[C@@H](NC(=O)C3CC3)C2)nc1Nc1ccc(C2CCN(C3CCCC3)CC2)cc1,5.259637355804443,False,6.2462340275446575,159,33.473684210526315,0.9692307692307692,False,O=C(NC1CCCN(c2cncc(Nc3ccc(C4CCN(C5CCCC5)CC4)cc3)n2)C1)C1CC1,False,0
CHEMBL2335018,CC(C)(C)C(=O)Nc1nc(Nc2cccc(C(F)(F)F)c2)c2cc(CCc3ccccn3)[nH]c2n1,4.892789840698242,False,6.240862745708889,160,33.68421052631579,0.4675324675324675,False,c1ccc(Nc2ncnc3[nH]c(CCc4ccccn4)cc23)cc1,False,0
CHEMBL322066,COc1cc(Nc2nccc(-c3ccc(N4CCNCC4)nc3)n2)cc(OC)c1OC,5.768530368804932,False,6.239380277262794,161,33.89473684210526,0.5692307692307692,False,c1ccc(Nc2nccc(-c3ccc(N4CCNCC4)nc3)n2)cc1,False,0
CHEMBL1080990,CCOC(=O)c1[nH]c(C)c2cnnc(Nc3ccc(OCc4cccc(F)c4)c(Cl)c3)c12,5.917214393615723,False,6.235827531019846,162,34.10526315789474,0.6091954022988506,False,c1ccc(COc2ccc(Nc3nncc4c[nH]cc34)cc2)cc1,False,0
CHEMBL2335379,C#Cc1cccc(Nc2nc(N)nc3[nH]c(CCc4ccccn4)cc23)c1,4.701147079467773,False,6.227689467271168,163,34.31578947368421,0.5970149253731343,False,c1ccc(Nc2ncnc3[nH]c(CCc4ccccn4)cc23)cc1,False,0
CHEMBL1683952,Fc1cccc(COc2ccc(Nc3cc(-c4ccsc4)ncn3)cc2Cl)c1,4.6575775146484375,False,6.221024109125137,164,34.526315789473685,0.71875,False,c1ccc(COc2ccc(Nc3cc(-c4ccsc4)ncn3)cc2)cc1,False,0
CHEMBL4778717,O=S(=O)(Nc1ccccn1)c1ccc(NC(=S)Nc2ccc3c(c2)OCO3)cc1,5.724688529968262,False,6.218762588500977,165,34.73684210526316,0.6724137931034483,False,O=S(=O)(Nc1ccccn1)c1ccc(NC(=S)Nc2ccc3c(c2)OCO3)cc1,False,0
CHEMBL4204354,COc1cc(N2CCN(C)CC2)ccc1Nc1ncc(Cl)c(Oc2ccc(N=C=S)cc2)n1,4.816161155700684,False,6.218706488609314,166,34.94736842105263,0.5903614457831325,False,c1ccc(Oc2ccnc(Nc3ccc(N4CCNCC4)cc3)n2)cc1,False,0
CHEMBL5571083,CCC(=O)Nc1cc2c(Oc3ccc(NC(=O)CCCc4ccc(C)cc4)cc3F)ncnc2cc1OC,5.074069499969482,False,6.216557357708614,167,35.1578947368421,0.6049382716049383,False,O=C(CCCc1ccccc1)Nc1ccc(Oc2ncnc3ccccc23)cc1,False,0
CHEMBL534948,Cc1cccc(C)c1Nc1ncc(-c2ccc(OCC3CCCN(C)C3)cc2)n2cncc12,5.56383752822876,False,6.2113228003184,168,35.36842105263158,0.3258426966292135,False,c1ccc(Nc2ncc(-c3ccc(OCC4CCCNC4)cc3)n3cncc23)cc1,False,0
CHEMBL5955586,NC(=O)c1ncc(N2CCC[C@@H](N3Cc4ccccc4C3=O)C2)nc1Nc1ccc(C2CCN(C3CCCC3)CC2)cc1,5.259637355804443,False,6.2017780764897665,169,35.578947368421055,0.7125,False,O=C1c2ccccc2CN1C1CCCN(c2cncc(Nc3ccc(C4CCN(C5CCCC5)CC4)cc3)n2)C1,False,0
CHEMBL1946846,COc1nc(NCCN2CCOCC2)nc(Nc2ccc(Cl)cc2)n1,5.823908805847168,False,6.201117704709371,170,35.78947368421053,0.3972602739726027,False,c1ccc(Nc2ncnc(NCCN3CCOCC3)n2)cc1,False,0
CHEMBL4218052,COc1cc(N2CCN(C)CC2)ccc1Nc1ncc(Cl)c(Oc2cccc(N=C=S)c2)n1,5.251037120819092,False,6.193751554489136,171,36.0,0.6585365853658537,False,c1ccc(Oc2ccnc(Nc3ccc(N4CCNCC4)cc3)n2)cc1,False,0
CHEMBL3759830,COc1ccc(C(=O)Nc2ccc(Nc3ncnc4cc(OCCCN5CCN(C)CC5)c(OC)cc34)cc2)cc1,5.954677104949951,False,6.193395437558492,172,36.21052631578947,0.7571428571428571,False,O=C(Nc1ccc(Nc2ncnc3cc(OCCCN4CCNCC4)ccc23)cc1)c1ccccc1,False,0
CHEMBL5555280,C=CC(=O)N1[C@@H]2CC[C@H]1C[C@@H](n1nc(-c3cc(F)c(Oc4ccc5c(c4)ncn5C)c(Cl)c3)c3c(C)ncnc31)C2,5.3387556076049805,False,6.189837552653419,173,36.421052631578945,0.6,False,c1ncc2c(-c3ccc(Oc4ccc5[nH]cnc5c4)cc3)nn(C3CC4CCC(C3)N4)c2n1,False,0
CHEMBL3760090,COc1cc2c(Nc3ccc(NC(=O)c4ccc(Cl)cc4)cc3)ncnc2cc1OCCCN1CCN(C)CC1,5.876148223876953,False,6.18411111831665,174,36.63157894736842,0.8656716417910447,False,O=C(Nc1ccc(Nc2ncnc3cc(OCCCN4CCNCC4)ccc23)cc1)c1ccccc1,False,0
CHEMBL4569508,O=C(NCC(F)(F)F)c1cc(-c2cnn3cc(-c4ccc(OCCN5CCCCC5)cc4)cnc23)cs1,5.958607196807861,False,6.1839590621644716,175,36.8421052631579,0.6805555555555556,False,c1cc(-c2cnn3cc(-c4ccc(OCCN5CCCCC5)cc4)cnc23)cs1,False,0
CHEMBL5843489,C=CC(=O)N1CCCC(Nc2nc(-c3cnn(C4CC4)c3)c3c(c2F)CNC3=O)C1,5.080817222595215,False,6.183815280066596,176,37.05263157894737,0.6962025316455697,False,O=C1NCc2cc(NC3CCCNC3)nc(-c3cnn(C4CC4)c3)c21,False,0
CHEMBL4638857,Clc1nc2ccccc2c2nnc(/N=C/C=C/c3ccccc3)n12,5.121478080749512,False,6.166730248530706,177,37.26315789473684,0.5769230769230769,False,C(=Cc1ccccc1)C=Nc1nnc2c3ccccc3ncn12,False,0
CHEMBL5876064,CN(C)C/C=C/C(=O)N1CCOc2c1ccc1ncnc(Nc3ccc(OCc4ccncc4)cc3)c21,5.560667514801025,False,6.1617303170098205,178,37.473684210526315,0.8441558441558441,False,c1cc(COc2ccc(Nc3ncnc4ccc5c(c34)OCCN5)cc2)ccn1,False,0
CHEMBL206483,Cc1cccc(-n2ncc3c(NCc4ccc5c(c4)OCO5)ncnc32)c1,4.823908805847168,False,6.159693729506598,179,37.68421052631579,0.4266666666666667,False,c1ccc(-n2ncc3c(NCc4ccc5c(c4)OCO5)ncnc32)cc1,False,0
CHEMBL76116,Cc1[nH]c2ncnc(Oc3cccc(Cl)c3)c2c1C,5.602059841156006,False,6.159098721156044,180,37.89473684210526,0.5714285714285714,False,c1ccc(Oc2ncnc3[nH]ccc23)cc1,False,0
CHEMBL5275784,CSc1nn(-c2ccc(Br)cc2)c2nc(C)nc(Nc3ccc(OCCCC[N+](=O)[O-])cc3)c12,5.522878646850586,False,6.151139656172858,181,38.10526315789474,0.2727272727272727,False,c1ccc(Nc2ncnc3c2cnn3-c2ccccc2)cc1,False,0
CHEMBL5971019,Cc1ncsc1-c1ccc(CNC(=O)[C@@H]2C[C@@H](O)CN2C(=O)[C@@H](NC(=O)COCCOCCOCCOCC#Cc2cccc3c2C(=O)N(C(C(=O)Nc2nccs2)c2cc(F)ccc2O)C3)C(C)(C)C)cc1,5.97930383682251,False,6.150134075601893,182,38.31578947368421,0.8809523809523809,False,O=C(COCCOCCOCCOCC#Cc1cccc2c1C(=O)N(C(C(=O)Nc1nccs1)c1ccccc1)C2)NCC(=O)N1CCCC1C(=O)NCc1ccc(-c2cncs2)cc1,False,0
CHEMBL5853228,C=CC(=O)N1CC(Nc2nc(-c3cnn(C)c3)c3c(c2F)CNC3=O)CCC1C,5.174314498901367,False,6.138914033306969,183,38.526315789473685,0.7638888888888888,False,O=C1NCc2cc(NC3CCCNC3)nc(-c3cn[nH]c3)c21,False,0
CHEMBL107472,CNc1ncc2cc(-c3c(Cl)cccc3Cl)c(=O)n(C)c2n1,5.12493896484375,False,6.134108030001323,184,38.73684210526316,0.7254901960784313,False,O=c1[nH]c2ncncc2cc1-c1ccccc1,False,0
CHEMBL3612580,CCOC(=O)CCCn1c(=O)oc2cc3ncnc(Nc4ccc(OC)cc4)c3cc21,5.12493896484375,False,6.125849273999532,185,38.94736842105263,0.7733333333333333,False,O=c1[nH]c2cc3c(Nc4ccccc4)ncnc3cc2o1,False,0
CHEMBL2335377,Nc1nc(Nc2ccc(F)c(Br)c2)c2cc(CCc3ccccn3)[nH]c2n1,4.066006660461426,False,6.122463415993584,186,39.1578947368421,0.7543859649122807,False,c1ccc(Nc2ncnc3[nH]c(CCc4ccccn4)cc23)cc1,False,0
CHEMBL260861,COc1cc(Nc2nn3c(N[C@H](CO)Cc4ccccc4)cc(C4CC4)nc3c2C(N)=O)cc(OC)c1,5.619788646697998,False,6.121863317489624,187,39.36842105263158,0.2857142857142857,False,c1ccc(CCNc2cc(C3CC3)nc3cc(Nc4ccccc4)nn23)cc1,False,0
CHEMBL6012901,CCC(=O)N1CCC(c2ccc(Nc3nc(N4CCC[C@@H](NC(=O)N5CCCCC5)C4)nnc3C(N)=O)cc2)CC1,5.259637355804443,False,6.115717304547628,188,39.578947368421055,0.7866666666666666,False,O=C(NC1CCCN(c2nncc(Nc3ccc(C4CCNCC4)cc3)n2)C1)N1CCCCC1,False,0
CHEMBL5542514,C=CC(=O)N1[C@@H]2CC[C@H]1C[C@@H](n1nc(-c3ccc(Oc4ccc5c(c4)ncn5C)c(Cl)c3)c3c(C)ncnc31)C2,5.338376522064209,False,6.114295059839884,189,39.78947368421053,0.7126436781609196,False,c1ncc2c(-c3ccc(Oc4ccc5[nH]cnc5c4)cc3)nn(C3CC4CCC(C3)N4)c2n1,False,0
CHEMBL2335378,Nc1nc(Nc2ccc(F)c(Cl)c2)c2cc(CCc3ccccn3)[nH]c2n1,3.956244945526123,False,6.112884432421791,190,40.0,0.7586206896551724,False,c1ccc(Nc2ncnc3[nH]c(CCc4ccccn4)cc23)cc1,False,0
CHEMBL3613691,CN(C)c1ccc(/C=C/C(=O)c2ccc3ncc(C(N)=O)c(Nc4ccc(Cl)cc4)c3c2)cc1,5.277119159698486,False,6.104133315086365,191,40.21052631578947,0.3493975903614458,False,O=C(C=Cc1ccccc1)c1ccc2nccc(Nc3ccccc3)c2c1,False,0
CHEMBL245799,N#Cc1cnc2ccc(-c3cccc(CN4CCOCC4)c3)cc2c1N[C@@H]1C[C@H]1c1ccccc1,5.2790141105651855,False,6.088461763007301,192,40.421052631578945,0.8787878787878788,False,c1ccc(C2CC2Nc2ccnc3ccc(-c4cccc(CN5CCOCC5)c4)cc23)cc1,False,0
CHEMBL49120,CCN(CC)CCOc1ccc(Nc2ncc3cc(-c4c(Cl)cccc4Cl)c(=O)n(C)c3n2)cc1,5.4062395095825195,False,6.088326967122062,193,40.63157894736842,0.65625,False,O=c1[nH]c2nc(Nc3ccccc3)ncc2cc1-c1ccccc1,False,0
CHEMBL3915306,O=C(CBr)OCCn1c(=O)oc2cc3ncnc(Nc4ccc(OCc5ccc(Cl)cc5)cc4)c3cc21,5.193819999694824,False,6.080261880556742,194,40.8421052631579,0.6790123456790124,False,O=c1[nH]c2cc3c(Nc4ccc(OCc5ccccc5)cc4)ncnc3cc2o1,False,0
CHEMBL3613695,NC(=O)c1cnc2ccc(C(=O)/C=C/c3ccc(Cl)cc3)cc2c1Nc1ccc(Br)cc1,5.316592693328857,False,6.077174886862437,195,41.05263157894737,0.4342105263157895,False,O=C(C=Cc1ccccc1)c1ccc2nccc(Nc3ccccc3)c2c1,False,0
CHEMBL453737,COc1cc2c(Oc3ccc(-c4cnc(Nc5ccc(F)cc5)n(C)c4=O)cc3F)ccnc2cc1OCCCN1CCOCC1,5.7695512771606445,False,6.0768289732933045,196,41.26315789473684,0.7191011235955056,False,O=c1[nH]c(Nc2ccccc2)ncc1-c1ccc(Oc2ccnc3cc(OCCCN4CCOCC4)ccc23)cc1,False,0
CHEMBL114073,COc1cc2ncc(C#N)c(Nc3ccc(F)c(Cl)c3)c2cc1NC(=O)/C=C/C(C)N1CCOCC1,4.975103855133057,False,6.07637456258138,197,41.473684210526315,0.7469879518072289,False,O=C(C=CCN1CCOCC1)Nc1ccc2nccc(Nc3ccccc3)c2c1,False,0
CHEMBL4205469,COc1cc(N2CCN(C)CC2)ccc1Nc1ncc(Cl)c(Oc2ccc(N)cc2)n1,5.1313557624816895,False,6.075874621073405,198,41.68421052631579,0.6282051282051282,False,c1ccc(Oc2ccnc(Nc3ccc(N4CCNCC4)cc3)n2)cc1,False,0
CHEMBL4202955,COc1cc(N2CCN(C)CC2)ccc1Nc1ncc(Cl)c(Oc2cccc(NC(=O)/C=C/CN(C)C)c2)n1,5.300162315368652,False,6.075613100528717,199,41.89473684210526,0.7951807228915663,False,c1ccc(Oc2ccnc(Nc3ccc(N4CCNCC4)cc3)n2)cc1,False,0
CHEMBL1614712,Nc1ncnc2c1c(-c1cccc(OCc3ccccc3)c1)cn2[C@H]1C[C@@H](CN2CCC2)C1,5.260284423828125,False,6.075232697857751,200,42.10526315789474,0.7384615384615385,False,c1ccc(COc2cccc(-c3cn(C4CC(CN5CCC5)C4)c4ncncc34)c2)cc1,False,0
CHEMBL3740102,C/C(=N\Nc1ncc(Cl)c(Nc2cccc(NC(=O)/C=C/CN(C)C)c2)n1)c1ccc(F)cc1,5.221836566925049,False,6.069791663487752,201,42.31578947368421,0.7945205479452054,False,C(=NNc1nccc(Nc2ccccc2)n1)c1ccccc1,False,0
CHEMBL6006738,CC(=O)N1CCC(c2ccc(Nc3nc(N4CCC[C@@H](NC(=O)N5CCCCC5)C4)nnc3C(N)=O)cc2)CC1,5.259637355804443,False,6.069430196020338,202,42.526315789473685,0.8169014084507042,False,O=C(NC1CCCN(c2nncc(Nc3ccc(C4CCNCC4)cc3)n2)C1)N1CCCCC1,False,0
CHEMBL4210744,COc1cc(N2CCN(C)CC2)ccc1Nc1ncc(Cl)c(Oc2cccc(N)c2)n1,5.187755107879639,False,6.0668673451741535,203,42.73684210526316,0.6973684210526315,False,c1ccc(Oc2ccnc(Nc3ccc(N4CCNCC4)cc3)n2)cc1,False,0
CHEMBL3237932,COc1cc(N2CCN(C)CC2)ccc1Nc1ncc(Cl)c(Oc2cccc(NC(=O)CCN3CCCCC3)c2)n1,5.344189643859863,False,6.058538352648418,204,42.94736842105263,0.9864864864864865,False,O=C(CCN1CCCCC1)Nc1cccc(Oc2ccnc(Nc3ccc(N4CCNCC4)cc3)n2)c1,False,0
CHEMBL1230609,COc1cc2c(Oc3ccc(NC(=O)C4(C(=O)Nc5ccc(F)cc5)CC4)cc3F)ccnc2cc1OCCCN1CCOCC1,5.522881031036377,False,6.054030884424845,205,43.1578947368421,0.6333333333333333,False,O=C(Nc1ccccc1)C1(C(=O)Nc2ccc(Oc3ccnc4cc(OCCCN5CCOCC5)ccc34)cc2)CC1,False,0
CHEMBL4216025,COc1cc(N2CCN(C)CC2)ccc1Nc1ncc(Cl)c(Oc2ccc(N=[N+]=[N-])cc2)n1,4.820160865783691,False,6.039926349322001,206,43.36842105263158,0.5833333333333334,False,c1ccc(Oc2ccnc(Nc3ccc(N4CCNCC4)cc3)n2)cc1,False,0
CHEMBL87084,Oc1cc2cc(-c3ccncc3)cnc2cc1O,5.301030158996582,False,6.036757136450873,207,43.578947368421055,0.2708333333333333,False,c1ccc2ncc(-c3ccncc3)cc2c1,False,0
CHEMBL5759916,O=C1CCC(N2C(=O)c3ccc(N4CCN(CCCOCCCCNc5cccc6c5C(=O)N(C(C(=O)Nc5nccs5)c5cc(F)ccc5O)C6)CC4)cc3C2=O)C(=O)N1,5.92081880569458,False,6.036669040812387,208,43.78947368421053,0.9279279279279279,False,O=C1CCC(N2C(=O)c3ccc(N4CCN(CCCOCCCCNc5cccc6c5C(=O)N(C(C(=O)Nc5nccs5)c5ccccc5)C6)CC4)cc3C2=O)C(=O)N1,False,0
CHEMBL3612578,CCOC(=O)CCCn1c(=O)oc2cc3ncnc(Nc4ccc(Cl)cc4)c3cc21,5.92081880569458,False,6.028242672284444,209,44.0,0.7368421052631579,False,O=c1[nH]c2cc3c(Nc4ccccc4)ncnc3cc2o1,False,0
CHEMBL4214620,COc1cc(N2CCN(C)CC2)ccc1Nc1ncc(Cl)c(Oc2cccc(N=[N+]=[N-])c2)n1,5.206209659576416,False,6.001063265800476,210,44.21052631578947,0.6585365853658537,False,c1ccc(Oc2ccnc(Nc3ccc(N4CCNCC4)cc3)n2)cc1,False,0
CHEMBL2385981,CCOc1cc(N)c(C(=O)Nc2ccc(OCc3cccc(F)c3)c(Cl)c2)cc1NC(=O)c1ccc(CN2CCN(C)CC2)cc1,5.301030158996582,False,5.997621978123982,211,44.421052631578945,0.7692307692307693,False,O=C(Nc1cccc(C(=O)Nc2ccc(OCc3ccccc3)cc2)c1)c1ccc(CN2CCNCC2)cc1,False,0
CHEMBL5563395,C/C=C/C(=O)Nc1cc2c(Oc3ccc(NC(=O)c4sc(-c5ccccc5)nc4C)cc3F)cccc2cc1OC,5.63432502746582,False,5.995645775794983,212,44.63157894736842,0.632183908045977,False,O=C(Nc1ccc(Oc2cccc3ccccc23)cc1)c1cnc(-c2ccccc2)s1,False,0
CHEMBL4205869,COc1cc(N2CCN(C)CC2)ccc1Nc1ncc(Cl)c(Oc2cccc([N+](=O)[O-])c2)n1,5.05207633972168,False,5.993183097839355,213,44.8421052631579,0.7159090909090909,False,c1ccc(Oc2ccnc(Nc3ccc(N4CCNCC4)cc3)n2)cc1,False,0
CHEMBL5944144,NC(=O)c1nnc(N2CCC[C@@H](NC(=O)Nc3ccccc3)C2)nc1Nc1ccc(C(=O)N2CCOCC2)cc1,5.259637355804443,False,5.989943687915802,214,45.05263157894737,0.6987951807228916,False,O=C(Nc1ccccc1)NC1CCCN(c2nncc(Nc3ccc(C(=O)N4CCOCC4)cc3)n2)C1,False,0
CHEMBL1683950,Fc1cccc(COc2ccc(Nc3cc(-c4ccccc4)ncn3)cc2Cl)c1,5.92081880569458,False,5.987490163644154,215,45.26315789473684,0.8103448275862069,False,c1ccc(COc2ccc(Nc3cc(-c4ccccc4)ncn3)cc2)cc1,False,0
CHEMBL3092297,O=C(Nc1cc2c(Nc3ccc(F)c(Cl)c3)ncnc2cc1O[C@H]1CCOC1)N1CCC(F)CC1,5.947248935699463,False,5.981533321804471,216,45.473684210526315,0.9154929577464789,False,O=C(Nc1cc2c(Nc3ccccc3)ncnc2cc1OC1CCOC1)N1CCCCC1,False,0
CHEMBL544067,C=C(CN1CCOCC1)C(=O)c1ccc(OCc2ccccc2)cc1,5.958607196807861,False,5.9788777603043455,217,45.68421052631579,0.7551020408163265,False,C=C(CN1CCOCC1)C(=O)c1ccc(OCc2ccccc2)cc1,False,0
CHEMBL440298,N#C/C(=C\c1ccc(O)c(O)c1)C(=O)NCCCCc1ccccc1,5.301030158996582,False,5.976872678991348,218,45.89473684210526,0.9347826086956522,False,O=C(C=Cc1ccccc1)NCCCCc1ccccc1,False,0
CHEMBL5573159,CCC(=O)Nc1cc2c(Oc3ccc(NC(=O)c4sc(-c5ccccc5)nc4C)cc3F)cccc2cc1OC,5.409158229827881,False,5.976641254425049,219,46.10526315789474,0.5617977528089888,False,O=C(Nc1ccc(Oc2cccc3ccccc23)cc1)c1cnc(-c2ccccc2)s1,False,0
CHEMBL168266,Nc1ncnc2c1c(-c1ccccc1)cn2C1CC(O)C1,5.549750804901123,False,5.969633453316158,220,46.31578947368421,0.8444444444444444,False,c1ccc(-c2cn(C3CCC3)c3ncncc23)cc1,False,0
CHEMBL5286675,CN(C)c1ccc(/C=C/c2cc(C(=O)O)c3cc(Br)ccc3n2)cc1,5.651695251464844,False,5.9667056123415625,221,46.526315789473685,0.4375,False,C(=Cc1ccc2ccccc2n1)c1ccccc1,False,0
CHEMBL49596,Cn1c(=O)c(-c2c(Cl)cccc2Cl)cc2cnc(N)nc21,5.251811981201172,False,5.963799046675364,222,46.73684210526316,0.6226415094339622,False,O=c1[nH]c2ncncc2cc1-c1ccccc1,False,0
CHEMBL332269,CCCCNc1ncc2cc(-c3c(Cl)cccc3Cl)c(=O)n(C)c2n1,5.3565473556518555,False,5.962311258543105,223,46.94736842105263,0.7586206896551724,False,O=c1[nH]c2ncncc2cc1-c1ccccc1,False,0
CHEMBL6052743,Cc1ncsc1-c1ccc(CNC(=O)[C@@H]2C[C@@H](O)CN2C(=O)[C@H](C(C)C)N2Cc3ccccc3C2=O)c(OCCN2CCN(Cc3ccc(-c4cc5c(NCc6ccccc6Cl)ncnc5[nH]4)cc3)CC2)c1,5.5155253410339355,False,5.96028017716559,224,47.1578947368421,0.95,False,O=C(NCc1ccc(-c2cncs2)cc1OCCN1CCN(Cc2ccc(-c3cc4c(NCc5ccccc5)ncnc4[nH]3)cc2)CC1)C1CCCN1C(=O)CN1Cc2ccccc2C1=O,False,0
CHEMBL1641989,CN(C)CCCC(=O)Nc1ccc2c(C#N)cnc(Nc3cccc(Br)c3)c2c1,5.387216091156006,False,5.958440424998601,225,47.36842105263158,0.7,False,c1ccc(Nc2nccc3ccccc23)cc1,False,0
CHEMBL2029699,Cc1ccc(N2NC(=O)/C(=C/c3ccc(OCc4ccccc4)cc3)C2=O)cc1Cl,5.065501689910889,False,5.957777035138618,226,47.578947368421055,0.4507042253521127,False,O=C1NN(c2ccccc2)C(=O)C1=Cc1ccc(OCc2ccccc2)cc1,False,0
CHEMBL2335013,Nc1nc(Nc2cccc(C(F)(F)F)c2)c2cc(CCc3ccccn3)[nH]c2n1,4.714442729949951,False,5.956674963633219,227,47.78947368421053,0.5970149253731343,False,c1ccc(Nc2ncnc3[nH]c(CCc4ccccn4)cc23)cc1,False,0
CHEMBL4208167,COc1cc(N2CCN(C)CC2)ccc1Nc1ncc(Cl)c(Oc2ccc([N+](=O)[O-])cc2)n1,5.001304626464844,False,5.955337897936503,228,48.0,0.6704545454545454,False,c1ccc(Oc2ccnc(Nc3ccc(N4CCNCC4)cc3)n2)cc1,False,0
CHEMBL1812567,O=C(/C=C/c1cccs1)Nc1ccc2ncnc(Nc3cccc(Cl)c3)c2c1,5.055517196655273,False,5.95138594256507,229,48.21052631578947,0.7377049180327869,False,O=C(C=Cc1cccs1)Nc1ccc2ncnc(Nc3ccccc3)c2c1,False,0
CHEMBL50470,CCN(CC)CCCNc1ncc2cc(-c3c(Cl)cccc3Cl)c(=O)n(C)c2n1,5.861769199371338,False,5.9497404606758595,230,48.421052631578945,0.6984126984126984,False,O=c1[nH]c2ncncc2cc1-c1ccccc1,False,0
CHEMBL5195321,CC(C)(C)n1cc(-c2cncc3ccccc23)c2c(N)ncnc21,5.789681434631348,False,5.94858686182234,231,48.63157894736842,0.4067796610169492,False,c1ccc2c(-c3c[nH]c4ncncc34)cncc2c1,False,0
CHEMBL4214040,COc1cc(N2CCN(C)CC2)ccc1Nc1ncc(Cl)c(Oc2ccc(NC(=O)CO)cc2)n1,5.97469425201416,False,5.944680665334066,232,48.8421052631579,0.7215189873417721,False,c1ccc(Oc2ccnc(Nc3ccc(N4CCNCC4)cc3)n2)cc1,False,0
CHEMBL5972541,CN(C)C/C=C/C(=O)N1CCC(Nc2cncc(-c3cnc(Oc4cccc(Cl)c4)nc3)n2)CC1,4.2790141105651855,False,5.942011863390604,233,49.05263157894737,0.7532467532467533,False,c1ccc(Oc2ncc(-c3cncc(NC4CCNCC4)n3)cn2)cc1,False,0
CHEMBL4072410,O=[N+]([O-])OCCCOc1ccc(Nc2ncnc3c2cnn3-c2ccc(Br)cc2)cc1,5.522878646850586,False,5.934910830656688,234,49.26315789473684,0.34328358208955223,False,c1ccc(Nc2ncnc3c2cnn3-c2ccccc2)cc1,False,0
CHEMBL4203804,COc1cc(N2CCN(C)CC2)ccc1Nc1ncc(Cl)c(Oc2ccc(NC(C)=O)cc2)n1,5.442492961883545,False,5.934449676937527,235,49.473684210526315,0.6835443037974683,False,c1ccc(Oc2ccnc(Nc3ccc(N4CCNCC4)cc3)n2)cc1,False,0
CHEMBL109296,CCNc1ncc2cc(-c3c(Cl)cccc3Cl)c(=O)n(C)c2n1,5.346787452697754,False,5.933751438685825,236,49.68421052631579,0.6896551724137931,False,O=c1[nH]c2ncncc2cc1-c1ccccc1,False,0
CHEMBL5935382,C=CC(=O)N1CC2CN(c3nc(Nc4cnn(C)c4)c4c(c3F)CNC4=O)CC2C1,5.864867210388184,False,5.933693098227183,237,49.89473684210526,0.7971014492753623,False,O=C1NCc2cc(N3CC4CNCC4C3)nc(Nc3cn[nH]c3)c21,False,0
CHEMBL544074,C=C(CN1CCCCC1)C(=O)c1ccc(OCc2ccccc2)cc1,5.958607196807861,False,5.930080127451155,238,50.10526315789474,0.7872340425531915,False,C=C(CN1CCCCC1)C(=O)c1ccc(OCc2ccccc2)cc1,False,0
CHEMBL5862663,NC(=O)c1nnc(N2CCC[C@@H](NC(=O)N3CCCCC3)C2)nc1Nc1ccc(C2CCN(C=O)CC2)cc1,5.259637355804443,False,5.921510875489977,239,50.31578947368421,0.8055555555555556,False,O=C(NC1CCCN(c2nncc(Nc3ccc(C4CCNCC4)cc3)n2)C1)N1CCCCC1,False,0
CHEMBL5971716,N#CCC(=O)N1CCC(c2ccc(Nc3nc(N4CCC[C@@H](NC(=O)N5CCCCC5)C4)nnc3C(N)=O)cc2)CC1,5.259637355804443,False,5.918313689761692,240,50.526315789473685,0.7848101265822784,False,O=C(NC1CCCN(c2nncc(Nc3ccc(C4CCNCC4)cc3)n2)C1)N1CCCCC1,False,0
CHEMBL1946843,CN(C)c1nc(N/N=C/c2cc(Br)c(O)c(Br)c2O)nc(Nc2ccc(F)cc2)n1,4.886893272399902,False,5.911992677052816,241,50.73684210526316,0.26506024096385544,False,C(=NNc1ncnc(Nc2ccccc2)n1)c1ccccc1,False,0
CHEMBL6043242,O=C1CCC(N2C(=O)c3cccc(NCCOCCOCCOc4ccc(-c5cc6c(NCc7ccccc7Cl)ncnc6[nH]5)cc4)c3C2=O)C(=O)N1,5.2441253662109375,False,5.903835647877447,242,50.94736842105263,1.0,False,O=C1CCC(N2C(=O)c3cccc(NCCOCCOCCOc4ccc(-c5cc6c(NCc7ccccc7)ncnc6[nH]5)cc4)c3C2=O)C(=O)N1,False,0
CHEMBL5890920,COc1cc(OC2CCN(C)CC2(F)F)c2c(Nc3ccc(Oc4ccn5ccnc5c4)c(C)c3)ncnc2c1,5.744486331939697,False,5.900377429167429,243,51.1578947368421,0.8072289156626506,False,c1cc(OC2CCNCC2)c2c(Nc3ccc(Oc4ccn5ccnc5c4)cc3)ncnc2c1,False,0
CHEMBL6055178,COc1ccccc1C(=O)NC1(c2ccc(-c3nn(C4CCCC4)c4ncnc(N)c34)cc2)CC1,5.259637355804443,False,5.899032120704651,244,51.36842105263158,0.726027397260274,False,O=C(NC1(c2ccc(-c3nn(C4CCCC4)c4ncncc34)cc2)CC1)c1ccccc1,False,0
CHEMBL2424804,O=C(/C=C/c1ccc(Br)s1)Nc1ccc2ncnc(Nc3cccc(Cl)c3)c2c1,5.619788646697998,False,5.89215767648485,245,51.578947368421055,0.746031746031746,False,O=C(C=Cc1cccs1)Nc1ccc2ncnc(Nc3ccccc3)c2c1,False,0
CHEMBL5874587,C=CC(=O)N1CCCC(Nc2nc(Nc3ccc(N4CCN(C5COC5)CC4C)cn3)c3c(c2F)CNC3=O)C1,5.04522705078125,False,5.885211646609836,246,51.78947368421053,0.7078651685393258,False,O=C1NCc2cc(NC3CCCNC3)nc(Nc3ccc(N4CCN(C5COC5)CC4)cn3)c21,False,0
CHEMBL2335014,Nc1nc(Nc2ccc(F)c(C(F)(F)F)c2)c2cc(CCc3ccccn3)[nH]c2n1,4.806875228881836,False,5.876508255799611,247,52.0,0.7666666666666667,False,c1ccc(Nc2ncnc3[nH]c(CCc4ccccn4)cc23)cc1,False,0
CHEMBL5892735,C=CC(=O)N(C)Cc1ccc(Oc2nc(Nc3cccc(OCCN4CCCC4=O)c3)ncc2F)cc1,5.978810787200928,False,5.875430298010508,248,52.21052631578947,0.825,False,O=C1CCCN1CCOc1cccc(Nc2nccc(Oc3ccccc3)n2)c1,False,0
CHEMBL603,COc1cc(C(=O)NS(=O)(=O)c2ccccc2C)ccc1Cc1cn(C)c2ccc(NC(=O)OC3CCCC3)cc12,5.2402567863464355,False,5.872515723213318,249,52.421052631578945,0.32653061224489793,False,O=C(Nc1ccc2[nH]cc(Cc3ccc(C(=O)NS(=O)(=O)c4ccccc4)cc3)c2c1)OC1CCCC1,False,0
CHEMBL3092299,O=C(Nc1cc2c(Nc3ccc(F)c(Cl)c3)ncnc2cc1O[C@H]1CCOC1)N1CCCC(F)(F)C1,5.888428211212158,False,5.872150873608059,250,52.63157894736842,0.9230769230769231,False,O=C(Nc1cc2c(Nc3ccccc3)ncnc2cc1OC1CCOC1)N1CCCCC1,False,0
CHEMBL4217686,COc1cc(N2CCN(C)CC2)ccc1Nc1ncc(Cl)c(Oc2ccc(NC(=O)CCO)cc2)n1,5.2132487297058105,False,5.8661014689339535,251,52.8421052631579,0.7530864197530864,False,c1ccc(Oc2ccnc(Nc3ccc(N4CCNCC4)cc3)n2)cc1,False,0
CHEMBL1098121,COc1ccc(CCCCCn2cc(CCN)c3cc(OCCc4ccc(O)cc4)ccc32)cc1,5.3565473556518555,False,5.864584330701668,252,53.05263157894737,0.75,False,c1ccc(CCCCCn2ccc3cc(OCCc4ccccc4)ccc32)cc1,False,0
CHEMBL5983357,C=CC(=O)N1CC(Oc2cc3c(Nc4ccc(Cl)cc4Cl)ncnc3cn2)C1,5.638272285461426,False,5.862807222472298,253,53.26315789473684,0.8548387096774194,False,c1ccc(Nc2ncnc3cnc(OC4CNC4)cc23)cc1,False,0
CHEMBL1098119,NCCc1cn(CCCCCc2ccccc2)c2ccc(OCCc3ccc(O)cc3)cc12,5.787812232971191,False,5.855495104652262,254,53.473684210526315,0.7166666666666667,False,c1ccc(CCCCCn2ccc3cc(OCCc4ccccc4)ccc32)cc1,False,0
CHEMBL337297,CO[C@H]1[C@@H](N(C)C(=O)c2cnccn2)C[C@@H]2O[C@@]1(C)n1c3ccccc3c3c4c(c5c6ccccc6n2c5c31)C(=O)NC4,5.087246894836426,False,5.8541707762082416,255,53.68421052631579,0.8214285714285714,False,O=C(NC1CC2OC(C1)n1c3ccccc3c3c4c(c5c6ccccc6n2c5c31)CNC4=O)c1cnccn1,False,0
CHEMBL2029700,Nc1nn2c(=O)cc(-c3ccccc3)[nH]c2c1/N=N/c1ccc2c(c1)OCO2,5.275723934173584,False,5.842976046800613,256,53.89473684210526,0.25,False,O=c1cc(-c2ccccc2)[nH]c2c(N=Nc3ccc4c(c3)OCO4)cnn12,False,0
CHEMBL48436,O=C(NCc1ccccc1)c1cc2ccc(O)c(O)c2cn1,5.853871822357178,False,5.833933587736554,257,54.10526315789474,0.782608695652174,False,O=C(NCc1ccccc1)c1cc2ccccc2cn1,False,0
CHEMBL4211573,COc1cc(N2CCN(C)CC2)ccc1Nc1ncc(Cl)c(Oc2ccc(NC(=O)COCc3ccccc3)cc2)n1,5.568636417388916,False,5.825064222282833,258,54.31578947368421,0.875,False,O=C(COCc1ccccc1)Nc1ccc(Oc2ccnc(Nc3ccc(N4CCNCC4)cc3)n2)cc1,False,0
CHEMBL2385980,CCOc1cc([N+](=O)[O-])c(C(=O)Nc2ccc(OCc3cccc(F)c3)c(Cl)c2)cc1NC(=O)c1ccc(CN2CCN(C)CC2)cc1,5.259637355804443,False,5.815561699867248,259,54.526315789473685,0.7804878048780488,False,O=C(Nc1cccc(C(=O)Nc2ccc(OCc3ccccc3)cc2)c1)c1ccc(CN2CCNCC2)cc1,False,0
CHEMBL4207305,COc1cc(N2CCN(C)CC2)ccc1Nc1ncc(Cl)c(Oc2cccc(NC(=O)CO)c2)n1,5.823908805847168,False,5.81392574204339,260,54.73684210526316,0.8533333333333334,False,c1ccc(Oc2ccnc(Nc3ccc(N4CCNCC4)cc3)n2)cc1,False,0
CHEMBL545006,O=C(CCN1CCCCC1)c1ccc(OCc2ccccc2)cc1,5.744727611541748,False,5.813771586418152,261,54.94736842105263,0.7777777777777778,False,O=C(CCN1CCCCC1)c1ccc(OCc2ccccc2)cc1,False,0
CHEMBL4209119,COc1cc(N2CCN(C)CC2)ccc1Nc1ncc(Cl)c(Oc2ccc(NC(=O)CCOCc3ccccc3)cc2)n1,5.777283668518066,False,5.808534621397654,262,55.1578947368421,0.8780487804878049,False,O=C(CCOCc1ccccc1)Nc1ccc(Oc2ccnc(Nc3ccc(N4CCNCC4)cc3)n2)cc1,False,0
CHEMBL5757114,O=C1CCC(N2C(=O)c3ccc(OCCOCCOCCOCCCc4cccc5c4C(=O)N(C(C(=O)Nc4nccs4)c4cc(F)ccc4O)C5)cc3C2=O)C(=O)N1,5.736830234527588,False,5.80570069727237,263,55.36842105263158,0.8173076923076923,False,O=C1CCC(N2C(=O)c3ccc(OCCOCCOCCOCCCc4cccc5c4C(=O)N(C(C(=O)Nc4nccs4)c4ccccc4)C5)cc3C2=O)C(=O)N1,False,0
CHEMBL1094194,CSc1ccc(CCCCCn2cc(CCN)c3cc(OCCc4ccc(O)cc4)ccc32)cc1,5.71669864654541,False,5.802292074876202,264,55.578947368421055,0.6119402985074627,False,c1ccc(CCCCCn2ccc3cc(OCCc4ccccc4)ccc32)cc1,False,0
CHEMBL3425671,COc1cc(N2CCN(C)CC2)ccc1Nc1ncc(Cl)c(Oc2cccc(NC(C)=O)c2)n1,5.485452175140381,False,5.801268197695414,265,55.78947368421053,0.8133333333333334,False,c1ccc(Oc2ccnc(Nc3ccc(N4CCNCC4)cc3)n2)cc1,False,0
CHEMBL1240565,Cn1nc(-c2cnc3[nH]ccc3c2)c2c(N)ncnc21,4.823908805847168,False,5.799094925721486,266,56.0,0.6727272727272727,False,c1ncc2c(-c3cnc4[nH]ccc4c3)n[nH]c2n1,False,0
CHEMBL5926198,CCN(CC)C(=O)N[C@@H]1CCCN(c2nnc(C(N)=O)c(Nc3ccc(C(=O)N4CCOCC4)cc3)n2)C1,5.259637355804443,False,5.792885977427165,267,56.21052631578947,0.6705882352941176,False,O=C(c1ccc(Nc2cnnc(N3CCCCC3)n2)cc1)N1CCOCC1,False,0
CHEMBL487254,N=C(Nc1ccccc1)SCCCN1C(=O)C2=C(C1=O)n1ccc3cccc(c31)C1Cc3ccccc3N21,5.022276401519775,False,5.787104945182801,268,56.421052631578945,0.25,False,N=C(Nc1ccccc1)SCCCN1C(=O)C2=C(C1=O)n1ccc3cccc(c31)C1Cc3ccccc3N21,False,0
CHEMBL5873347,C=CC(=O)N1CCCC(Nc2nc(Nc3ccc(N4CCC(O)C(C)(C)C4)cn3)c3c(c2F)CNC3=O)C1,5.080503463745117,False,5.786313229719798,269,56.63157894736842,0.8024691358024691,False,O=C1NCc2cc(NC3CCCNC3)nc(Nc3ccc(N4CCCCC4)cn3)c21,False,0
CHEMBL1094835,COc1ccc(CCOc2ccc3c(c2)c(CCN)cn3CCCCCc2ccc(SC)cc2)cc1,5.610834121704102,False,5.784078105274676,270,56.8421052631579,0.5970149253731343,False,c1ccc(CCCCCn2ccc3cc(OCCc4ccccc4)ccc32)cc1,False,0
CHEMBL5781511,CCOc1ccc(C(=O)N[C@@H]2CCCN(c3nnc(C(N)=O)c(Nc4ccc(C(=N)N5CCCC5)cc4)n3)C2)cc1,5.259637355804443,False,5.774296768506368,271,57.05263157894737,0.8181818181818182,False,N=C(c1ccc(Nc2cnnc(N3CCCC(NC(=O)c4ccccc4)C3)n2)cc1)N1CCCC1,False,0
CHEMBL3742200,Oc1nnc(-c2c[nH]c(-c3ccccc3)c2-c2ccccc2)c2cn(-c3ccc(Cl)cc3)nc12,5.357535362243652,False,5.766601721710629,272,57.26315789473684,0.3835616438356164,False,c1ccc(-c2[nH]cc(-c3nncc4nn(-c5ccccc5)cc34)c2-c2ccccc2)cc1,False,0
CHEMBL3092298,O=C(Nc1cc2c(Nc3ccc(F)c(Cl)c3)ncnc2cc1O[C@H]1CCOC1)N1CCC(F)(F)CC1,5.67041540145874,False,5.7656972757975264,273,57.473684210526315,0.9210526315789473,False,O=C(Nc1cc2c(Nc3ccccc3)ncnc2cc1OC1CCOC1)N1CCCCC1,False,0
CHEMBL461571,Cc1c(C(=O)c2ccc(Cl)cc2)c2ccc(OC(F)(F)F)cc2n1Cc1cccc(O[C@H](C)C(=O)O)c1,5.649752140045166,False,5.762740635342068,274,57.68421052631579,0.2631578947368421,False,O=C(c1ccccc1)c1cn(Cc2ccccc2)c2ccccc12,False,0
CHEMBL296582,O=C(NCc1ccccc1)c1cc2cc(O)c(O)cc2cn1,5.508638381958008,False,5.754897367758725,275,57.89473684210526,0.6428571428571429,False,O=C(NCc1ccccc1)c1cc2ccccc2cn1,False,0
CHEMBL3133893,C=CC(=O)Nc1ccc2ncnc(Nc3ccc(S(=O)(=O)Nc4ccccn4)cc3)c2c1,5.183154582977295,False,5.754673647085825,276,58.10526315789474,0.7076923076923077,False,O=S(=O)(Nc1ccccn1)c1ccc(Nc2ncnc3ccccc23)cc1,False,0
CHEMBL6009455,Cc1ncsc1-c1ccc(CNC(=O)[C@@H]2C[C@@H](O)CN2C(=O)[C@H](C(C)C)N2Cc3ccccc3C2=O)c(OCCOCCN2CCN(Cc3ccc(-c4cc5c(NCc6ccccc6Cl)ncnc5[nH]4)cc3)CC2)c1,5.721848964691162,False,5.743923690478006,277,58.31578947368421,1.0,False,O=C(NCc1ccc(-c2cncs2)cc1OCCOCCN1CCN(Cc2ccc(-c3cc4c(NCc5ccccc5)ncnc4[nH]3)cc2)CC1)C1CCCN1C(=O)CN1Cc2ccccc2C1=O,False,0
CHEMBL5860671,Cc1ncsc1-c1ccc(CNC(=O)[C@@H]2C[C@@H](O)CN2C(=O)[C@H](C(C)C)N2Cc3ccccc3C2=O)c(OCCOCCOCCOCCOCCN2CCN(Cc3ccc(-c4cc5c(NCc6ccccc6Cl)ncnc5[nH]4)cc3)CC2)c1,5.405114650726318,False,5.743923690478006,278,58.526315789473685,1.0,False,O=C(NCc1ccc(-c2cncs2)cc1OCCOCCOCCOCCOCCN1CCN(Cc2ccc(-c3cc4c(NCc5ccccc5)ncnc4[nH]3)cc2)CC1)C1CCCN1C(=O)CN1Cc2ccccc2C1=O,False,0
CHEMBL1946845,CNc1nc(N/N=C\c2ccc(OC)cc2)nc(Nc2ccccc2)n1,4.508638381958008,False,5.742719259262085,279,58.73684210526316,0.4067796610169492,False,C(=NNc1ncnc(Nc2ccccc2)n1)c1ccccc1,False,0
CHEMBL5888426,C=CC(=O)N1CCC(Oc2cc3c(Nc4ccc(Cl)cc4Cl)ncnc3cn2)C1,5.777665615081787,False,5.741597519715627,280,58.94736842105263,0.9032258064516129,False,c1ccc(Nc2ncnc3cnc(OC4CCNC4)cc23)cc1,False,0
CHEMBL489083,N=C(N)SCCCn1c(=O)c2c(c1=O)n1c3ccccc3cc1c1cccc3ccn2c31,5.337242126464844,False,5.738218745390574,281,59.1578947368421,0.2537313432835821,False,O=c1[nH]c(=O)c2c1n1ccc3cccc(c31)c1cc3ccccc3n12,False,0
CHEMBL5946888,CCOc1ccc(C(=O)N[C@@H]2CCCN(c3nnc(C(N)=O)c(Nc4ccc(C5=NCCN5C)cc4)n3)C2)cc1,5.259637355804443,False,5.734269872506459,282,59.36842105263158,0.7560975609756098,False,O=C(NC1CCCN(c2nncc(Nc3ccc(C4=NCCN4)cc3)n2)C1)c1ccccc1,False,0
CHEMBL1946847,CNc1nc(N/N=C/c2ccc(O)cc2)nc(Nc2ccccc2)n1,4.512861728668213,False,5.732739466826121,283,59.578947368421055,0.3114754098360656,False,C(=NNc1ncnc(Nc2ccccc2)n1)c1ccccc1,False,0
CHEMBL5962222,O=C1CCC(N2C(=O)c3ccc(OCCOCCOCCOCCOCCOCC#Cc4cccc5c4C(=O)N([C@@H](C(=O)Nc4nccs4)c4cc(F)ccc4O)C5)cc3C2=O)C(=O)N1,5.012054443359375,False,5.730485016845521,284,59.78947368421053,1.0,False,O=C1CCC(N2C(=O)c3ccc(OCCOCCOCCOCCOCCOCC#Cc4cccc5c4C(=O)N(C(C(=O)Nc4nccs4)c4ccccc4)C5)cc3C2=O)C(=O)N1,False,0
CHEMBL3425673,COc1cc(N2CCN(C)CC2)ccc1Nc1ncc(Cl)c(Oc2cccc(NC(=O)CCC3CC3)c2)n1,5.9062395095825195,False,5.728061318927342,285,60.0,0.8461538461538461,False,O=C(CCC1CC1)Nc1cccc(Oc2ccnc(Nc3ccc(N4CCNCC4)cc3)n2)c1,False,0
CHEMBL5888829,C=CC(=O)N1CCC(Oc2cc3c(Nc4cccc(CO)c4)ncnc3cc2OC)CC1,5.06304931640625,False,5.725235176086426,286,60.21052631578947,0.9117647058823529,False,c1ccc(Nc2ncnc3ccc(OC4CCNCC4)cc23)cc1,False,0
CHEMBL4215164,COc1cc(N2CCN(C)CC2)ccc1Nc1ncc(Cl)c(Oc2cccc(NC(=O)CCO)c2)n1,5.798603057861328,False,5.723388718499078,287,60.421052631578945,0.8831168831168831,False,c1ccc(Oc2ccnc(Nc3ccc(N4CCNCC4)cc3)n2)cc1,False,0
CHEMBL4297674,CC#CC(=O)N[C@H]1CCCN(c2c(F)cc(C(N)=O)c3[nH]c(C)c(C)c23)C1,5.698969841003418,False,5.721755856355031,288,60.63157894736842,0.29347826086956524,False,c1cc(N2CCCCC2)c2cc[nH]c2c1,False,0
CHEMBL4798627,O=C(Cc1csc2nc3ccccc3n12)Nc1ccccc1O,4.259637355804443,False,5.706357239087422,289,60.8421052631579,0.76,False,O=C(Cc1csc2nc3ccccc3n12)Nc1ccccc1,False,0
CHEMBL3739586,Cc1ccc(-n2cc3c(-c4c[nH]c(-c5ccccc5)c4-c4ccccc4)nnc(O)c3n2)cc1,5.462181091308594,False,5.704460792276595,290,61.05263157894737,0.39436619718309857,False,c1ccc(-c2[nH]cc(-c3nncc4nn(-c5ccccc5)cc34)c2-c2ccccc2)cc1,False,0
CHEMBL3740923,Oc1nnc(-c2c[nH]c(-c3ccccc3)c2-c2ccccc2)c2cn(-c3ccccc3)nc12,5.443697452545166,False,5.686823634571499,291,61.26315789473684,0.3382352941176471,False,c1ccc(-c2[nH]cc(-c3nncc4nn(-c5ccccc5)cc34)c2-c2ccccc2)cc1,False,0
CHEMBL358746,N#C/C(=C\c1cc(O)c(O)c(O)c1)C(=O)NCCCCNC(=O)/C(C#N)=C/c1cc(O)c(O)c(O)c1,5.449814796447754,False,5.684529288382299,292,61.473684210526315,0.7804878048780488,False,O=C(C=Cc1ccccc1)NCCCCNC(=O)C=Cc1ccccc1,False,0
CHEMBL6032138,CN1CCCN([C@@H]2CCCN(c3cnc(C(N)=O)c(Nc4ccc(C5(C)CCN(C6CC6)CC5)cc4)n3)C2)C1=O,5.259637355804443,False,5.683790318171183,293,61.68421052631579,0.9714285714285714,False,O=C1NCCCN1C1CCCN(c2cncc(Nc3ccc(C4CCN(C5CC5)CC4)cc3)n2)C1,False,0
CHEMBL5894066,C=CC(=O)N1CCCC(Nc2nc(Nc3ccc(C(=O)N4CCOCC4)cc3)c3c(c2F)CNC3=O)C1,5.7481184005737305,False,5.677780184745789,294,61.89473684210526,0.8356164383561644,False,O=C1NCc2cc(NC3CCCNC3)nc(Nc3ccc(C(=O)N4CCOCC4)cc3)c21,False,0
CHEMBL338944,CO[C@H]1[C@@H](N(C)C(=O)c2cccc(Cl)c2)C[C@@H]2O[C@@]1(C)n1c3ccccc3c3c4c(c5c6ccccc6n2c5c31)C(=O)NC4,5.337242126464844,False,5.677697140905592,295,62.10526315789474,0.8095238095238095,False,O=C(NC1CC2OC(C1)n1c3ccccc3c3c4c(c5c6ccccc6n2c5c31)CNC4=O)c1ccccc1,False,0
CHEMBL3604918,CCC(=O)Nc1cc(Nc2cc[nH]n2)nc(-c2ccccc2)n1,5.4685211181640625,False,5.677439012659921,296,62.31578947368421,0.6379310344827587,False,c1ccc(-c2nccc(Nc3cc[nH]n3)n2)cc1,False,0
CHEMBL5185952,O=C(Cc1csc2nc3ccccc3n12)Nc1cccc(O)c1,4.259637355804443,False,5.67489923786234,297,62.526315789473685,0.6545454545454545,False,O=C(Cc1csc2nc3ccccc3n12)Nc1ccccc1,False,0
CHEMBL3134612,COc1cc(Nc2nccc(-c3ccc(Cl)cc3)n2)cc(OC)c1OC,5.668572902679443,False,5.673592678176033,298,62.73684210526316,0.6071428571428571,False,c1ccc(Nc2nccc(-c3ccccc3)n2)cc1,False,0
CHEMBL488271,CNC(=N)SCCCn1c(=O)c2c(c1=O)n1c3ccccc3cc1c1cccc3ccn2c31,5.004364967346191,False,5.672096383571625,299,62.94736842105263,0.2714285714285714,False,O=c1[nH]c(=O)c2c1n1ccc3cccc(c31)c1cc3ccccc3n12,False,0
CHEMBL1944928,COc1ccc2c3oc(=O)cc(O)c3c(=O)n(C)c2c1,4.151662826538086,False,5.666408760017819,300,63.1578947368421,0.3620689655172414,False,O=c1ccc2c(=O)[nH]c3ccccc3c2o1,False,0
CHEMBL144778,N#C/C(=C\c1ccc(O)c(O)c1)C(=O)NC1CCCC[C@@H]1NC(=O)/C(C#N)=C/c1ccc(O)c(O)c1,5.273723602294922,False,5.6589087465869055,301,63.36842105263158,0.7954545454545454,False,O=C(C=Cc1ccccc1)NC1CCCCC1NC(=O)C=Cc1ccccc1,False,0
CHEMBL144908,N#C/C(=C\c1ccc(O)c(O)c1)C(=O)NCCNC(=O)/C(C#N)=C/c1ccc(O)c(O)c1,5.12397575378418,False,5.655058407344515,302,63.578947368421055,0.8918918918918919,False,O=C(C=Cc1ccccc1)NCCNC(=O)C=Cc1ccccc1,False,0
CHEMBL132169,COc1ccc(C(=O)N(C)[C@H]2C[C@@H]3O[C@](C)([C@H]2OC)n2c4ccccc4c4c5c(c6c7ccccc7n3c6c42)C(=O)NC5)cc1,5.443697452545166,False,5.650988637606303,303,63.78947368421053,0.8076923076923077,False,O=C(NC1CC2OC(C1)n1c3ccccc3c3c4c(c5c6ccccc6n2c5c31)CNC4=O)c1ccccc1,False,0
CHEMBL485745,Fc1ccc(-c2nn3ccccc3c2-c2ccncc2)cc1,5.200659275054932,False,5.6483532162507375,304,64.0,0.45098039215686275,False,c1ccc(-c2nn3ccccc3c2-c2ccncc2)cc1,False,0
CHEMBL590568,Cc1cccc(/C=N/NC2=NC(=O)CS2)c1,4.629117012023926,False,5.643832362360424,305,64.21052631578948,0.3958333333333333,False,O=C1CSC(NN=Cc2ccccc2)=N1,False,0
CHEMBL1233881,COc1ccc(-c2nn(C3CCC3)c3ncnc(N)c23)cc1OC,5.638272285461426,False,5.641465233961741,306,64.42105263157895,0.9574468085106383,False,c1ccc(-c2nn(C3CCC3)c3ncncc23)cc1,False,0
CHEMBL4553708,OCCNc1nc(Nc2cccc(F)c2)c2cn[nH]c2n1,4.179798603057861,False,5.640943956375122,307,64.63157894736842,0.375,False,c1ccc(Nc2ncnc3[nH]ncc23)cc1,False,0
CHEMBL130208,CO[C@H]1[C@@H](N(C)C(=O)c2cccc([N+](=O)[O-])c2)C[C@@H]2O[C@@]1(C)n1c3ccccc3c3c4c(c5c6ccccc6n2c5c31)C(=O)NC4,5.318758964538574,False,5.631930192841424,308,64.84210526315789,0.7816091954022989,False,O=C(NC1CC2OC(C1)n1c3ccccc3c3c4c(c5c6ccccc6n2c5c31)CNC4=O)c1ccccc1,False,0
CHEMBL3612599,CCOC(=O)CCCn1c(=O)oc2cc3ncnc(Nc4cc(C)cc(C)c4)c3cc21,5.823908805847168,False,5.61718184073766,309,65.05263157894737,0.726027397260274,False,O=c1[nH]c2cc3c(Nc4ccccc4)ncnc3cc2o1,False,0
CHEMBL608533,CO[C@@H]1[C@H](N(C)C(=O)c2ccccc2)C[C@H]2O[C@]1(C)n1c3ccccc3c3c4c(c5c6ccccc6n2c5c31)C(=O)NC4,5.522878646850586,False,5.615057263374329,310,65.26315789473684,0.8717948717948718,False,O=C(NC1CC2OC(C1)n1c3ccccc3c3c4c(c5c6ccccc6n2c5c31)CNC4=O)c1ccccc1,False,0
CHEMBL338448,CO[C@H]1[C@@H](N(C)C(=O)c2ccccc2)C[C@@H]2O[C@@]1(C)n1c3ccccc3c3c4c(c5c6ccccc6n2c5c31)C(=O)NC4,5.721246242523193,False,5.615057263374329,311,65.47368421052632,0.8717948717948718,False,O=C(NC1CC2OC(C1)n1c3ccccc3c3c4c(c5c6ccccc6n2c5c31)CNC4=O)c1ccccc1,False,0
CHEMBL5619757,O=C1NC(c2ccc(OCc3ccc(Cl)cc3)cc2)Nc2ccccc21,4.146910667419434,False,5.614587682882945,312,65.6842105263158,0.29411764705882354,False,O=C1NC(c2ccc(OCc3ccccc3)cc2)Nc2ccccc21,False,0
CHEMBL131715,CO[C@H]1[C@@H](N(C)C(=O)c2ccc(Cl)cc2)C[C@@H]2O[C@@]1(C)n1c3ccccc3c3c4c(c5c6ccccc6n2c5c31)C(=O)NC4,5.15490198135376,False,5.609339804649353,313,65.89473684210526,0.8181818181818182,False,O=C(NC1CC2OC(C1)n1c3ccccc3c3c4c(c5c6ccccc6n2c5c31)CNC4=O)c1ccccc1,False,0
CHEMBL160935,Cn1c(SSc2c(C(=O)c3ccco3)c3ccccc3n2C)c(C(=O)c2ccco2)c2ccccc21,5.113509178161621,False,5.608062115510305,314,66.10526315789474,0.6136363636363636,False,O=C(c1ccco1)c1c(SSc2[nH]c3ccccc3c2C(=O)c2ccco2)[nH]c2ccccc12,False,0
CHEMBL131590,CO[C@H]1[C@@H](N(C)C(=O)c2ccccc2Cl)C[C@@H]2O[C@@]1(C)n1c3ccccc3c3c4c(c5c6ccccc6n2c5c31)C(=O)NC4,5.327902317047119,False,5.5865948744614915,315,66.3157894736842,0.8181818181818182,False,O=C(NC1CC2OC(C1)n1c3ccccc3c3c4c(c5c6ccccc6n2c5c31)CNC4=O)c1ccccc1,False,0
CHEMBL5964701,CC#CC(=O)N1CCC[C@@H](Nc2nnc(C(N)=O)c(Nc3ccc(S(C)(=O)=O)cc3)n2)C1,5.259637355804443,False,5.584017025629679,316,66.52631578947368,0.6708860759493671,False,c1ccc(Nc2cnnc(NC3CCCNC3)n2)cc1,False,0
CHEMBL1956887,Nc1nc(Nc2cccc(Br)c2)c2cc(Cc3ccc(-c4ccccc4)cc3)[nH]c2n1,5.210419178009033,False,5.572978728612264,317,66.73684210526316,0.88,False,c1ccc(Nc2ncnc3[nH]c(Cc4ccc(-c5ccccc5)cc4)cc23)cc1,False,0
CHEMBL1080272,O=C(NCCN1CCCC1)c1cc2cnnc(Nc3ccc(OCc4cccc(F)c4)c(Cl)c3)c2[nH]1,4.819874286651611,False,5.572427005767822,318,66.94736842105263,0.7469879518072289,False,O=C(NCCN1CCCC1)c1cc2cnnc(Nc3ccc(OCc4ccccc4)cc3)c2[nH]1,False,0
CHEMBL5832939,Cc1ncsc1-c1ccc(CNC(=O)[C@@H]2C[C@@H](O)CN2C(=O)[C@H](C(C)C)N2Cc3ccccc3C2=O)c(OCCOCCOCC#Cc2cccc3c2C(=O)N([C@@H](C(=O)Nc2nccs2)c2cc(F)ccc2O)C3)c1,5.406380653381348,False,5.56075405645812,319,67.15789473684211,1.0,False,O=C(NCc1ccc(-c2cncs2)cc1OCCOCCOCC#Cc1cccc2c1C(=O)N(C(C(=O)Nc1nccs1)c1ccccc1)C2)C1CCCN1C(=O)CN1Cc2ccccc2C1=O,False,0
CHEMBL144589,N#C/C(=C\c1ccc(O)c(O)c1)C(=O)NCCCCNC(=O)/C(C#N)=C/c1ccc(O)c(O)c1,5.794189929962158,False,5.554272888024647,320,67.36842105263158,0.972972972972973,False,O=C(C=Cc1ccccc1)NCCCCNC(=O)C=Cc1ccccc1,False,0
CHEMBL3741655,Cc1[nH]c(-c2ccccc2)c(-c2ccccc2)c1-c1nnc(C)c2nn(-c3ccc(Cl)cc3)cc12,5.593459606170654,False,5.553439844184452,321,67.57894736842105,0.4925373134328358,False,c1ccc(-c2[nH]cc(-c3nncc4nn(-c5ccccc5)cc34)c2-c2ccccc2)cc1,False,0
CHEMBL291986,N#C/C(=C\c1ccc(O)c(O)c1)C(=O)N1CCN(c2ccccc2)CC1,4.813084602355957,False,5.5440759913126625,322,67.78947368421052,0.7906976744186046,False,O=C(C=Cc1ccccc1)N1CCN(c2ccccc2)CC1,False,0
CHEMBL592141,COc1cccc(/C=N/NC2=NC(=O)CS2)c1,4.505149841308594,False,5.542558211750453,323,68.0,0.38181818181818183,False,O=C1CSC(NN=Cc2ccccc2)=N1,False,0
CHEMBL5946793,C=CC(=O)N1CC(Nc2nc(Nc3cccc(N4CCOCC4)c3)c3c(c2F)CNC3=O)CCC1C,5.413863182067871,False,5.530324711561203,324,68.21052631578948,0.8571428571428571,False,O=C1NCc2cc(NC3CCCNC3)nc(Nc3cccc(N4CCOCC4)c3)c21,False,0
CHEMBL1641995,N#Cc1cnc(Nc2cccc(Br)c2)c2cc(NC(=O)[C@@H]3CCC(=O)N3)ccc12,5.6575775146484375,False,5.524064653714498,325,68.42105263157895,0.5972222222222222,False,O=C1CCC(C(=O)Nc2ccc3ccnc(Nc4ccccc4)c3c2)N1,False,0
CHEMBL590877,O=C1CSC(N/N=C/c2cccc(F)c2)=N1,4.868702411651611,False,5.520340356296963,326,68.63157894736842,0.3958333333333333,False,O=C1CSC(NN=Cc2ccccc2)=N1,False,0
CHEMBL202244,COC(=O)c1c(OCCN2CCCC2)c2ccccc2c2oc3c(c12)C(=O)c1ccccc1C3=O,5.045757293701172,False,5.520032533804575,327,68.84210526315789,0.9824561403508771,False,O=C1c2ccccc2C(=O)c2c1oc1c2cc(OCCN2CCCC2)c2ccccc21,False,0
CHEMBL5767398,COc1cccc(Sc2sc3nc(N)nc(N)c3c2C)c1,4.98254919052124,False,5.513877369562785,328,69.05263157894737,0.4098360655737705,False,c1ccc(Sc2cc3cncnc3s2)cc1,False,0
CHEMBL1910273,Nc1scc2c1c(Nc1ccc(S(N)(=O)=O)cc1)nc1ncnc(N)c12,4.530178070068359,False,5.50697139342626,329,69.26315789473684,0.44776119402985076,False,c1ccc(Nc2nc3ncncc3c3cscc23)cc1,False,0
CHEMBL1641994,CCOC(=O)Nc1ccc2c(C#N)cnc(Nc3cccc(Br)c3)c2c1,4.892789840698242,False,5.499065015713374,330,69.47368421052632,0.6515151515151515,False,c1ccc(Nc2nccc3ccccc23)cc1,False,0
CHEMBL336192,COC(=O)c1ccc(C(=O)N(C)[C@H]2C[C@@H]3O[C@](C)([C@H]2OC)n2c4ccccc4c4c5c(c6c7ccccc7n3c6c42)C(=O)NC5)cc1,5.130768299102783,False,5.497942204134804,331,69.6842105263158,0.8205128205128205,False,O=C(NC1CC2OC(C1)n1c3ccccc3c3c4c(c5c6ccccc6n2c5c31)CNC4=O)c1ccccc1,False,0
CHEMBL3740582,Cc1[nH]c(-c2ccccc2)c(-c2ccccc2)c1-c1nnc(C)c2nn(-c3ccccc3)cc12,5.410050392150879,False,5.493528223832448,332,69.89473684210526,0.45161290322580644,False,c1ccc(-c2[nH]cc(-c3nncc4nn(-c5ccccc5)cc34)c2-c2ccccc2)cc1,False,0
CHEMBL5900120,C=CC(=O)Nc1cccc(Nc2nc3c(c(Nc4cnn(C5CCOCC5)c4)n2)C(=O)NC3)c1,5.155584812164307,False,5.487007042566935,333,70.10526315789474,0.8955223880597015,False,O=C1NCc2nc(Nc3ccccc3)nc(Nc3cnn(C4CCOCC4)c3)c21,False,0
CHEMBL592139,O=C1CSC(N/N=C/c2cccc(Cl)c2)=N1,4.967381477355957,False,5.48217055188285,334,70.3157894736842,0.40425531914893614,False,O=C1CSC(NN=Cc2ccccc2)=N1,False,0
CHEMBL592200,Oc1c(Cl)cc(Cl)cc1CN(Cc1ccc(F)cc1)C(=S)Nc1ccccc1,5.872895240783691,False,5.474517677625021,335,70.52631578947368,0.7843137254901961,False,S=C(Nc1ccccc1)N(Cc1ccccc1)Cc1ccccc1,False,0
CHEMBL60472,COc1ccc2c(C(=O)Nc3ccccc3)c(SSc3c(C(=O)Nc4ccccc4)c4ccc(OC)cc4n3C)n(C)c2c1,5.443697452545166,False,5.4743171294530235,336,70.73684210526316,0.5370370370370371,False,O=C(Nc1ccccc1)c1c(SSc2[nH]c3ccccc3c2C(=O)Nc2ccccc2)[nH]c2ccccc12,False,0
CHEMBL592481,O=C1CSC(N/N=C/c2cc(Cl)cc(Cl)c2O)=N1,5.835647106170654,False,5.467356133355035,337,70.94736842105263,0.40816326530612246,False,O=C1CSC(NN=Cc2ccccc2)=N1,False,0
CHEMBL592201,Oc1c(Br)cc(Br)cc1CN(Cc1ccc(F)cc1)C(=S)Nc1ccccc1,5.75448751449585,False,5.4600101044972735,338,71.15789473684211,0.7843137254901961,False,S=C(Nc1ccccc1)N(Cc1ccccc1)Cc1ccccc1,False,0
CHEMBL1641991,CCC(=O)Nc1ccc2c(C#N)cnc(Nc3cccc(Br)c3)c2c1,4.681936740875244,False,5.459895937045415,339,71.36842105263158,0.7230769230769231,False,c1ccc(Nc2nccc3ccccc23)cc1,False,0
CHEMBL4241867,O=C(N/N=C1\CC2(CCCC2)Oc2ccccc21)Nc1ccc(Cl)cc1,5.721246242523193,False,5.45245867146386,340,71.57894736842105,0.3835616438356164,False,O=C(NN=C1CC2(CCCC2)Oc2ccccc21)Nc1ccccc1,False,0
CHEMBL292323,COc1cccc2c(C(=O)Nc3ccccc3)c(SSc3c(C(=O)Nc4ccccc4)c4cccc(OC)c4n3C)n(C)c12,5.187086582183838,False,5.450486478010814,341,71.78947368421052,0.5769230769230769,False,O=C(Nc1ccccc1)c1c(SSc2[nH]c3ccccc3c2C(=O)Nc2ccccc2)[nH]c2ccccc12,False,0
CHEMBL3742060,Cc1ccc(-n2cc3c(-c4c(C)[nH]c(-c5ccccc5)c4-c4ccccc4)nnc(C)c3n2)cc1,5.265200138092041,False,5.449732094075945,342,72.0,0.47692307692307695,False,c1ccc(-c2[nH]cc(-c3nncc4nn(-c5ccccc5)cc34)c2-c2ccccc2)cc1,False,0
CHEMBL591050,O=C1CSC(N/N=C/c2cccc([N+](=O)[O-])c2)=N1,4.574954986572266,False,5.448355369567871,343,72.21052631578948,0.36538461538461536,False,O=C1CSC(NN=Cc2ccccc2)=N1,False,0
CHEMBL590524,O=C1CSC(N/N=C/c2cccc(Br)c2)=N1,5.127261161804199,False,5.447212940427993,344,72.42105263157895,0.3958333333333333,False,O=C1CSC(NN=Cc2ccccc2)=N1,False,0
CHEMBL5774604,COc1ccc(Sc2sc3nc(N)nc(N)c3c2C)cc1OC,4.8218865394592285,False,5.4395586842960775,345,72.63157894736842,0.36923076923076925,False,c1ccc(Sc2cc3cncnc3s2)cc1,False,0
CHEMBL363607,Cc1ccc(F)c(C(=O)n2nc(Nc3ccc(S(N)(=O)=O)cc3)nc2C)c1F,4.339134693145752,False,5.4375100406010946,346,72.84210526315789,0.515625,False,O=C(c1ccccc1)n1cnc(Nc2ccccc2)n1,False,0
CHEMBL3741069,Cc1[nH]c(-c2ccccc2)c(-c2ccccc2)c1C(=O)c1cn(-c2ccccc2)nc1-c1ccccc1,5.591760158538818,False,5.436977651913961,347,73.05263157894737,0.7647058823529411,False,O=C(c1cn(-c2ccccc2)nc1-c1ccccc1)c1c[nH]c(-c2ccccc2)c1-c1ccccc1,False,0
CHEMBL61119,CC(=O)Oc1ccc2c(c1)c(C(=O)Nc1ccccc1)c(SSc1c(C(=O)Nc3ccccc3)c3cc(OC(C)=O)ccc3n1C)n2C,5.275723934173584,False,5.4301413710912065,348,73.26315789473684,0.5178571428571429,False,O=C(Nc1ccccc1)c1c(SSc2[nH]c3ccccc3c2C(=O)Nc2ccccc2)[nH]c2ccccc12,False,0
CHEMBL83,CC/C(=C(\c1ccccc1)c1ccc(OCCN(C)C)cc1)c1ccccc1,5.449404716491699,False,5.425274301080066,349,73.47368421052632,0.42857142857142855,False,C(=C(c1ccccc1)c1ccccc1)c1ccccc1,False,0
CHEMBL2029695,Cn1c(NCc2cccc(C(F)(F)F)c2)cc(=O)n(C)c1=O,4.07623815536499,False,5.423417330185572,350,73.6842105263158,0.359375,False,O=c1cc(NCc2ccccc2)[nH]c(=O)[nH]1,False,0
CHEMBL590875,O=C1CSC(N/N=C/c2cc(Br)cc(Br)c2O)=N1,5.906578540802002,False,5.42284583065245,351,73.89473684210526,0.40816326530612246,False,O=C1CSC(NN=Cc2ccccc2)=N1,False,0
CHEMBL358092,COC(=O)c1ccc(-c2ccc(-c3ccccc3)cc2O)cc1,4.853871822357178,False,5.422828428457799,352,74.10526315789474,0.35294117647058826,False,c1ccc(-c2ccc(-c3ccccc3)cc2)cc1,False,0
CHEMBL424302,N#C/C(=C\c1ccc(O)c(O)c1)C(=O)NCCCCCCCCCCNC(=O)/C(C#N)=C/c1ccc(O)c(O)c1,5.886056423187256,False,5.420728865738897,353,74.3157894736842,1.0,False,O=C(C=Cc1ccccc1)NCCCCCCCCCCNC(=O)C=Cc1ccccc1,False,0
CHEMBL291359,CC(=O)Oc1cccc2c(C(=O)Nc3ccccc3)c(SSc3c(C(=O)Nc4ccccc4)c4cccc(OC(C)=O)c4n3C)n(C)c12,5.004364967346191,False,5.420192437966665,354,74.52631578947368,0.5555555555555556,False,O=C(Nc1ccccc1)c1c(SSc2[nH]c3ccccc3c2C(=O)Nc2ccccc2)[nH]c2ccccc12,False,0
CHEMBL5967377,CN(C)C(=O)N[C@@H]1CCCN(c2cnc(C(N)=O)c(Nc3ccc(C4CCN(C5CCCCC5)CC4)cc3)n2)C1,5.259637355804443,False,5.412474225362142,355,74.73684210526316,0.9850746268656716,False,c1cc(C2CCN(C3CCCCC3)CC2)ccc1Nc1cncc(N2CCCCC2)n1,False,0
CHEMBL293889,Cn1c(SSc2c(C(=O)Nc3ccccc3)c3cc(Cl)ccc3n2C)c(C(=O)Nc2ccccc2)c2cc(Cl)ccc21,5.3665313720703125,False,5.405875498453776,356,74.94736842105263,0.5576923076923077,False,O=C(Nc1ccccc1)c1c(SSc2[nH]c3ccccc3c2C(=O)Nc2ccccc2)[nH]c2ccccc12,False,0
CHEMBL954,CCN(CC)CCOc1ccc(/C(=C(/Cl)c2ccccc2)c2ccccc2)cc1,5.978810787200928,False,5.39396495678838,357,75.15789473684211,0.36923076923076925,False,C(=C(c1ccccc1)c1ccccc1)c1ccccc1,False,0
CHEMBL592707,Cc1ccc(/C=N/NC2=NC(=O)CS2)cc1,5.486782550811768,False,5.3939631432957125,358,75.36842105263158,0.4318181818181818,False,O=C1CSC(NN=Cc2ccccc2)=N1,False,0
CHEMBL293251,Cn1c(SSc2c(C(=O)Nc3ccccc3)c3cc(Br)ccc3n2C)c(C(=O)Nc2ccccc2)c2cc(Br)ccc21,4.9430952072143555,False,5.384104316540253,359,75.57894736842105,0.5576923076923077,False,O=C(Nc1ccccc1)c1c(SSc2[nH]c3ccccc3c2C(=O)Nc2ccccc2)[nH]c2ccccc12,False,0
CHEMBL59812,CC(=O)Oc1cccc2c1c(C(=O)Nc1ccccc1)c(SSc1c(C(=O)Nc3ccccc3)c3c(OC(C)=O)cccc3n1C)n2C,4.698969841003418,False,5.37638985157013,360,75.78947368421052,0.47368421052631576,False,O=C(Nc1ccccc1)c1c(SSc2[nH]c3ccccc3c2C(=O)Nc2ccccc2)[nH]c2ccccc12,False,0
CHEMBL357400,COc1cc(/C=C(\C#N)C(=O)NCCCCNC(=O)/C(C#N)=C/c2cc(Br)c(O)c(OC)c2)cc(Br)c1O,3.9913997650146484,False,5.376320620536829,361,76.0,0.6938775510204082,False,O=C(C=Cc1ccccc1)NCCCCNC(=O)C=Cc1ccccc1,False,0
CHEMBL592708,COc1ccc(/C=N/NC2=NC(=O)CS2)cc1,5.238072395324707,False,5.346244904994965,362,76.21052631578948,0.4107142857142857,False,O=C1CSC(NN=Cc2ccccc2)=N1,False,0
CHEMBL3353399,C=CC(=O)Nc1cc(Nc2ncc(Cl)c(-c3cnn4ccccc34)n2)c(OC)cc1N1CCN(C(=O)CNC)CC1,3.806875467300415,False,5.344877032041549,363,76.42105263157895,0.8068181818181818,False,c1ccn2ncc(-c3ccnc(Nc4ccc(N5CCNCC5)cc4)n3)c2c1,False,0
CHEMBL347161,Cn1c(SSc2c(C(=O)Nc3ccc(C(=O)O)cc3)c3ccccc3n2C)c(C(=O)Nc2ccc(C(=O)O)cc2)c2ccccc21,4.77211332321167,False,5.343344949881236,364,76.63157894736842,0.7209302325581395,False,O=C(Nc1ccccc1)c1c(SSc2[nH]c3ccccc3c2C(=O)Nc2ccccc2)[nH]c2ccccc12,False,0
CHEMBL293986,Cn1c(SSc2c(C(=O)Nc3ccccc3)c3c(Cl)cccc3n2C)c(C(=O)Nc2ccccc2)c2c(Cl)cccc21,4.0,False,5.337424096266429,365,76.84210526315789,0.5094339622641509,False,O=C(Nc1ccccc1)c1c(SSc2[nH]c3ccccc3c2C(=O)Nc2ccccc2)[nH]c2ccccc12,False,0
CHEMBL591051,O=C1CSC(N/N=C/c2cccc(O)c2)=N1,4.713993072509766,False,5.333251089255015,366,77.05263157894737,0.3958333333333333,False,O=C1CSC(NN=Cc2ccccc2)=N1,False,0
CHEMBL62843,Cn1c(SSc2c(C(=O)Nc3ccccc3)c3cccc(O)c3n2C)c(C(=O)Nc2ccccc2)c2cccc(O)c21,4.0,False,5.328771887052627,367,77.26315789473684,0.6122448979591837,False,O=C(Nc1ccccc1)c1c(SSc2[nH]c3ccccc3c2C(=O)Nc2ccccc2)[nH]c2ccccc12,False,0
CHEMBL589503,O=C(NC1CCCC1)c1ccc(N(CCCl)CCCl)cc1,4.452348232269287,False,5.327558474408256,368,77.47368421052632,0.5714285714285714,False,O=C(NC1CCCC1)c1ccccc1,False,0
CHEMBL64430,Cn1c(SSc2c(C(=O)Nc3ccccc3)c3cc([N+](=O)[O-])ccc3n2C)c(C(=O)Nc2ccccc2)c2cc([N+](=O)[O-])ccc21,5.301030158996582,False,5.317551270631643,369,77.6842105263158,0.5178571428571429,False,O=C(Nc1ccccc1)c1c(SSc2[nH]c3ccccc3c2C(=O)Nc2ccccc2)[nH]c2ccccc12,False,0
CHEMBL604671,O=C1CSC(N/N=C/c2ccc([N+](=O)[O-])cc2)=N1,5.166215419769287,False,5.308056168291304,370,77.89473684210526,0.44642857142857145,False,O=C1CSC(NN=Cc2ccccc2)=N1,False,0
CHEMBL244948,O=c1ccc2ccc(O)c(O)c2o1,5.115204811096191,False,5.305389953454336,371,78.10526315789474,0.37777777777777777,False,O=c1ccc2ccccc2o1,False,0
CHEMBL291979,Cn1c(SSc2c(C(=O)Nc3ccccc3)c3cc(C#N)ccc3n2C)c(C(=O)Nc2ccccc2)c2cc(C#N)ccc21,4.266802787780762,False,5.30229047805835,372,78.3157894736842,0.5272727272727272,False,O=C(Nc1ccccc1)c1c(SSc2[nH]c3ccccc3c2C(=O)Nc2ccccc2)[nH]c2ccccc12,False,0
CHEMBL5082149,COc1cc(CC(=O)N2CC(=O)N[C@@H](Cc3ccccc3)C(=O)N(CC(N)=O)C(=O)CCSCc3ccc(cc3)C(=O)N[C@@H](CCCCN)CN(C(=O)CCC3CCCCC3)CC(=O)N[C@@H](Cc3ccccc3)CN(C(=O)CCc3ccccc3)CC(=O)N[C@@H](Cc3ccccc3)C2)cc(OC)c1,4.752026557922363,False,5.285172867252116,373,78.52631578947368,0.19708029197080293,False,O=C1CCSCc2ccc(cc2)C(=O)NCCN(C(=O)CCC2CCCCC2)CC(=O)NC(Cc2ccccc2)CN(C(=O)CCc2ccccc2)CC(=O)NC(Cc2ccccc2)CN(C(=O)Cc2ccccc2)CC(=O)NC(Cc2ccccc2)C(=O)N1,False,0
CHEMBL304414,Cn1c(SSc2c(C(=O)Nc3ccccc3)c3ccccc3n2C)c(C(=O)Nc2ccccc2)c2ccccc21,4.981286525726318,False,5.284616684913635,374,78.73684210526316,0.717948717948718,False,O=C(Nc1ccccc1)c1c(SSc2[nH]c3ccccc3c2C(=O)Nc2ccccc2)[nH]c2ccccc12,False,0
CHEMBL591910,O=C1CSC(N/N=C/c2ccc(Br)cc2)=N1,5.764471530914307,False,5.276046302106646,375,78.94736842105263,0.4318181818181818,False,O=C1CSC(NN=Cc2ccccc2)=N1,False,0
CHEMBL4776925,S=C(NNc1ccccc1)Nc1ccc2c(c1)OCO2,5.082809925079346,False,5.271035745938619,376,79.15789473684211,0.6222222222222222,False,S=C(NNc1ccccc1)Nc1ccc2c(c1)OCO2,False,0
CHEMBL293913,Cn1c(SSc2c(C(=O)Nc3ccccc3)c3ccc(O)cc3n2C)c(C(=O)Nc2ccccc2)c2ccc(O)cc21,4.3565473556518555,False,5.265817875067393,377,79.36842105263158,0.5686274509803921,False,O=C(Nc1ccccc1)c1c(SSc2[nH]c3ccccc3c2C(=O)Nc2ccccc2)[nH]c2ccccc12,False,0
CHEMBL345837,Cn1c(SSc2c(C(=O)Nc3cccc(C(=O)O)c3)c3ccccc3n2C)c(C(=O)Nc2cccc(C(=O)O)c2)c2ccccc21,4.92081880569458,False,5.2603471813599265,378,79.57894736842105,0.6041666666666666,False,O=C(Nc1ccccc1)c1c(SSc2[nH]c3ccccc3c2C(=O)Nc2ccccc2)[nH]c2ccccc12,False,0
CHEMBL589822,O=C1CSC(N/N=C/c2ccc(F)cc2)=N1,5.661543369293213,False,5.255347088045544,379,79.78947368421052,0.4418604651162791,False,O=C1CSC(NN=Cc2ccccc2)=N1,False,0
CHEMBL5863747,COC1CCN(c2nccc(Nc3cc4c(cn3)nc(COCCN3CCN(CCOCC(=O)N[C@H](C(=O)N5C[C@H](O)C[C@H]5C(=O)N[C@@H](C)c5ccc(-c6scnc6C)cc5)C(C)(C)C)CC3)n4C(C)C)n2)CC1,4.92081880569458,False,5.250178963343302,380,80.0,0.9743589743589743,False,O=C(COCCN1CCN(CCOCc2nc3cnc(Nc4ccnc(N5CCCCC5)n4)cc3[nH]2)CC1)NCC(=O)N1CCCC1C(=O)NCc1ccc(-c2cncs2)cc1,False,0
CHEMBL589823,O=C1CSC(N/N=C/c2ccc(Cl)cc2)=N1,5.712198257446289,False,5.24637339146932,381,80.21052631578948,0.4318181818181818,False,O=C1CSC(NN=Cc2ccccc2)=N1,False,0
CHEMBL591440,CCCCN(Cc1cc(Cl)cc(Cl)c1O)C(=S)Nc1ccccc1,4.608182907104492,False,5.233178821934594,382,80.42105263157895,0.5818181818181818,False,S=C(NCc1ccccc1)Nc1ccccc1,False,0
CHEMBL293250,Cn1c(SSc2c(C(=O)Nc3ccccc3)c3cc(O)ccc3n2C)c(C(=O)Nc2ccccc2)c2cc(O)ccc21,4.392544746398926,False,5.230155252615611,383,80.63157894736842,0.5686274509803921,False,O=C(Nc1ccccc1)c1c(SSc2[nH]c3ccccc3c2C(=O)Nc2ccccc2)[nH]c2ccccc12,False,0
CHEMBL926,CC(CCc1ccc(O)cc1)NCCc1ccc(O)c(O)c1,5.25562858581543,False,5.229853197256724,384,80.84210526315789,0.3333333333333333,False,c1ccc(CCCNCCc2ccccc2)cc1,False,0
CHEMBL56201,CN1C(=O)C(=C(C#N)C#N)c2cc(O)ccc21,4.585026741027832,False,5.2224388676219515,385,81.05263157894737,0.2926829268292683,False,C=C1C(=O)Nc2ccccc21,False,0
CHEMBL345862,Cn1c(SSc2c(C(=O)Nc3ccccc3C(=O)O)c3ccccc3n2C)c(C(=O)Nc2ccccc2C(=O)O)c2ccccc21,4.327902317047119,False,5.207916878064474,386,81.26315789473684,0.6363636363636364,False,O=C(Nc1ccccc1)c1c(SSc2[nH]c3ccccc3c2C(=O)Nc2ccccc2)[nH]c2ccccc12,False,0
CHEMBL1242208,CC(C)n1nc(-c2ccc3ccncc3c2)c2c(N)ncnc21,4.0,False,5.200270279248556,387,81.47368421052632,0.9148936170212766,False,c1cc2ccc(-c3n[nH]c4ncncc34)cc2cn1,False,0
CHEMBL1504817,O=C1NN(c2ccc(F)c(Cl)c2)C(=O)/C1=C\c1cccc(OC(=O)c2cccs2)c1,5.455932140350342,False,5.197806559006373,388,81.6842105263158,0.4666666666666667,False,O=C1NN(c2ccccc2)C(=O)C1=Cc1cccc(OC(=O)c2cccs2)c1,False,0
CHEMBL1641997,N#Cc1cnc(Nc2cccc(Br)c2)c2cc(NC(=O)c3ccoc3)ccc12,4.3448615074157715,False,5.196406648953755,389,81.89473684210526,0.734375,False,O=C(Nc1ccc2ccnc(Nc3ccccc3)c2c1)c1ccoc1,False,0
CHEMBL543600,CC(CN(C)C)C(=O)c1ccc(OS(=O)(=O)c2ccc(C(=O)O)cc2)cc1,4.0,False,5.195488300588395,390,82.10526315789474,0.3548387096774194,False,O=S(=O)(Oc1ccccc1)c1ccccc1,False,0
CHEMBL3353395,C=CC(=O)Nc1cc(Nc2ncc(Cl)c(-c3cnn4ccccc34)n2)c(OC)cc1N1CCN(C(=O)CN(C)C)CC1,4.136677265167236,False,5.192091927289963,391,82.3157894736842,0.797752808988764,False,c1ccn2ncc(-c3ccnc(Nc4ccc(N5CCNCC5)cc4)n3)c2c1,False,0
CHEMBL145266,COc1cc(/C=C(\C#N)C(=O)NCCCCNC(=O)/C(C#N)=C/c2cc(OC)c(O)c([N+](=O)[O-])c2)cc([N+](=O)[O-])c1O,4.336014270782471,False,5.189496557474162,392,82.52631578947368,0.6346153846153846,False,O=C(C=Cc1ccccc1)NCCCCNC(=O)C=Cc1ccccc1,False,0
CHEMBL590876,O=C1CSC(N/N=C/c2ccc(O)cc2)=N1,5.326979160308838,False,5.18527761220932,393,82.73684210526316,0.4318181818181818,False,O=C1CSC(NN=Cc2ccccc2)=N1,False,0
CHEMBL604785,Cc1cccc(CN(Cc2ccc(O)cc2)C(=S)Nc2ccccc2)c1O,5.460923671722412,False,5.171341998974483,394,82.94736842105263,0.7659574468085106,False,S=C(Nc1ccccc1)N(Cc1ccccc1)Cc1ccccc1,False,0
CHEMBL312451,C[C@@H](NC(=O)c1ccc(S(=O)(=O)Oc2ccc(/C=C/[N+](=O)[O-])cc2)cc1)C(=O)N[C@H](C)C(=O)OC(C)(C)C,4.397940158843994,False,5.166149550543891,395,83.15789473684211,0.3684210526315789,False,O=S(=O)(Oc1ccccc1)c1ccccc1,False,0
CHEMBL483234,C[C@H](NC(=O)c1ccc(S(=O)(=O)Oc2ccc(/C=C/[N+](=O)[O-])cc2)cc1)C(=O)N[C@@H](C)C(=O)OC(C)(C)C,4.397940158843994,False,5.166149550543891,396,83.36842105263158,0.3684210526315789,False,O=S(=O)(Oc1ccccc1)c1ccccc1,False,0
CHEMBL3353402,C=CC(=O)Nc1cc(Nc2ncc(Cl)c(-c3cnn4ccccc34)n2)c(OC)cc1N1CCN(C(=O)[C@@H](C)N)CC1,3.454692840576172,False,5.145630177153481,397,83.57894736842105,0.797752808988764,False,c1ccn2ncc(-c3ccnc(Nc4ccc(N5CCNCC5)cc4)n3)c2c1,False,0
CHEMBL3353396,C=CC(=O)Nc1cc(Nc2ncc(Cl)c(-c3cnn4ccccc34)n2)c(OC)cc1N1CCN(C(=O)[C@H](C)N)CC1,4.552842140197754,False,5.145630177153481,398,83.78947368421052,0.797752808988764,False,c1ccn2ncc(-c3ccnc(Nc4ccc(N5CCNCC5)cc4)n3)c2c1,False,0
CHEMBL3353400,C=CC(=O)Nc1cc(Nc2ncc(Cl)c(-c3cnn4ccccc34)n2)c(OC)cc1N1CCN(C(=O)[C@H](C)O)CC1,3.7471470832824707,False,5.140997788667678,399,84.0,0.8068181818181818,False,c1ccn2ncc(-c3ccnc(Nc4ccc(N5CCNCC5)cc4)n3)c2c1,False,0
CHEMBL1077069,CC1=C(C(=O)Nc2cccc([N+](=O)[O-])c2)C(c2ccc(O)cc2O)NC(Nc2ccc(S(=O)(=O)Nc3nc(C)cc(C)n3)cc2)=N1,4.097997188568115,False,5.124883243507809,400,84.21052631578948,0.6710526315789473,False,O=C(Nc1ccccc1)C1=CN=C(Nc2ccc(S(=O)(=O)Nc3ncccn3)cc2)NC1c1ccccc1,False,0
CHEMBL5923228,O=C1CCC(N2C(=O)c3cccc(NCCOCCOCCOCCOCC#Cc4cccc5c4C(=O)N([C@@H](C(=O)Nc4nccs4)c4cc(F)ccc4O)C5)c3C2=O)C(=O)N1,5.292513370513916,False,5.12194665367882,401,84.42105263157895,1.0,False,O=C1CCC(N2C(=O)c3cccc(NCCOCCOCCOCCOCC#Cc4cccc5c4C(=O)N(C(C(=O)Nc4nccs4)c4ccccc4)C5)c3C2=O)C(=O)N1,False,0
CHEMBL309075,NCCNC(=O)c1ccc(S(=O)(=O)Oc2ccc(/C=C/[N+](=O)[O-])cc2)cc1,5.284317970275879,False,5.119657299571566,402,84.63157894736842,0.4235294117647059,False,O=S(=O)(Oc1ccccc1)c1ccccc1,False,0
CHEMBL2332119,NC(=O)C1=C(N)C(=O)C=C(Nc2ccccc2O)C1=O,5.585026741027832,False,5.109050990172795,403,84.84210526315789,0.24324324324324326,False,O=C1C=CC(=O)C(Nc2ccccc2)=C1,False,0
CHEMBL5812290,COc1ccccc1Sc1sc2nc(N)nc(N)c2c1C,4.98254919052124,False,5.106623460451762,404,85.05263157894737,0.41935483870967744,False,c1ccc(Sc2cc3cncnc3s2)cc1,False,0
CHEMBL589590,CCCCN(Cc1cc(Br)cc(Br)c1O)C(=S)Nc1ccccc1,4.495665073394775,False,5.102834329340192,405,85.26315789473684,0.5818181818181818,False,S=C(NCc1ccccc1)Nc1ccccc1,False,0
CHEMBL592247,Cc1cc(C)c(O)c(CN(Cc2ccc(O)cc2)C(=S)Nc2ccccc2)c1,5.2343316078186035,False,5.0964990484714505,406,85.47368421052632,0.7755102040816326,False,S=C(Nc1ccccc1)N(Cc1ccccc1)Cc1ccccc1,False,0
CHEMBL5798503,Cc1ncsc1-c1ccc([C@H](C)NC(=O)[C@@H]2C[C@@H](O)CN2C(=O)[C@@H](NC(=O)COCCOCCOCCc2ccc(OC3CCN(c4nccc(Nc5cc6c(cn5)nc(C)n6C(C)C)n4)CC3)cc2)C(C)(C)C)cc1,4.853871822357178,False,5.0898141432868105,407,85.6842105263158,0.7874015748031497,False,O=C(COCCOCCOCCc1ccc(OC2CCN(c3nccc(Nc4cc5[nH]cnc5cn4)n3)CC2)cc1)NCC(=O)N1CCCC1C(=O)NCc1ccc(-c2cncs2)cc1,False,0
CHEMBL5792559,COC1CCN(c2nccc(Nc3cc4c(cn3)nc(COCCOCCOCC(=O)N[C@H](C(=O)N3C[C@@H](O)C[C@@H]3C(=O)N[C@@H](C)c3ccc(-c5scnc5C)cc3)C(C)(C)C)n4C(C)C)n2)CC1,4.9836907386779785,False,5.089538685480753,408,85.89473684210526,1.0,False,O=C(COCCOCCOCc1nc2cnc(Nc3ccnc(N4CCCCC4)n3)cc2[nH]1)NCC(=O)N1CCCC1C(=O)NCc1ccc(-c2cncs2)cc1,False,0
CHEMBL5873242,COC1CCN(c2nccc(Nc3cc4c(cn3)nc(COCCOCCOCCOCC(=O)N[C@H](C(=O)N3C[C@@H](O)C[C@@H]3C(=O)N[C@@H](C)c3ccc(-c5scnc5C)cc3)C(C)(C)C)n4C(C)C)n2)CC1,4.828394412994385,False,5.089538685480753,409,86.10526315789474,1.0,False,O=C(COCCOCCOCCOCc1nc2cnc(Nc3ccnc(N4CCCCC4)n3)cc2[nH]1)NCC(=O)N1CCCC1C(=O)NCc1ccc(-c2cncs2)cc1,False,0
CHEMBL418907,COc1cc(/C=C/[N+](=O)[O-])ccc1OS(=O)(=O)c1ccc(C(=O)O)cc1,5.53786039352417,False,5.08671049343215,410,86.3157894736842,0.54,False,O=S(=O)(Oc1ccccc1)c1ccccc1,False,0
CHEMBL1242665,CC(C)n1nc(-c2ccn3ccnc3c2)c2c(N)ncnc21,4.346787452697754,False,5.081747701962789,411,86.52631578947368,0.6346153846153846,False,c1ncc2c(-c3ccn4ccnc4c3)n[nH]c2n1,False,0
CHEMBL158275,Cn1c(SSc2c(C(=O)NCc3ccccc3)c3ccccc3n2C)c(C(=O)NCc2ccccc2)c2ccccc21,5.7695512771606445,False,5.078163795471191,412,86.73684210526316,0.7619047619047619,False,O=C(NCc1ccccc1)c1c(SSc2[nH]c3ccccc3c2C(=O)NCc2ccccc2)[nH]c2ccccc12,False,0
CHEMBL77401,COC(=O)c1ccc(S(=O)(=O)Oc2ccc(/C=C/[N+](=O)[O-])cc2)cc1,5.761439323425293,False,5.074920612970988,413,86.94736842105263,0.45569620253164556,False,O=S(=O)(Oc1ccccc1)c1ccccc1,False,0
CHEMBL347854,Cc1ccc(S(=O)(=O)c2c(SSc3[nH]c4ccccc4c3S(=O)(=O)c3ccc(C)cc3)[nH]c3ccccc23)cc1,4.542118072509766,False,5.071057928138308,414,87.15789473684211,0.41304347826086957,False,O=S(=O)(c1ccccc1)c1c(SSc2[nH]c3ccccc3c2S(=O)(=O)c2ccccc2)[nH]c2ccccc12,False,0
CHEMBL418906,CC(C)(C)OC(=O)NCCNC(=O)c1ccc(S(=O)(=O)Oc2ccc(/C=C/[N+](=O)[O-])cc2)cc1,5.926936149597168,False,5.0692608001497055,415,87.36842105263158,0.3804347826086957,False,O=S(=O)(Oc1ccccc1)c1ccccc1,False,0
CHEMBL158805,Cn1c(SSc2c(C(=O)NCc3ccc(C(=O)O)cc3)c3ccccc3n2C)c(C(=O)NCc2ccc(C(=O)O)cc2)c2ccccc21,5.275723934173584,False,5.059784887631734,416,87.57894736842105,0.6888888888888889,False,O=C(NCc1ccccc1)c1c(SSc2[nH]c3ccccc3c2C(=O)NCc2ccccc2)[nH]c2ccccc12,False,0
CHEMBL1241775,CC(C)n1nc(-c2cnc3nccnc3c2)c2c(N)ncnc21,4.15490198135376,False,5.050843971570333,417,87.78947368421052,0.7142857142857143,False,c1cnc2ncc(-c3n[nH]c4ncncc34)cc2n1,False,0
CHEMBL78280,CNC(=O)c1ccc(S(=O)(=O)Oc2ccc(/C=C(\C)[N+](=O)[O-])cc2OC)cc1,5.397940158843994,False,5.050249060973143,418,88.0,0.4,False,O=S(=O)(Oc1ccccc1)c1ccccc1,False,0
CHEMBL4066118,c1ccc2c(Cc3nnc(Cc4nc5ccccc5[nH]4)o3)cccc2c1,5.2441253662109375,False,5.047373708089193,419,88.21052631578948,0.7111111111111111,False,c1ccc2c(Cc3nnc(Cc4nc5ccccc5[nH]4)o3)cccc2c1,False,0
CHEMBL76929,COC(=O)c1ccc(S(=O)(=O)Oc2ccc(/C=C/[N+](=O)[O-])cc2)cc1O,5.721848964691162,False,5.04531903942426,420,88.42105263157895,0.4444444444444444,False,O=S(=O)(Oc1ccccc1)c1ccccc1,False,0
CHEMBL464721,CCC(C)/C=C/C(=O)C(=O)/C=C/C=C/C=C/C=C/C=C/C=C/[C@@H]1C[C@@H](O)[C@H](C(=O)O)O1,5.79587984085083,False,5.045201156536738,421,88.63157894736842,0.16455696202531644,False,C1CCOC1,False,0
CHEMBL319244,O=C(/C=C/c1ccc(O)c(O)c1)OCCc1ccccc1,5.997833728790283,False,5.0450447688897455,422,88.84210526315789,0.525,False,O=C(C=Cc1ccccc1)OCCc1ccccc1,False,0
CHEMBL2047253,Nc1nc2c(c(Nc3ccc(Cl)cc3F)n1)-c1ccccc1C2,4.931814193725586,False,5.044625233809153,423,89.05263157894737,0.5084745762711864,False,c1ccc(Nc2ncnc3c2-c2ccccc2C3)cc1,False,0
CHEMBL347659,COC(=O)c1ccc(CNC(=O)c2c(SSc3c(C(=O)NCc4ccc(C(=O)OC)cc4)c4ccccc4n3C)n(C)c3ccccc23)cc1,4.886056423187256,False,5.0296367088953655,424,89.26315789473684,0.723404255319149,False,O=C(NCc1ccccc1)c1c(SSc2[nH]c3ccccc3c2C(=O)NCc2ccccc2)[nH]c2ccccc12,False,0
CHEMBL4087489,C1=CC2=C(Cc3nnc(Cc4nc5ccccc5[nH]4)o3)CNC2C=C1,4.064492702484131,False,5.0159368885888,425,89.47368421052632,0.5471698113207547,False,C1=CC2=C(Cc3nnc(Cc4nc5ccccc5[nH]4)o3)CNC2C=C1,False,0
CHEMBL311133,C[C@@H](NC(=O)[C@@H](C)NC(=O)c1ccc(S(=O)(=O)Oc2ccc(/C=C/[N+](=O)[O-])cc2)cc1)C(=O)O,5.15490198135376,False,5.010609707355499,426,89.6842105263158,0.38461538461538464,False,O=S(=O)(Oc1ccccc1)c1ccccc1,False,0
CHEMBL490775,C[C@H](NC(=O)[C@H](C)NC(=O)c1ccc(S(=O)(=O)Oc2ccc(/C=C/[N+](=O)[O-])cc2)cc1)C(=O)O,5.15490198135376,False,5.010609707355499,427,89.89473684210526,0.38461538461538464,False,O=S(=O)(Oc1ccccc1)c1ccccc1,False,0
CHEMBL77397,COc1cc(/C=C(\C)[N+](=O)[O-])ccc1OS(=O)(=O)c1ccc(C(=O)O)cc1,5.562469482421875,False,5.005757484436035,428,90.10526315789474,0.4230769230769231,False,O=S(=O)(Oc1ccccc1)c1ccccc1,False,0
CHEMBL77100,CCCCNC(=O)c1ccc(S(=O)(=O)Oc2ccc(/C=C/[N+](=O)[O-])cc2)cc1,5.309894561767578,False,5.002491284529368,429,90.3157894736842,0.3977272727272727,False,O=S(=O)(Oc1ccccc1)c1ccccc1,False,0
CHEMBL4455321,Cn1cc(NC(=O)c2cccc(NS(=O)(=O)c3ccc(Cl)cc3)c2)cn1,4.516412734985352,False,5.001559127966563,430,90.52631578947368,0.7368421052631579,False,O=C(Nc1cn[nH]c1)c1cccc(NS(=O)(=O)c2ccccc2)c1,False,0
CHEMBL78206,CC(C)(C)NC(=O)c1ccc(S(=O)(=O)Oc2ccc(/C=C/[N+](=O)[O-])cc2)cc1,5.886056423187256,False,4.996632948239644,431,90.73684210526316,0.4,False,O=S(=O)(Oc1ccccc1)c1ccccc1,False,0
CHEMBL309392,C[C@@H](NC(=O)c1ccc(S(=O)(=O)Oc2ccc(/C=C/[N+](=O)[O-])cc2)cc1)C(=O)N[C@H](C)C(=O)NCCN,4.7695512771606445,False,4.9799532509379905,432,90.94736842105263,0.375,False,O=S(=O)(Oc1ccccc1)c1ccccc1,False,0
CHEMBL488101,C[C@H](NC(=O)c1ccc(S(=O)(=O)Oc2ccc(/C=C/[N+](=O)[O-])cc2)cc1)C(=O)N[C@@H](C)C(=O)NCCN,4.698969841003418,False,4.9799532509379905,433,91.15789473684211,0.375,False,O=S(=O)(Oc1ccccc1)c1ccccc1,False,0
CHEMBL589801,Cc1cccc(CN(Cc2ccc(F)cc2)C(=S)Nc2ccccc2)c1O,5.068542003631592,False,4.958280312220255,434,91.36842105263158,0.7755102040816326,False,S=C(Nc1ccccc1)N(Cc1ccccc1)Cc1ccccc1,False,0
CHEMBL57462,N#CC(C#N)=C1C(=O)Nc2cc(O)c(O)cc21,5.562469482421875,False,4.957691377003988,435,91.57894736842105,0.48484848484848486,False,C=C1C(=O)Nc2ccccc21,False,0
CHEMBL347668,O=C(CCc1c(SSc2[nH]c3ccccc3c2CCC(=O)NCc2ccc(C(=O)O)c(O)c2)[nH]c2ccccc12)NCc1ccc(C(=O)O)c(O)c1,5.070580959320068,False,4.950155778725942,436,91.78947368421052,0.6363636363636364,False,O=C(CCc1c(SSc2[nH]c3ccccc3c2CCC(=O)NCc2ccccc2)[nH]c2ccccc12)NCc1ccccc1,False,0
CHEMBL345641,O=C(Nc1ccccc1)c1c(SSc2[nH]c3ccccc3c2C(=O)Nc2ccccc2)[nH]c2ccccc12,4.0,False,4.949102818965912,437,92.0,0.6842105263157895,False,O=C(Nc1ccccc1)c1c(SSc2[nH]c3ccccc3c2C(=O)Nc2ccccc2)[nH]c2ccccc12,False,0
CHEMBL336410,O=C(NCc1ccccc1)[C@H](Cc1c([Se][Se]c2[nH]c3ccccc3c2C[C@@H](NC(=O)C(F)(F)F)C(=O)NCc2ccccc2)[nH]c2ccccc12)NC(=O)C(F)(F)F,5.15490198135376,False,4.935412554740906,438,92.21052631578948,0.4098360655737705,False,O=C(CCc1c([Se][Se]c2[nH]c3ccccc3c2CCC(=O)NCc2ccccc2)[nH]c2ccccc12)NCc1ccccc1,False,0
CHEMBL422540,c1ccc(-c2c(SSc3[nH]c4ccccc4c3-c3ccccc3)[nH]c3ccccc23)cc1,4.0,False,4.918682729403178,439,92.42105263157895,0.46153846153846156,False,c1ccc(-c2c(SSc3[nH]c4ccccc4c3-c3ccccc3)[nH]c3ccccc23)cc1,False,0
CHEMBL592224,Cc1cc(C)c(O)c(CN(Cc2ccc(F)cc2)C(=S)Nc2ccccc2)c1,4.711974620819092,False,4.888371609846751,440,92.63157894736842,0.7843137254901961,False,S=C(Nc1ccccc1)N(Cc1ccccc1)Cc1ccccc1,False,0
CHEMBL589413,CCCCN(Cc1cccc(Cl)c1O)C(=S)Nc1ccccc1,4.741841793060303,False,4.879542860190074,441,92.84210526315789,0.7708333333333334,False,S=C(NCc1ccccc1)Nc1ccccc1,False,0
CHEMBL5960969,Cc1ncsc1-c1ccc([C@H](C)NC(=O)[C@H]2C[C@H](O)CN2C(=O)[C@@H](NC(=O)COCCOCCOCCOCCOC2CCN(c3nccc(Nc4cc5c(cn4)nc(C)n5C(C)C)n3)CC2)C(C)(C)C)cc1,4.853871822357178,False,4.873424046595892,442,93.05263157894737,0.8403361344537815,False,O=C(COCCOCCOCCOCCOC1CCN(c2nccc(Nc3cc4[nH]cnc4cn3)n2)CC1)NCC(=O)N1CCCC1C(=O)NCc1ccc(-c2cncs2)cc1,False,0
CHEMBL4552065,Cn1cc(NC(=O)c2cccc(NS(=O)(=O)c3ccccc3)c2)cn1,4.464959144592285,False,4.854066718419393,443,93.26315789473684,0.7755102040816326,False,O=C(Nc1cn[nH]c1)c1cccc(NS(=O)(=O)c2ccccc2)c1,False,0
CHEMBL47173,O=C1Nc2ccccc2/C1=C/c1ccc(-c2cccs2)s1,4.995678424835205,False,4.826376317739487,444,93.47368421052632,0.5833333333333334,False,O=C1Nc2ccccc2C1=Cc1ccc(-c2cccs2)s1,False,0
CHEMBL1241770,Nc1ncnc2c1c(-c1ccc(Cl)c(O)c1)nn2CC1CCNC1,5.696804046630859,False,4.823697794437408,445,93.6842105263158,0.896551724137931,False,c1ccc(-c2nn(CC3CCNC3)c3ncncc23)cc1,False,0
CHEMBL154822,COC(=O)c1ccc(CNC(=O)CCc2c(SSc3[nH]c4ccccc4c3CCC(=O)NCc3ccc(C(=O)OC)c(O)c3)[nH]c3ccccc23)cc1O,4.0,False,4.821147927840551,446,93.89473684210526,0.5964912280701754,False,O=C(CCc1c(SSc2[nH]c3ccccc3c2CCC(=O)NCc2ccccc2)[nH]c2ccccc12)NCc1ccccc1,False,0
CHEMBL56964,COc1cc2c(cc1O)NC(=O)C2=C(C#N)C#N,4.221848964691162,False,4.794636133511861,447,94.10526315789474,0.4,False,C=C1C(=O)Nc2ccccc21,False,0
CHEMBL591437,CCCCN(Cc1cccc(C)c1O)C(=S)Nc1ccccc1,4.364415645599365,False,4.79249392191569,448,94.3157894736842,0.5849056603773585,False,S=C(NCc1ccccc1)Nc1ccccc1,False,0
CHEMBL606027,CCCCN(Cc1cccc(Br)c1O)C(=S)Nc1ccccc1,4.656788349151611,False,4.788553083737691,449,94.52631578947368,0.7708333333333334,False,S=C(NCc1ccccc1)Nc1ccccc1,False,0
CHEMBL2047248,Nc1nc2c(c(Nc3cccc(Br)c3)n1)-c1ccccc1C2,4.617982864379883,False,4.788281363646189,450,94.73684210526316,0.6938775510204082,False,c1ccc(Nc2ncnc3c2-c2ccccc2C3)cc1,False,0
CHEMBL4102214,c1ccc(C(c2ccccc2)c2nnc(Cc3nc4ccccc4[nH]3)o2)cc1,4.346787452697754,False,4.782407877445221,451,94.94736842105263,0.6666666666666666,False,c1ccc(C(c2ccccc2)c2nnc(Cc3nc4ccccc4[nH]3)o2)cc1,False,0
CHEMBL336409,N[C@H](Cc1c([Se][Se]c2[nH]c3ccccc3c2C[C@H](N)C(=O)NCc2ccccc2)[nH]c2ccccc12)C(=O)NCc1ccccc1,5.965907096862793,False,4.775691633224487,452,95.15789473684211,0.46296296296296297,False,O=C(CCc1c([Se][Se]c2[nH]c3ccccc3c2CCC(=O)NCc2ccccc2)[nH]c2ccccc12)NCc1ccccc1,False,0
CHEMBL347160,O=C(NCc1ccccc1)c1c(SSc2[nH]c3ccccc3c2C(=O)NCc2ccccc2)[nH]c2ccccc12,4.823908805847168,False,4.773746392726898,453,95.36842105263158,0.65,False,O=C(NCc1ccccc1)c1c(SSc2[nH]c3ccccc3c2C(=O)NCc2ccccc2)[nH]c2ccccc12,False,0
CHEMBL155389,O=C(CC1C(S)=Nc2ccccc21)NCc1ccccc1,4.0,False,4.767691432634989,454,95.57894736842105,0.7727272727272727,False,O=C(CC1C=Nc2ccccc21)NCc1ccccc1,False,0
CHEMBL346716,CC(=O)NC(Cc1c(SSc2[nH]c3ccccc3c2CC(NC(C)=O)C(=O)NCc2ccccc2)[nH]c2ccccc12)C(=O)NCc1ccccc1,4.2924299240112305,False,4.7576325090726215,455,95.78947368421052,0.5961538461538461,False,O=C(CCc1c(SSc2[nH]c3ccccc3c2CCC(=O)NCc2ccccc2)[nH]c2ccccc12)NCc1ccccc1,False,0
CHEMBL2047245,CC(C)c1ccc(Nc2nc(N)nc3c2-c2ccccc2C3)cc1,4.3705902099609375,False,4.7569310416115655,456,96.0,0.4807692307692308,False,c1ccc(Nc2ncnc3c2-c2ccccc2C3)cc1,False,0
CHEMBL2047247,Nc1nc2c(c(Nc3ccc(Cl)cc3)n1)-c1ccccc1C2,4.585026741027832,False,4.740269580417209,457,96.21052631578948,0.5102040816326531,False,c1ccc(Nc2ncnc3c2-c2ccccc2C3)cc1,False,0
CHEMBL2047242,Nc1nc2c(c(Nc3cccc(Cl)c3)n1)-c1ccccc1C2,4.707744121551514,False,4.732220828533173,458,96.42105263157895,0.68,False,c1ccc(Nc2ncnc3c2-c2ccccc2C3)cc1,False,0
CHEMBL348146,CC(=O)OC(Cc1c(SSc2[nH]c3ccccc3c2CC(OC(C)=O)C(=O)NCc2ccccc2)[nH]c2ccccc12)C(=O)NCc1ccccc1,4.552842140197754,False,4.715901498794556,459,96.63157894736842,0.5849056603773585,False,O=C(CCc1c(SSc2[nH]c3ccccc3c2CCC(=O)NCc2ccccc2)[nH]c2ccccc12)NCc1ccccc1,False,0
CHEMBL2047241,Nc1nc2c(c(Nc3ccc(F)cc3)n1)-c1ccccc1C2,3.5589334964752197,False,4.71001489215427,460,96.84210526315789,0.5102040816326531,False,c1ccc(Nc2ncnc3c2-c2ccccc2C3)cc1,False,0
CHEMBL291313,N#CC(C#N)=C1C(=O)Nc2ccc([N+](=O)[O-])cc21,4.397940158843994,False,4.666335376898448,461,97.05263157894737,0.4,False,C=C1C(=O)Nc2ccccc21,False,0
CHEMBL336174,NC(Cc1c(SSc2[nH]c3ccccc3c2CC(N)C(=O)NCc2ccccc2)[nH]c2ccccc12)C(=O)NCc1ccccc1,5.130768299102783,False,4.659368603229523,462,97.26315789473684,0.6458333333333334,False,O=C(CCc1c(SSc2[nH]c3ccccc3c2CCC(=O)NCc2ccccc2)[nH]c2ccccc12)NCc1ccccc1,False,0
CHEMBL3800448,CC(O)c1cccc(NC(=O)c2cc3ccccc3[nH]2)c1,4.4685211181640625,False,4.657135973771413,463,97.47368421052632,0.7777777777777778,False,O=C(Nc1ccccc1)c1cc2ccccc2[nH]1,False,0
CHEMBL55748,N#CC(C#N)=C1C(=O)Nc2ccc(O)cc21,4.951544761657715,False,4.627789302137163,464,97.6842105263158,0.45714285714285713,False,C=C1C(=O)Nc2ccccc21,False,0
CHEMBL155293,O=C(CCc1c(SSc2[nH]c3ccccc3c2CCC(=O)NCc2ccc(C(=O)O)cc2)[nH]c2ccccc12)NCc1ccc(C(=O)O)cc1,5.130768299102783,False,4.609436920483907,465,97.89473684210526,0.7346938775510204,False,O=C(CCc1c(SSc2[nH]c3ccccc3c2CCC(=O)NCc2ccccc2)[nH]c2ccccc12)NCc1ccccc1,False,0
CHEMBL157952,O=C(NCc1ccccc1)C(O)Cc1c(SSc2[nH]c3ccccc3c2CC(O)C(=O)NCc2ccccc2)[nH]c2ccccc12,4.853871822357178,False,4.602404394944509,466,98.10526315789474,0.6595744680851063,False,O=C(CCc1c(SSc2[nH]c3ccccc3c2CCC(=O)NCc2ccccc2)[nH]c2ccccc12)NCc1ccccc1,False,0
CHEMBL3797839,CC(=O)c1ccc(NC(=O)c2cc3ccccc3[nH]2)cc1,4.301030158996582,False,4.592363274892171,467,98.3157894736842,0.7560975609756098,False,O=C(Nc1ccccc1)c1cc2ccccc2[nH]1,False,0
CHEMBL3798556,CC(O)c1ccc(NC(=O)c2cc3ccccc3[nH]2)cc1,4.455932140350342,False,4.554479303359986,468,98.52631578947368,0.7674418604651163,False,O=C(Nc1ccccc1)c1cc2ccccc2[nH]1,False,0
CHEMBL3800262,CC(=O)c1cccc(NC(=O)c2cc3ccccc3[nH]2)c1,4.2441253662109375,False,4.5481653094291685,469,98.73684210526316,0.7857142857142857,False,O=C(Nc1ccccc1)c1cc2ccccc2[nH]1,False,0
CHEMBL154080,COC(=O)c1ccc(CNC(=O)CCc2c(SSc3[nH]c4ccccc4c3CCC(=O)NCc3ccc(C(=O)OC)cc3)[nH]c3ccccc23)cc1,4.3565473556518555,False,4.528700097401937,470,98.94736842105263,0.660377358490566,False,O=C(CCc1c(SSc2[nH]c3ccccc3c2CCC(=O)NCc2ccccc2)[nH]c2ccccc12)NCc1ccccc1,False,0
CHEMBL592240,O=C1CSC(NN=C2CCCCCCC2)=N1,4.568636417388916,False,4.522662669609463,471,99.15789473684211,1.0,False,O=C1CSC(NN=C2CCCCCCC2)=N1,False,0
CHEMBL521155,Nc1ncnc2c1ncn2CC(=O)c1c[nH]c2ccccc12,4.455932140350342,False,4.460214878718058,472,99.36842105263158,0.7169811320754716,False,O=C(Cn1cnc2cncnc21)c1c[nH]c2ccccc12,False,0
CHEMBL19978,O=C(Nc1ccccc1)NN1C(=O)c2c(c3c4cccc(O)c4n(C4OC(CO)C(O)C(O)C4O)c3c3[nH]c4c(O)cccc4c23)C1=O,4.022276401519775,False,4.2141666567325595,473,99.57894736842105,0.7534246575342466,False,O=C(Nc1ccccc1)NN1C(=O)c2c(c3c4ccccc4n(C4CCCCO4)c3c3[nH]c4ccccc4c23)C1=O,False,0
CHEMBL77381,N#C/C(=C/c1ccc[nH]1)C(=O)O,2.8664610385894775,False,3.666350387467278,474,99.78947368421052,0.5588235294117647,False,c1cc[nH]c1,False,0
CHEMBL310514,N#CC(C#N)=Cc1ccc[nH]1,3.585026741027832,False,3.2608286372820534,475,100.0,0.4411764705882353,False,c1cc[nH]c1,False,0
